Workbook
Name _P1: [1]钢轨桩计算!$C$10
Name _P1: [2]钢轨桩计算!$C$10
Name D0: [2]钢轨桩计算!$H$25
Name D0: [1]钢轨桩计算!$H$25
Name D0: [3]钢轨桩计算!$H$25
Name gj: #REF!
Name gjzj: #REF!
Name H: [2]钢轨桩计算!$C$2
Name H: [1]钢轨桩计算!$C$2
Name H: [3]钢轨桩计算!$C$2
Name jd: SIN(RADIANS([3]框架结构!$B$2))
Name name: [4]工字钢数据!$A$2:$A$3
Name subject: [4]工字钢数据!$B$1:$C$1
Name x: [5]后背钢轨桩计算!$J$16
Name y: [2]钢轨桩计算!$D$17
Name y: [1]钢轨桩计算!$D$17
Name y: [3]钢轨桩计算!$D$17
Name γ: [1]钢轨桩计算!$C$5
Name γ: [2]钢轨桩计算!$C$5
Name θ: [1]钢轨桩计算!$C$8
Name θ: [2]钢轨桩计算!$C$8
Name λ: [1]钢轨桩计算!$C$9
Name λ: [2]钢轨桩计算!$C$9
Name σh: [2]钢轨桩计算!$C$11
Name σh: [1]钢轨桩计算!$C$11
Name σh: [3]钢轨桩计算!$C$11
Name φ: [1]钢轨桩计算!$C$6
Name φ: [2]钢轨桩计算!$C$6
Name 边墙厚度: [3]框架结构!$C$10
Name 打入工作坑以下H: [2]钢轨桩计算!$C$3
Name 打入工作坑以下H: [1]钢轨桩计算!$C$3
Name 打入工作坑以下H: [3]钢轨桩计算!$C$3
Name 底板厚度: [3]框架结构!$C$9
Name 第1页________共1页: #REF!
Name 顶板厚度: [3]框架结构!$C$8
Name 钢筋直径: #REF!
Name 钢筋直径: #REF!
Name 钢筋直径: #REF!
Name 工字钢长度H: [1]钢轨桩计算!$C$2
Name 工字钢长度H: [2]钢轨桩计算!$C$2
Name 工作坑底面以上主动土动力P1: [1]钢轨桩计算!$C$10
Name 工作坑底面以上主动土动力P1: [2]钢轨桩计算!$C$10
Name 结构净高: [3]框架结构!$C$7
Name 结构总高: [3]框架结构!$C$4
Name 结构总宽: [3]框架结构!$C$3
Name 孔数: [2]框架结构!$F$1
Name 孔数: [1]框架结构!$F$1
Name 孔数: [3]框架结构!$F$1
Name 面坡斜度: #REF!
Name 内摩擦角φ: [1]钢轨桩计算!$C$6
Name 内摩擦角φ: [2]钢轨桩计算!$C$6
Name 破裂角θ: [1]钢轨桩计算!$C$8
Name 破裂角θ: [2]钢轨桩计算!$C$8
Name 刃角长度: [3]框架结构!$D$17
Name 填土高度h: [1]钢轨桩计算!$C$4
Name 填土高度h: [2]钢轨桩计算!$C$4
Name 土容重γ: [1]钢轨桩计算!$C$5
Name 土容重γ: [2]钢轨桩计算!$C$5
Name 推力系数λ: [1]钢轨桩计算!$C$9
Name 推力系数λ: [2]钢轨桩计算!$C$9

Sheet 机非分隔带2023.1
B1: U型槽 编号 | C1: L (cm) | D1: H起 (cm) | E1: H终 (cm) | F1: B (cm) | G1: T (cm) | H1: n | I1: e1 (cm) | J1: n1 | K1: d1 (cm) | L1: n2 | M1: d2 (cm) | N1: a (cm) | O1: m | P1: b (cm) | Q1: e2 (cm) | R1: 数量 | S1: h1 (cm) | T1: h2 (cm) | V1: h3 (cm) | W1: h4 (cm) | X1: n3 | Y1: d3 (cm) | Z1: n4 | AA1: d4 (cm) | AB1: a1 | AC1: 混凝土
A2: 14 | B2: ='0.结构参数'!A41 -> YU1 | C2: ='0.结构参数'!D41*100 -> 2000 | D2: ='0.结构参数'!O41*100 -> 241 | E2: ='0.结构参数'!P41*100 -> 256.022 | F2: 30 | G2: ='0.结构参数'!K41*100 -> 40 | H2: =ROUNDDOWN((C2-12.5)/12.5,0) -> 159 | I2: =ROUND((C2-H2*12.5)/2,2) -> 6.25 | J2: =L2 -> 5 | K2: =ROUND((S2-8-N2)/J2,1) -> 12.5 | L2: =ROUNDDOWN(((S2+T2)/2-8)/12.5,0) -> 5 | M2: =ROUND((T2-N2-8)/L2,1) -> 12.5 | N2: =(S2+T2)/2-8-L2*12.5 -> 10.5 | O2: 1 | P2: =(F2-Q2*2)/O2 -> 14 | Q2: 8 | R2: 1 | S2: =IF(('0.结构参数'!K5+0.2-'0.结构参数'!P5)<=0.81,0.81,('0.结构参数'!K5+0.2-'0.结构参数'!P5))*100 -> 81 | T2: =IF(('0.结构参数'!L5+0.2-'0.结构参数'!Q5)<=0.81,0.81,('0.结构参数'!L5+0.2-'0.结构参数'!Q5))*100 -> 81 | U2: =12.5-N2 -> 2 | V2: =('0.结构参数'!P5-'0.结构参数'!I5)*100 -> 160 | W2: =('0.结构参数'!Q5-'0.结构参数'!J5)*100 -> 175.022 | X2: =ROUNDDOWN(((V2+W2)/2-(12.5-N2))/12.5,0) -> 13 | Y2: =ROUND((V2-(12.5-N2)-AB2)/X2,1) -> 11.9 | Z2: =X2 -> 13 | AA2: =ROUND((W2-(12.5-N2)-AB2)/Z2,1) -> 13.1 | AB2: =(V2+W2)/2-(12.5-N2)-X2*12.5 -> 3.011 | AC2: =(((E2+D2)/2*F2)+(45*(V2+W2+81)/2-753)+((S2+T2)/2-81)*30)/10000*C2/100 -> 32.12565 | AD2: 净保护层 | AE2: 4
A3: 14 | B3: ='0.结构参数'!A42 -> YU2 | C3: ='0.结构参数'!D42*100 -> 2000 | D3: ='0.结构参数'!O42*100 -> 256.03 | E3: ='0.结构参数'!P42*100 -> 251.02 | F3: 30 | G3: ='0.结构参数'!K42*100 -> 40 | H3: =ROUNDDOWN((C3-12.5)/12.5,0) -> 159 | I3: =ROUND((C3-H3*12.5)/2,2) -> 6.25 | J3: =L3 -> 5 | K3: =ROUND((S3-8-N3)/J3,1) -> 12.5 | L3: =ROUNDDOWN(((S3+T3)/2-8)/12.5,0) -> 5 | M3: =ROUND((T3-N3-8)/L3,1) -> 12.5 | N3: =(S3+T3)/2-8-L3*12.5 -> 10.5 | O3: 1 | P3: =(F3-Q3*2)/O3 -> 14 | Q3: 8 | R3: 1 | S3: =IF(('0.结构参数'!K6+0.2-'0.结构参数'!P6)<=0.81,0.81,('0.结构参数'!K6+0.2-'0.结构参数'!P6))*100 -> 81 | T3: =IF(('0.结构参数'!L6+0.2-'0.结构参数'!Q6)<=0.81,0.81,('0.结构参数'!L6+0.2-'0.结构参数'!Q6))*100 -> 81 | U3: =12.5-N3 -> 2 | V3: =('0.结构参数'!P6-'0.结构参数'!I6)*100 -> 175.03 | W3: =('0.结构参数'!Q6-'0.结构参数'!J6)*100 -> 170.02 | X3: =ROUNDDOWN(((V3+W3)/2-(12.5-N3))/12.5,0) -> 13 | Y3: =ROUND((V3-(12.5-N3)-AB3)/X3,1) -> 12.7 | Z3: =X3 -> 13 | AA3: =ROUND((W3-(12.5-N3)-AB3)/Z3,1) -> 12.3 | AB3: =(V3+W3)/2-(12.5-N3)-X3*12.5 -> 8.025 | AC3: =(((E3+D3)/2*F3)+(45*(V3+W3+81)/2-753)+((S3+T3)/2-81)*30)/10000*C3/100 -> 32.87775
A4: 14 | B4: ='0.结构参数'!A43 -> YU3 | C4: ='0.结构参数'!D43*100 -> 2000 | D4: ='0.结构参数'!O43*100 -> 250.998 | E4: ='0.结构参数'!P43*100 -> 231.965 | F4: 30 | G4: ='0.结构参数'!K43*100 -> 50 | H4: =ROUNDDOWN((C4-12.5)/12.5,0) -> 159 | I4: =ROUND((C4-H4*12.5)/2,2) -> 6.25 | J4: =L4 -> 5 | K4: =ROUND((S4-8-N4)/J4,1) -> 12.5 | L4: =ROUNDDOWN(((S4+T4)/2-8)/12.5,0) -> 5 | M4: =ROUND((T4-N4-8)/L4,1) -> 12.5 | N4: =(S4+T4)/2-8-L4*12.5 -> 10.5 | O4: 1 | P4: =(F4-Q4*2)/O4 -> 14 | Q4: 8 | R4: 1 | S4: =IF(('0.结构参数'!K7+0.2-'0.结构参数'!P7)<=0.81,0.81,('0.结构参数'!K7+0.2-'0.结构参数'!P7))*100 -> 81 | T4: =IF(('0.结构参数'!L7+0.2-'0.结构参数'!Q7)<=0.81,0.81,('0.结构参数'!L7+0.2-'0.结构参数'!Q7))*100 -> 81 | U4: =12.5-N4 -> 2 | V4: =('0.结构参数'!P7-'0.结构参数'!I7)*100 -> 169.998 | W4: =('0.结构参数'!Q7-'0.结构参数'!J7)*100 -> 150.965 | X4: =ROUNDDOWN(((V4+W4)/2-(12.5-N4))/12.5,0) -> 12 | Y4: =ROUND((V4-(12.5-N4)-AB4)/X4,1) -> 13.3 | Z4: =X4 -> 12 | AA4: =ROUND((W4-(12.5-N4)-AB4)/Z4,1) -> 11.7 | AB4: =(V4+W4)/2-(12.5-N4)-X4*12.5 -> 8.4815 | AC4: =(((E4+D4)/2*F4)+(45*(V4+W4+81)/2-753)+((S4+T4)/2-81)*30)/10000*C4/100 -> 31.071225
A5: 14 | B5: ='0.结构参数'!A44 -> YU4 | C5: ='0.结构参数'!D44*100 -> 2000 | D5: ='0.结构参数'!O44*100 -> 231.936 | E5: ='0.结构参数'!P44*100 -> 223.911 | F5: 30 | G5: ='0.结构参数'!K44*100 -> 50 | H5: =ROUNDDOWN((C5-12.5)/12.5,0) -> 159 | I5: =ROUND((C5-H5*12.5)/2,2) -> 6.25 | J5: =L5 -> 6 | K5: =ROUND((S5-8-N5)/J5,1) -> 11.5 | L5: =ROUNDDOWN(((S5+T5)/2-8)/12.5,0) -> 6 | M5: =ROUND((T5-N5-8)/L5,1) -> 13.5 | N5: =(S5+T5)/2-8-L5*12.5 -> 3.757 | O5: 1 | P5: =(F5-Q5*2)/O5 -> 14 | Q5: 8 | R5: 1 | S5: =IF(('0.结构参数'!K8+0.2-'0.结构参数'!P8)<=0.81,0.81,('0.结构参数'!K8+0.2-'0.结构参数'!P8))*100 -> 81 | T5: =IF(('0.结构参数'!L8+0.2-'0.结构参数'!Q8)<=0.81,0.81,('0.结构参数'!L8+0.2-'0.结构参数'!Q8))*100 -> 92.514 | U5: =12.5-N5 -> 8.743 | V5: =('0.结构参数'!P8-'0.结构参数'!I8)*100 -> 150.936 | W5: =('0.结构参数'!Q8-'0.结构参数'!J8)*100 -> 131.397 | X5: =ROUNDDOWN(((V5+W5)/2-(12.5-N5))/12.5,0) -> 10 | Y5: =ROUND((V5-(12.5-N5)-AB5)/X5,1) -> 13.5 | Z5: =X5 -> 10 | AA5: =ROUND((W5-(12.5-N5)-AB5)/Z5,1) -> 11.5 | AB5: =(V5+W5)/2-(12.5-N5)-X5*12.5 -> 7.4235 | AC5: =(((E5+D5)/2*F5)+(45*(V5+W5+81)/2-753)+((S5+T5)/2-81)*30)/10000*C5/100 -> 28.864815
A6: 14 | B6: ='0.结构参数'!A45 -> YU5 | C6: ='0.结构参数'!D45*100 -> 2000 | D6: ='0.结构参数'!O45*100 -> 223.926 | E6: ='0.结构参数'!P45*100 -> 233.387 | F6: 30 | G6: ='0.结构参数'!K45*100 -> 60 | H6: =ROUNDDOWN((C6-12.5)/12.5,0) -> 159 | I6: =ROUND((C6-H6*12.5)/2,2) -> 6.25 | J6: =L6 -> 7 | K6: =ROUND((S6-8-N6)/J6,1) -> 10.4 | L6: =ROUNDDOWN(((S6+T6)/2-8)/12.5,0) -> 7 | M6: =ROUND((T6-N6-8)/L6,1) -> 14.6 | N6: =(S6+T6)/2-8-L6*12.5 -> 11.558 | O6: 1 | P6: =(F6-Q6*2)/O6 -> 14 | Q6: 8 | R6: 1 | S6: =IF(('0.结构参数'!K9+0.2-'0.结构参数'!P9)<=0.81,0.81,('0.结构参数'!K9+0.2-'0.结构参数'!P9))*100 -> 92.558 | T6: =IF(('0.结构参数'!L9+0.2-'0.结构参数'!Q9)<=0.81,0.81,('0.结构参数'!L9+0.2-'0.结构参数'!Q9))*100 -> 121.558 | U6: =12.5-N6 -> 0.942 | V6: =('0.结构参数'!P9-'0.结构参数'!I9)*100 -> 131.368 | W6: =('0.结构参数'!Q9-'0.结构参数'!J9)*100 -> 111.829 | X6: =ROUNDDOWN(((V6+W6)/2-(12.5-N6))/12.5,0) -> 9 | Y6: =ROUND((V6-(12.5-N6)-AB6)/X6,1) -> 13.6 | Z6: =X6 -> 9 | AA6: =ROUND((W6-(12.5-N6)-AB6)/Z6,1) -> 11.4 | AB6: =(V6+W6)/2-(12.5-N6)-X6*12.5 -> 8.1565 | AC6: =(((E6+D6)/2*F6)+(45*(V6+W6+81)/2-753)+((S6+T6)/2-81)*30)/10000*C6/100 -> 28.365735
A7: 14 | B7: ='0.结构参数'!A46 -> YU6 | C7: ='0.结构参数'!D46*100 -> 2000 | D7: ='0.结构参数'!O46*100 -> 233.428 | E7: ='0.结构参数'!P46*100 -> 261.196 | F7: 30 | G7: ='0.结构参数'!K46*100 -> 70 | H7: =ROUNDDOWN((C7-12.5)/12.5,0) -> 159 | I7: =ROUND((C7-H7*12.5)/2,2) -> 6.25 | J7: =L7 -> 10 | K7: =ROUND((S7-8-N7)/J7,1) -> 11.1 | L7: =ROUNDDOWN(((S7+T7)/2-8)/12.5,0) -> 10 | M7: =ROUND((T7-N7-8)/L7,1) -> 14 | N7: =(S7+T7)/2-8-L7*12.5 -> 3.101 | O7: 1 | P7: =(F7-Q7*2)/O7 -> 14 | Q7: 8 | R7: 1 | S7: =IF(('0.结构参数'!K10+0.2-'0.结构参数'!P10)<=0.81,0.81,('0.结构参数'!K10+0.2-'0.结构参数'!P10))*100 -> 121.601 | T7: =IF(('0.结构参数'!L10+0.2-'0.结构参数'!Q10)<=0.81,0.81,('0.结构参数'!L10+0.2-'0.结构参数'!Q10))*100 -> 150.601 | U7: =12.5-N7 -> 9.399 | V7: =('0.结构参数'!P10-'0.结构参数'!I10)*100 -> 111.827 | W7: =('0.结构参数'!Q10-'0.结构参数'!J10)*100 -> 110.595 | X7: =ROUNDDOWN(((V7+W7)/2-(12.5-N7))/12.5,0) -> 8 | Y7: =ROUND((V7-(12.5-N7)-AB7)/X7,1) -> 12.6 | Z7: =X7 -> 8 | AA7: =ROUND((W7-(12.5-N7)-AB7)/Z7,1) -> 12.4 | AB7: =(V7+W7)/2-(12.5-N7)-X7*12.5 -> 1.812 | AC7: =(((E7+D7)/2*F7)+(45*(V7+W7+81)/2-753)+((S7+T7)/2-81)*30)/10000*C7/100 -> 30.29277
A8: 14 | B8: ='0.结构参数'!A47 -> YU7 | C8: ='0.结构参数'!D47*100 -> 2000 | D8: ='0.结构参数'!O47*100 -> 261.238 | E8: ='0.结构参数'!P47*100 -> 289.005 | F8: 30 | G8: ='0.结构参数'!K47*100 -> 60 | H8: =ROUNDDOWN((C8-12.5)/12.5,0) -> 159 | I8: =ROUND((C8-H8*12.5)/2,2) -> 6.25 | J8: =L8 -> 12 | K8: =ROUND((S8-8-N8)/J8,1) -> 11.4 | L8: =ROUNDDOWN(((S8+T8)/2-8)/12.5,0) -> 12 | M8: =ROUND((T8-N8-8)/L8,1) -> 13.6 | N8: =(S8+T8)/2-8-L8*12.5 -> 5.6515 | O8: 1 | P8: =(F8-Q8*2)/O8 -> 14 | Q8: 8 | R8: 1 | S8: =IF(('0.结构参数'!K11+0.2-'0.结构参数'!P11)<=0.81,0.81,('0.结构参数'!K11+0.2-'0.结构参数'!P11))*100 -> 150.645 | T8: =IF(('0.结构参数'!L11+0.2-'0.结构参数'!Q11)<=0.81,0.81,('0.结构参数'!L11+0.2-'0.结构参数'!Q11))*100 -> 176.658 | U8: =12.5-N8 -> 6.8485 | V8: =('0.结构参数'!P11-'0.结构参数'!I11)*100 -> 110.593 | W8: =('0.结构参数'!Q11-'0.结构参数'!J11)*100 -> 112.347 | X8: =ROUNDDOWN(((V8+W8)/2-(12.5-N8))/12.5,0) -> 8 | Y8: =ROUND((V8-(12.5-N8)-AB8)/X8,1) -> 12.4 | Z8: =X8 -> 8 | AA8: =ROUND((W8-(12.5-N8)-AB8)/Z8,1) -> 12.6 | AB8: =(V8+W8)/2-(12.5-N8)-X8*12.5 -> 4.6215 | AC8: =(((E8+D8)/2*F8)+(45*(V8+W8+81)/2-753)+((S8+T8)/2-81)*30)/10000*C8/100 -> 33.63768
A9: 14 | B9: ='0.结构参数'!A48 -> YU8 | C9: ='0.结构参数'!D48*100 -> 2000 | D9: ='0.结构参数'!O48*100 -> 289.02 | E9: ='0.结构参数'!P48*100 -> 299.039 | F9: 30 | G9: ='0.结构参数'!K48*100 -> 80 | H9: =ROUNDDOWN((C9-12.5)/12.5,0) -> 159 | I9: =ROUND((C9-H9*12.5)/2,2) -> 6.25 | J9: =L9 -> 13 | K9: =ROUND((S9-8-N9)/J9,1) -> 12.3 | L9: =ROUNDDOWN(((S9+T9)/2-8)/12.5,0) -> 13 | M9: =ROUND((T9-N9-8)/L9,1) -> 12.7 | N9: =(S9+T9)/2-8-L9*12.5 -> 9.351 | O9: 1 | P9: =(F9-Q9*2)/O9 -> 14 | Q9: 8 | R9: 1 | S9: =IF(('0.结构参数'!K12+0.2-'0.结构参数'!P12)<=0.81,0.81,('0.结构参数'!K12+0.2-'0.结构参数'!P12))*100 -> 176.684 | T9: =IF(('0.结构参数'!L12+0.2-'0.结构参数'!Q12)<=0.81,0.81,('0.结构参数'!L12+0.2-'0.结构参数'!Q12))*100 -> 183.018 | U9: =12.5-N9 -> 3.149 | V9: =('0.结构参数'!P12-'0.结构参数'!I12)*100 -> 112.336 | W9: =('0.结构参数'!Q12-'0.结构参数'!J12)*100 -> 116.021 | X9: =ROUNDDOWN(((V9+W9)/2-(12.5-N9))/12.5,0) -> 8 | Y9: =ROUND((V9-(12.5-N9)-AB9)/X9,1) -> 12.3 | Z9: =X9 -> 8 | AA9: =ROUND((W9-(12.5-N9)-AB9)/Z9,1) -> 12.7 | AB9: =(V9+W9)/2-(12.5-N9)-X9*12.5 -> 11.0295 | AC9: =(((E9+D9)/2*F9)+(45*(V9+W9+81)/2-753)+((S9+T9)/2-81)*30)/10000*C9/100 -> 35.987895
A10: 16 | B10: ='0.结构参数'!A49 -> YU9 | C10: ='0.结构参数'!D49*100 -> 2000 | D10: ='0.结构参数'!O49*100 -> 299.054 | E10: ='0.结构参数'!P49*100 -> 319.029 | F10: 30 | G10: ='0.结构参数'!K49*100 -> 80 | H10: =ROUNDDOWN((C10-12.5)/12.5,0) -> 159 | I10: =ROUND((C10-H10*12.5)/2,2) -> 6.25 | J10: =L10 -> 13 | K10: =ROUND((S10-8-N10)/J10,1) -> 12.7 | L10: =ROUNDDOWN(((S10+T10)/2-8)/12.5,0) -> 13 | M10: =ROUND((T10-N10-8)/L10,1) -> 12.3 | N10: =(S10+T10)/2-8-L10*12.5 -> 9.5275 | O10: 1 | P10: =(F10-Q10*2)/O10 -> 14 | Q10: 8 | R10: 1 | S10: =IF(('0.结构参数'!K13+0.2-'0.结构参数'!P13)<=0.81,0.81,('0.结构参数'!K13+0.2-'0.结构参数'!P13))*100 -> 183.01 | T10: =IF(('0.结构参数'!L13+0.2-'0.结构参数'!Q13)<=0.81,0.81,('0.结构参数'!L13+0.2-'0.结构参数'!Q13))*100 -> 177.045 | U10: =12.5-N10 -> 2.9725 | V10: =('0.结构参数'!P13-'0.结构参数'!I13)*100 -> 116.044 | W10: =('0.结构参数'!Q13-'0.结构参数'!J13)*100 -> 141.984 | X10: =ROUNDDOWN(((V10+W10)/2-(12.5-N10))/12.5,0) -> 10 | Y10: =ROUND((V10-(12.5-N10)-AB10)/X10,1) -> 11.2 | Z10: =X10 -> 10 | AA10: =ROUND((W10-(12.5-N10)-AB10)/Z10,1) -> 13.8 | AB10: =(V10+W10)/2-(12.5-N10)-X10*12.5 -> 1.0415 | AC10: =(((E10+D10)/2*F10)+(45*(V10+W10+81)/2-753)+((S10+T10)/2-81)*30)/10000*C10/100 -> 38.2344
A11: 16 | B11: ='0.结构参数'!A50 -> YU10 | C11: ='0.结构参数'!D50*100 -> 2000 | D11: ='0.结构参数'!O50*100 -> 318.984 | E11: ='0.结构参数'!P50*100 -> 298.969 | F11: 30 | G11: ='0.结构参数'!K50*100 -> 80 | H11: =ROUNDDOWN((C11-12.5)/12.5,0) -> 159 | I11: =ROUND((C11-H11*12.5)/2,2) -> 6.25 | J11: =L11 -> 13 | K11: =ROUND((S11-8-N11)/J11,1) -> 12.8 | L11: =ROUNDDOWN(((S11+T11)/2-8)/12.5,0) -> 13 | M11: =ROUND((T11-N11-8)/L11,1) -> 12.2 | N11: =(S11+T11)/2-8-L11*12.5 -> 2.438 | O11: 1 | P11: =(F11-Q11*2)/O11 -> 14 | Q11: 8 | R11: 1 | S11: =IF(('0.结构参数'!K14+0.2-'0.结构参数'!P14)<=0.81,0.81,('0.结构参数'!K14+0.2-'0.结构参数'!P14))*100 -> 177.034 | T11: =IF(('0.结构参数'!L14+0.2-'0.结构参数'!Q14)<=0.81,0.81,('0.结构参数'!L14+0.2-'0.结构参数'!Q14))*100 -> 168.842 | U11: =12.5-N11 -> 10.062 | V11: =('0.结构参数'!P14-'0.结构参数'!I14)*100 -> 141.95 | W11: =('0.结构参数'!Q14-'0.结构参数'!J14)*100 -> 130.127 | X11: =ROUNDDOWN(((V11+W11)/2-(12.5-N11))/12.5,0) -> 10 | Y11: =ROUND((V11-(12.5-N11)-AB11)/X11,1) -> 13.1 | Z11: =X11 -> 10 | AA11: =ROUND((W11-(12.5-N11)-AB11)/Z11,1) -> 11.9 | AB11: =(V11+W11)/2-(12.5-N11)-X11*12.5 -> 0.9765 | AC11: =(((E11+D11)/2*F11)+(45*(V11+W11+81)/2-753)+((S11+T11)/2-81)*30)/10000*C11/100 -> 38.437335
A12: 20 | B12: ='0.结构参数'!A51 -> YU11 | C12: ='0.结构参数'!D51*100 -> 2000 | D12: ='0.结构参数'!O51*100 -> 362.58 | E12: ='0.结构参数'!P51*100 -> 309.149 | F12: 30 | G12: ='0.结构参数'!K51*100 -> 90 | H12: =ROUNDDOWN((C12-12.5)/12.5,0) -> 159 | I12: =ROUND((C12-H12*12.5)/2,2) -> 6.25 | J12: =L12 -> 12 | K12: =ROUND((S12-8-N12)/J12,1) -> 12.6 | L12: =ROUNDDOWN(((S12+T12)/2-8)/12.5,0) -> 12 | M12: =ROUND((T12-N12-8)/L12,1) -> 12.4 | N12: =(S12+T12)/2-8-L12*12.5 -> 4.3805 | O12: 1 | P12: =(F12-Q12*2)/O12 -> 14 | Q12: 8 | R12: 1 | S12: =IF(('0.结构参数'!K15+0.2-'0.结构参数'!P15)<=0.81,0.81,('0.结构参数'!K15+0.2-'0.结构参数'!P15))*100 -> 163.444 | T12: =IF(('0.结构参数'!L15+0.2-'0.结构参数'!Q15)<=0.81,0.81,('0.结构参数'!L15+0.2-'0.结构参数'!Q15))*100 -> 161.317 | U12: =12.5-N12 -> 8.1195 | V12: =('0.结构参数'!P15-'0.结构参数'!I15)*100 -> 199.136 | W12: =('0.结构参数'!Q15-'0.结构参数'!J15)*100 -> 147.832 | X12: =ROUNDDOWN(((V12+W12)/2-(12.5-N12))/12.5,0) -> 13 | Y12: =ROUND((V12-(12.5-N12)-AB12)/X12,1) -> 14.5 | Z12: =X12 -> 13 | AA12: =ROUND((W12-(12.5-N12)-AB12)/Z12,1) -> 10.5 | AB12: =(V12+W12)/2-(12.5-N12)-X12*12.5 -> 2.8645 | AC12: =(((E12+D12)/2*F12)+(45*(V12+W12+81)/2-753)+((S12+T12)/2-81)*30)/10000*C12/100 -> 42.78726
A13: 16 | B13: ='0.结构参数'!A52 -> YU12 | C13: ='0.结构参数'!D52*100 -> 2000 | D13: ='0.结构参数'!O52*100 -> 309.082 | E13: ='0.结构参数'!P52*100 -> 273.963 | F13: 30 | G13: ='0.结构参数'!K52*100 -> 70 | H13: =ROUNDDOWN((C13-12.5)/12.5,0) -> 159 | I13: =ROUND((C13-H13*12.5)/2,2) -> 6.25 | J13: =L13 -> 12 | K13: =ROUND((S13-8-N13)/J13,1) -> 12.7 | L13: =ROUNDDOWN(((S13+T13)/2-8)/12.5,0) -> 12 | M13: =ROUND((T13-N13-8)/L13,1) -> 12.3 | N13: =(S13+T13)/2-8-L13*12.5 -> 0.7525 | O13: 1 | P13: =(F13-Q13*2)/O13 -> 14 | Q13: 8 | R13: 1 | S13: =IF(('0.结构参数'!K16+0.2-'0.结构参数'!P16)<=0.81,0.81,('0.结构参数'!K16+0.2-'0.结构参数'!P16))*100 -> 161.311 | T13: =IF(('0.结构参数'!L16+0.2-'0.结构参数'!Q16)<=0.81,0.81,('0.结构参数'!L16+0.2-'0.结构参数'!Q16))*100 -> 156.194 | U13: =12.5-N13 -> 11.7475 | V13: =('0.结构参数'!P16-'0.结构参数'!I16)*100 -> 147.771 | W13: =('0.结构参数'!Q16-'0.结构参数'!J16)*100 -> 117.769 | X13: =ROUNDDOWN(((V13+W13)/2-(12.5-N13))/12.5,0) -> 9 | Y13: =ROUND((V13-(12.5-N13)-AB13)/X13,1) -> 14.2 | Z13: =X13 -> 9 | AA13: =ROUND((W13-(12.5-N13)-AB13)/Z13,1) -> 10.8 | AB13: =(V13+W13)/2-(12.5-N13)-X13*12.5 -> 8.5225 | AC13: =(((E13+D13)/2*F13)+(45*(V13+W13+81)/2-753)+((S13+T13)/2-81)*30)/10000*C13/100 -> 36.2448
A14: 14 | B14: ='0.结构参数'!A53 -> YU13 | C14: ='0.结构参数'!D53*100 -> 2000 | D14: ='0.结构参数'!O53*100 -> 273.925 | E14: ='0.结构参数'!P53*100 -> 257.327 | F14: 30 | G14: ='0.结构参数'!K53*100 -> 70 | H14: =ROUNDDOWN((C14-12.5)/12.5,0) -> 159 | I14: =ROUND((C14-H14*12.5)/2,2) -> 6.25 | J14: =L14 -> 11 | K14: =ROUND((S14-8-N14)/J14,1) -> 12.9 | L14: =ROUNDDOWN(((S14+T14)/2-8)/12.5,0) -> 11 | M14: =ROUND((T14-N14-8)/L14,1) -> 12.1 | N14: =(S14+T14)/2-8-L14*12.5 -> 6.258 | O14: 1 | P14: =(F14-Q14*2)/O14 -> 14 | Q14: 8 | R14: 1 | S14: =IF(('0.结构参数'!K17+0.2-'0.结构参数'!P17)<=0.81,0.81,('0.结构参数'!K17+0.2-'0.结构参数'!P17))*100 -> 156.184 | T14: =IF(('0.结构参数'!L17+0.2-'0.结构参数'!Q17)<=0.81,0.81,('0.结构参数'!L17+0.2-'0.结构参数'!Q17))*100 -> 147.332 | U14: =12.5-N14 -> 6.242 | V14: =('0.结构参数'!P17-'0.结构参数'!I17)*100 -> 117.741 | W14: =('0.结构参数'!Q17-'0.结构参数'!J17)*100 -> 109.995 | X14: =ROUNDDOWN(((V14+W14)/2-(12.5-N14))/12.5,0) -> 8 | Y14: =ROUND((V14-(12.5-N14)-AB14)/X14,1) -> 13 | Z14: =X14 -> 8 | AA14: =ROUND((W14-(12.5-N14)-AB14)/Z14,1) -> 12 | AB14: =(V14+W14)/2-(12.5-N14)-X14*12.5 -> 7.626 | AC14: =(((E14+D14)/2*F14)+(45*(V14+W14+81)/2-753)+((S14+T14)/2-81)*30)/10000*C14/100 -> 32.57016
... A20: 14 | B20: ='0.结构参数'!A59 -> YU19 | C20: ='0.结构参数'!D59*100 -> 1547.05 | D20: ='0.结构参数'!O59*100 -> 289.315 | E20: ='0.结构参数'!P59*100 -> 281 | F20: 30 | G20: ='0.结构参数'!K59*100 -> 40 | H20: =ROUNDDOWN((C20-12.5)/12.5,0) -> 122 | I20: =ROUND((C20-H20*12.5)/2,2) -> 11.03 | J20: =L20 -> 5 | K20: =ROUND((S20-8-N20)/J20,1) -> 12.5 | L20: =ROUNDDOWN(((S20+T20)/2-8)/12.5,0) -> 5 | M20: =ROUND((T20-N20-8)/L20,1) -> 12.5 | N20: =(S20+T20)/2-8-L20*12.5 -> 10.5 | O20: 1 | P20: =(F20-Q20*2)/O20 -> 14 | Q20: 8 | R20: 1 | S20: =IF(('0.结构参数'!K23+0.2-'0.结构参数'!P23)<=0.81,0.81,('0.结构参数'!K23+0.2-'0.结构参数'!P23))*100 -> 81 | T20: =IF(('0.结构参数'!L23+0.2-'0.结构参数'!Q23)<=0.81,0.81,('0.结构参数'!L23+0.2-'0.结构参数'!Q23))*100 -> 81 | U20: =12.5-N20 -> 2 | V20: =('0.结构参数'!P23-'0.结构参数'!I23)*100 -> 208.315 | W20: =('0.结构参数'!Q23-'0.结构参数'!J23)*100 -> 200 | X20: =ROUNDDOWN(((V20+W20)/2-(12.5-N20))/12.5,0) -> 16 | Y20: =ROUND((V20-(12.5-N20)-AB20)/X20,1) -> 12.8 | Z20: =X20 -> 16 | AA20: =ROUND((W20-(12.5-N20)-AB20)/Z20,1) -> 12.2 | AB20: =(V20+W20)/2-(12.5-N20)-X20*12.5 -> 2.1575 | AC20: =(((E20+D20)/2*F20)+(45*(V20+W20+81)/2-753)+((S20+T20)/2-81)*30)/10000*C20/100 -> 29.102041
B22: =B2 -> YU1 | C22: =VLOOKUP($B22,$B$2:$AB$21,2,0) -> 2000 | D22: =VLOOKUP($B22,$B$2:$AB$21,3,0) -> 241 | E22: =VLOOKUP($B22,$B$2:$AB$21,4,0) -> 256.022 | F22: =VLOOKUP($B22,$B$2:$AB$21,5,0) -> 30 | G22: =VLOOKUP($B22,$B$2:$AB$21,6,0) -> 40 | H22: =VLOOKUP($B22,$B$2:$AB$21,7,0) -> 159 | I22: =VLOOKUP($B22,$B$2:$AB$21,8,0) -> 6.25 | J22: =VLOOKUP($B22,$B$2:$AB$21,9,0) -> 5 | K22: =VLOOKUP($B22,$B$2:$AB$21,10,0) -> 12.5 | L22: =VLOOKUP($B22,$B$2:$AB$21,11,0) -> 5 | M22: =VLOOKUP($B22,$B$2:$AB$21,12,0) -> 12.5 | N22: =VLOOKUP($B22,$B$2:$AB$21,13,0) -> 10.5 | O22: =VLOOKUP($B22,$B$2:$AB$21,14,0) -> 1 | P22: =VLOOKUP($B22,$B$2:$AB$21,15,0) -> 14 | Q22: =VLOOKUP($B22,$B$2:$AB$21,16,0) -> 8 | R22: =VLOOKUP($B22,$B$2:$AB$21,17,0) -> 1 | S22: =VLOOKUP($B22,$B$2:$AB$21,18,0) -> 81 | T22: =VLOOKUP($B22,$B$2:$AB$21,19,0) -> 81 | U22: =VLOOKUP($B22,$B$2:$AB$21,20,0) -> 2 | V22: =VLOOKUP($B22,$B$2:$AB$21,21,0) -> 160 | W22: =VLOOKUP($B22,$B$2:$AB$21,22,0) -> 175.022 | X22: =VLOOKUP($B22,$B$2:$AB$21,23,0) -> 13 | Y22: =VLOOKUP($B22,$B$2:$AB$21,24,0) -> 11.9 | Z22: =VLOOKUP($B22,$B$2:$AB$21,25,0) -> 13 | AA22: =VLOOKUP($B22,$B$2:$AB$21,26,0) -> 13.1 | AB22: =VLOOKUP($B22,$B$2:$AB$21,27,0) -> 3.011
B23: =B22 -> YU1 | C23: 编号 | D23: 规格 | E23: 大样 | H23: 单根长 | I23: 根数 | J23: 总长 | K23: 每米重 | L23: 总重
E24: a | F24: b | G24: c | P24: d | Q24: e
C25: N1 | D25: =A2 -> 14 | E25: 22 | F25: =O25 -> 273~288 | G25: =ROUNDUP((IF(D25<26,10.927,11.212))*D25/10,1) -> 15.3 | H25: =(M25+N25)/2+E25+G25+P25 -> 409.6 | I25: =H22+1 -> 160 | J25: =H25*I25/100 -> 655.36 | K25: =ROUND(D25^2*PI()/4/1000000*7850,3) -> 1.208 | L25: =J25*K25 -> 791.67488 | M25: =ROUND((D22+G22-$AE$2*2),1) -> 273 | N25: =ROUND((E22+G22-2*$AE$2),1) -> 288 | O25: =ROUND(M25,1)&"~"&ROUND(N25,1) -> 273~288 | P25: =56.8+25*D25/10 -> 91.8 | Q25: =ROUND(R25,1)&"~"&ROUND(S25,1) -> 0~0 | R25: =S22-81 -> 0 | S25: =T22-81 -> 0
C26: N2 | D26: =D25 -> 14 | E26: =22.5+D26*25/10 -> 57.5 | F26: =O26 -> 202.5~217.5 | G26: =ROUNDUP((IF(D26<26,10.927,11.212))*D26/10,1) -> 15.3 | H26: =(M26+N26)/2+E26+G26 -> 282.8 | I26: =I25 -> 160 | J26: =H26*I26/100 -> 452.48 | K26: =ROUND(D26^2*PI()/4/1000000*7850,3) -> 1.208 | L26: =J26*K26 -> 546.59584 | M26: =ROUND((D22+G22-$AE$2*2-70.5),1) -> 202.5 | N26: =ROUND((E22+G22-2*$AE$2-70.5),1) -> 217.5 | O26: =ROUND(M26,1)&"~"&ROUND(N26,1) -> 202.5~217.5
C27: N3 | D27: =D25 -> 14 | E27: =F22-2*$AE$2 -> 22 | F27: =F25 -> 273~288 | G27: 0 | H27: =(M27+N27)+E27 -> 583 | I27: =I25 -> 160 | J27: =H27*I27/100 -> 932.8 | K27: =ROUND(D27^2*PI()/4/1000000*7850,3) -> 1.208 | L27: =J27*K27 -> 1126.8224 | M27: =M25 -> 273 | N27: =N25 -> 288
C28: N4 | D28: 14 | E28: 0 | F28: =ROUND(((C22-2*$AE$2)^2+(E22-D22)^2)^0.5,1) -> 1992.1 | G28: =ROUNDUP((IF(D28<26,10.927,11.212))*D28/10,0) -> 16 | H28: =F28+G28*2 -> 2024.1 | I28: =(J22+1+X22+1)*2+(O22+1)*2 -> 44 | J28: =H28*I28/100 -> 890.604 | K28: =ROUND(D28^2*PI()/4/1000000*7850,3) -> 1.208 | L28: =J28*K28 -> 1075.8496
C29: N5 | D29: 8 | E29: 0 | F29: =F22-2*$AE$2 -> 22 | G29: 11 | H29: =F29+G29 -> 33 | I29: =ROUNDUP(H22/2,0)*(L22+X22+1)/2 -> 760 | J29: =H29*I29/100 -> 250.8 | K29: =ROUND(D29^2*PI()/4/1000000*7850,3) -> 0.395 | L29: =J29*K29 -> 99.066
C30: N5-1 | D30: 8 | E30: 0 | F30: 22 | G30: 11 | H30: =F30+G30 -> 33 | I30: =ROUNDUP(H22/2,0)*(((L22+1)/2)-2) -> 80 | J30: =H30*I30/100 -> 26.4 | K30: =ROUND(D30^2*PI()/4/1000000*7850,3) -> 0.395 | L30: =J30*K30 -> 10.428
C31: N5-2 | D31: 8 | E31: 0 | F31: 25.7~28.3 | G31: 11 | H31: =(25.7+28.3)/2+G31 -> 38 | I31: =H22+1 -> 160 | J31: =H31*I31/100 -> 60.8 | K31: =ROUND(D31^2*PI()/4/1000000*7850,3) -> 0.395 | L31: =J31*K31 -> 24.016
C32: N5-3 | D32: 8 | E32: 0 | F32: =45-2*$AE$2 -> 37 | G32: 11 | H32: =F32+G32 -> 48 | I32: =ROUNDUP(H22/2,0)*X22/2 -> 520 | J32: =H32*I32/100 -> 249.6 | K32: =ROUND(D32^2*PI()/4/1000000*7850,3) -> 0.395 | L32: =J32*K32 -> 98.592
B33: 合计： | C33: HPB300钢筋： | E33: =SUM(L29:L32) -> 232.102 | G33: HRB400钢筋： | I33: =SUM(L25:L28) -> 3540.9428 | J33: c40混凝土： | L33: =AC2 -> 32.12565 | M33: =(E33+I33)/L33 -> 117.44649
B34: 全桥合计： | E34: =E33*R22 -> 232.102 | I34: =I33*R22 -> 3540.9428 | L34: =L33*R22 -> 32.12565
B36: =B3 -> YU2 | C36: =VLOOKUP($B36,$B$2:$AB$21,2,0) -> 2000 | D36: =VLOOKUP($B36,$B$2:$AB$21,3,0) -> 256.03 | E36: =VLOOKUP($B36,$B$2:$AB$21,4,0) -> 251.02 | F36: =VLOOKUP($B36,$B$2:$AB$21,5,0) -> 30 | G36: =VLOOKUP($B36,$B$2:$AB$21,6,0) -> 40 | H36: =VLOOKUP($B36,$B$2:$AB$21,7,0) -> 159 | I36: =VLOOKUP($B36,$B$2:$AB$21,8,0) -> 6.25 | J36: =VLOOKUP($B36,$B$2:$AB$21,9,0) -> 5 | K36: =VLOOKUP($B36,$B$2:$AB$21,10,0) -> 12.5 | L36: =VLOOKUP($B36,$B$2:$AB$21,11,0) -> 5 | M36: =VLOOKUP($B36,$B$2:$AB$21,12,0) -> 12.5 | N36: =VLOOKUP($B36,$B$2:$AB$21,13,0) -> 10.5 | O36: =VLOOKUP($B36,$B$2:$AB$21,14,0) -> 1 | P36: =VLOOKUP($B36,$B$2:$AB$21,15,0) -> 14 | Q36: =VLOOKUP($B36,$B$2:$AB$21,16,0) -> 8 | R36: =VLOOKUP($B36,$B$2:$AB$21,17,0) -> 1 | S36: =VLOOKUP($B36,$B$2:$AB$21,18,0) -> 81 | T36: =VLOOKUP($B36,$B$2:$AB$21,19,0) -> 81 | U36: =VLOOKUP($B36,$B$2:$AB$21,20,0) -> 2 | V36: =VLOOKUP($B36,$B$2:$AB$21,21,0) -> 175.03 | W36: =VLOOKUP($B36,$B$2:$AB$21,22,0) -> 170.02 | X36: =VLOOKUP($B36,$B$2:$AB$21,23,0) -> 13 | Y36: =VLOOKUP($B36,$B$2:$AB$21,24,0) -> 12.7 | Z36: =VLOOKUP($B36,$B$2:$AB$21,25,0) -> 13 | AA36: =VLOOKUP($B36,$B$2:$AB$21,26,0) -> 12.3 | AB36: =VLOOKUP($B36,$B$2:$AB$21,27,0) -> 8.025
B37: =B36 -> YU2 | C37: 编号 | D37: 规格 | E37: 大样 | H37: 单根长 | I37: 根数 | J37: 总长 | K37: 每米重 | L37: 总重
E38: a | F38: b | G38: c | P38: d | Q38: e
C39: N1 | D39: =A3 -> 14 | E39: 22 | F39: =O39 -> 288~283 | G39: =ROUNDUP((IF(D39<26,10.927,11.212))*D39/10,1) -> 15.3 | H39: =(M39+N39)/2+E39+G39+P39 -> 414.6 | I39: =H36+1 -> 160 | J39: =H39*I39/100 -> 663.36 | K39: =ROUND(D39^2*PI()/4/1000000*7850,3) -> 1.208 | L39: =J39*K39 -> 801.33888 | M39: =ROUND((D36+G36-$AE$2*2),1) -> 288 | N39: =ROUND((E36+G36-2*$AE$2),1) -> 283 | O39: =ROUND(M39,1)&"~"&ROUND(N39,1) -> 288~283 | P39: =56.8+25*D39/10 -> 91.8 | Q39: =ROUND(R39,1)&"~"&ROUND(S39,1) -> 0~0 | R39: =S36-81 -> 0 | S39: =T36-81 -> 0
C40: N2 | D40: =D39 -> 14 | E40: =22.5+D40*25/10 -> 57.5 | F40: =O40 -> 217.5~212.5 | G40: =ROUNDUP((IF(D40<26,10.927,11.212))*D40/10,1) -> 15.3 | H40: =(M40+N40)/2+E40+G40 -> 287.8 | I40: =I39 -> 160 | J40: =H40*I40/100 -> 460.48 | K40: =ROUND(D40^2*PI()/4/1000000*7850,3) -> 1.208 | L40: =J40*K40 -> 556.25984 | M40: =ROUND((D36+G36-$AE$2*2-70.5),1) -> 217.5 | N40: =ROUND((E36+G36-2*$AE$2-70.5),1) -> 212.5 | O40: =ROUND(M40,1)&"~"&ROUND(N40,1) -> 217.5~212.5
C41: N3 | D41: =D39 -> 14 | E41: =F36-2*$AE$2 -> 22 | F41: =F39 -> 288~283 | G41: 0 | H41: =(M41+N41)+E41 -> 593 | I41: =I39 -> 160 | J41: =H41*I41/100 -> 948.8 | K41: =ROUND(D41^2*PI()/4/1000000*7850,3) -> 1.208 | L41: =J41*K41 -> 1146.1504 | M41: =M39 -> 288 | N41: =N39 -> 283
C42: N4 | D42: 14 | E42: 0 | F42: =ROUND(((C36-2*$AE$2)^2+(E36-D36)^2)^0.5,1) -> 1992 | G42: =ROUNDUP((IF(D42<26,10.927,11.212))*D42/10,0) -> 16 | H42: =F42+G42*2 -> 2024 | I42: =(J36+1+X36+1)*2+(O36+1)*2 -> 44 | J42: =H42*I42/100 -> 890.56 | K42: =ROUND(D42^2*PI()/4/1000000*7850,3) -> 1.208 | L42: =J42*K42 -> 1075.7965
C43: N5 | D43: 8 | E43: 0 | F43: =F36-2*$AE$2 -> 22 | G43: 11 | H43: =F43+G43 -> 33 | I43: =ROUNDUP(H36/2,0)*(L36+X36+1)/2 -> 760 | J43: =H43*I43/100 -> 250.8 | K43: =ROUND(D43^2*PI()/4/1000000*7850,3) -> 0.395 | L43: =J43*K43 -> 99.066
C44: N5-1 | D44: 8 | E44: 0 | F44: 22 | G44: 11 | H44: =F44+G44 -> 33 | I44: =ROUNDUP(H36/2,0)*(((L36+1)/2)-2) -> 80 | J44: =H44*I44/100 -> 26.4 | K44: =ROUND(D44^2*PI()/4/1000000*7850,3) -> 0.395 | L44: =J44*K44 -> 10.428
C45: N5-2 | D45: 8 | E45: 0 | F45: 25.7~28.3 | G45: 11 | H45: =(25.7+28.3)/2+G45 -> 38 | I45: =H36+1 -> 160 | J45: =H45*I45/100 -> 60.8 | K45: =ROUND(D45^2*PI()/4/1000000*7850,3) -> 0.395 | L45: =J45*K45 -> 24.016
C46: N5-3 | D46: 8 | E46: 0 | F46: =45-2*$AE$2 -> 37 | G46: 11 | H46: =F46+G46 -> 48 | I46: =ROUNDUP(H36/2,0)*X36/2 -> 520 | J46: =H46*I46/100 -> 249.6 | K46: =ROUND(D46^2*PI()/4/1000000*7850,3) -> 0.395 | L46: =J46*K46 -> 98.592
B47: 合计： | C47: HPB300钢筋： | E47: =SUM(L43:L46) -> 232.102 | G47: HRB400钢筋： | I47: =SUM(L39:L42) -> 3579.5456 | J47: c40混凝土： | L47: =AC3 -> 32.87775 | M47: =(E47+I47)/L47 -> 115.93396
B48: 全桥合计： | E48: =E47*R36 -> 232.102 | I48: =I47*R36 -> 3579.5456 | L48: =L47*R36 -> 32.87775
B50: =B4 -> YU3 | C50: =VLOOKUP($B50,$B$2:$AB$21,2,0) -> 2000 | D50: =VLOOKUP($B50,$B$2:$AB$21,3,0) -> 250.998 | E50: =VLOOKUP($B50,$B$2:$AB$21,4,0) -> 231.965 | F50: =VLOOKUP($B50,$B$2:$AB$21,5,0) -> 30 | G50: =VLOOKUP($B50,$B$2:$AB$21,6,0) -> 50 | H50: =VLOOKUP($B50,$B$2:$AB$21,7,0) -> 159 | I50: =VLOOKUP($B50,$B$2:$AB$21,8,0) -> 6.25 | J50: =VLOOKUP($B50,$B$2:$AB$21,9,0) -> 5 | K50: =VLOOKUP($B50,$B$2:$AB$21,10,0) -> 12.5 | L50: =VLOOKUP($B50,$B$2:$AB$21,11,0) -> 5 | M50: =VLOOKUP($B50,$B$2:$AB$21,12,0) -> 12.5 | N50: =VLOOKUP($B50,$B$2:$AB$21,13,0) -> 10.5 | O50: =VLOOKUP($B50,$B$2:$AB$21,14,0) -> 1 | P50: =VLOOKUP($B50,$B$2:$AB$21,15,0) -> 14 | Q50: =VLOOKUP($B50,$B$2:$AB$21,16,0) -> 8 | R50: =VLOOKUP($B50,$B$2:$AB$21,17,0) -> 1 | S50: =VLOOKUP($B50,$B$2:$AB$21,18,0) -> 81 | T50: =VLOOKUP($B50,$B$2:$AB$21,19,0) -> 81 | U50: =VLOOKUP($B50,$B$2:$AB$21,20,0) -> 2 | V50: =VLOOKUP($B50,$B$2:$AB$21,21,0) -> 169.998 | W50: =VLOOKUP($B50,$B$2:$AB$21,22,0) -> 150.965 | X50: =VLOOKUP($B50,$B$2:$AB$21,23,0) -> 12 | Y50: =VLOOKUP($B50,$B$2:$AB$21,24,0) -> 13.3 | Z50: =VLOOKUP($B50,$B$2:$AB$21,25,0) -> 12 | AA50: =VLOOKUP($B50,$B$2:$AB$21,26,0) -> 11.7 | AB50: =VLOOKUP($B50,$B$2:$AB$21,27,0) -> 8.4815
B51: =B50 -> YU3 | C51: 编号 | D51: 规格 | E51: 大样 | H51: 单根长 | I51: 根数 | J51: 总长 | K51: 每米重 | L51: 总重
E52: a | F52: b | G52: c | P52: d | Q52: e
C53: N1 | D53: =A4 -> 14 | E53: 22 | F53: =O53 -> 293~274 | G53: =ROUNDUP((IF(D53<26,10.927,11.212))*D53/10,1) -> 15.3 | H53: =(M53+N53)/2+E53+G53+P53 -> 412.6 | I53: =H50+1 -> 160 | J53: =H53*I53/100 -> 660.16 | K53: =ROUND(D53^2*PI()/4/1000000*7850,3) -> 1.208 | L53: =J53*K53 -> 797.47328 | M53: =ROUND((D50+G50-$AE$2*2),1) -> 293 | N53: =ROUND((E50+G50-2*$AE$2),1) -> 274 | O53: =ROUND(M53,1)&"~"&ROUND(N53,1) -> 293~274 | P53: =56.8+25*D53/10 -> 91.8 | Q53: =ROUND(R53,1)&"~"&ROUND(S53,1) -> 0~0 | R53: =S50-81 -> 0 | S53: =T50-81 -> 0
C54: N2 | D54: =D53 -> 14 | E54: =22.5+D54*25/10 -> 57.5 | F54: =O54 -> 222.5~203.5 | G54: =ROUNDUP((IF(D54<26,10.927,11.212))*D54/10,1) -> 15.3 | H54: =(M54+N54)/2+E54+G54 -> 285.8 | I54: =I53 -> 160 | J54: =H54*I54/100 -> 457.28 | K54: =ROUND(D54^2*PI()/4/1000000*7850,3) -> 1.208 | L54: =J54*K54 -> 552.39424 | M54: =ROUND((D50+G50-$AE$2*2-70.5),1) -> 222.5 | N54: =ROUND((E50+G50-2*$AE$2-70.5),1) -> 203.5 | O54: =ROUND(M54,1)&"~"&ROUND(N54,1) -> 222.5~203.5
C55: N3 | D55: =D53 -> 14 | E55: =F50-2*$AE$2 -> 22 | F55: =F53 -> 293~274 | G55: 0 | H55: =(M55+N55)+E55 -> 589 | I55: =I53 -> 160 | J55: =H55*I55/100 -> 942.4 | K55: =ROUND(D55^2*PI()/4/1000000*7850,3) -> 1.208 | L55: =J55*K55 -> 1138.4192 | M55: =M53 -> 293 | N55: =N53 -> 274
C56: N4 | D56: 14 | E56: 0 | F56: =ROUND(((C50-2*$AE$2)^2+(E50-D50)^2)^0.5,1) -> 1992.1 | G56: =ROUNDUP((IF(D56<26,10.927,11.212))*D56/10,0) -> 16 | H56: =F56+G56*2 -> 2024.1 | I56: =(J50+1+X50+1)*2+(O50+1)*2 -> 42 | J56: =H56*I56/100 -> 850.122 | K56: =ROUND(D56^2*PI()/4/1000000*7850,3) -> 1.208 | L56: =J56*K56 -> 1026.9474
C57: N5 | D57: 8 | E57: 0 | F57: =F50-2*$AE$2 -> 22 | G57: 11 | H57: =F57+G57 -> 33 | I57: =ROUNDUP(H50/2,0)*(L50+X50+1)/2 -> 720 | J57: =H57*I57/100 -> 237.6 | K57: =ROUND(D57^2*PI()/4/1000000*7850,3) -> 0.395 | L57: =J57*K57 -> 93.852
C58: N5-1 | D58: 8 | E58: 0 | F58: 22 | G58: 11 | H58: =F58+G58 -> 33 | I58: =ROUNDUP(H50/2,0)*(((L50+1)/2)-2) -> 80 | J58: =H58*I58/100 -> 26.4 | K58: =ROUND(D58^2*PI()/4/1000000*7850,3) -> 0.395 | L58: =J58*K58 -> 10.428
C59: N5-2 | D59: 8 | E59: 0 | F59: 25.7~28.3 | G59: 11 | H59: =(25.7+28.3)/2+G59 -> 38 | I59: =H50+1 -> 160 | J59: =H59*I59/100 -> 60.8 | K59: =ROUND(D59^2*PI()/4/1000000*7850,3) -> 0.395 | L59: =J59*K59 -> 24.016
C60: N5-3 | D60: 8 | E60: 0 | F60: =45-2*$AE$2 -> 37 | G60: 11 | H60: =F60+G60 -> 48 | I60: =ROUNDUP(H50/2,0)*X50/2 -> 480 | J60: =H60*I60/100 -> 230.4 | K60: =ROUND(D60^2*PI()/4/1000000*7850,3) -> 0.395 | L60: =J60*K60 -> 91.008
B61: 合计： | C61: HPB300钢筋： | E61: =SUM(L57:L60) -> 219.304 | G61: HRB400钢筋： | I61: =SUM(L53:L56) -> 3515.2341 | J61: c40混凝土： | L61: =AC4 -> 31.071225 | M61: =(E61+I61)/L61 -> 120.19282
B62: 全桥合计： | E62: =E61*R50 -> 219.304 | I62: =I61*R50 -> 3515.2341 | L62: =L61*R50 -> 31.071225
B64: =B5 -> YU4 | C64: =VLOOKUP($B64,$B$2:$AB$21,2,0) -> 2000 | D64: =VLOOKUP($B64,$B$2:$AB$21,3,0) -> 231.936 | E64: =VLOOKUP($B64,$B$2:$AB$21,4,0) -> 223.911 | F64: =VLOOKUP($B64,$B$2:$AB$21,5,0) -> 30 | G64: =VLOOKUP($B64,$B$2:$AB$21,6,0) -> 50 | H64: =VLOOKUP($B64,$B$2:$AB$21,7,0) -> 159 | I64: =VLOOKUP($B64,$B$2:$AB$21,8,0) -> 6.25 | J64: =VLOOKUP($B64,$B$2:$AB$21,9,0) -> 6 | K64: =VLOOKUP($B64,$B$2:$AB$21,10,0) -> 11.5 | L64: =VLOOKUP($B64,$B$2:$AB$21,11,0) -> 6 | M64: =VLOOKUP($B64,$B$2:$AB$21,12,0) -> 13.5 | N64: =VLOOKUP($B64,$B$2:$AB$21,13,0) -> 3.757 | O64: =VLOOKUP($B64,$B$2:$AB$21,14,0) -> 1 | P64: =VLOOKUP($B64,$B$2:$AB$21,15,0) -> 14 | Q64: =VLOOKUP($B64,$B$2:$AB$21,16,0) -> 8 | R64: =VLOOKUP($B64,$B$2:$AB$21,17,0) -> 1 | S64: =VLOOKUP($B64,$B$2:$AB$21,18,0) -> 81 | T64: =VLOOKUP($B64,$B$2:$AB$21,19,0) -> 92.514 | U64: =VLOOKUP($B64,$B$2:$AB$21,20,0) -> 8.743 | V64: =VLOOKUP($B64,$B$2:$AB$21,21,0) -> 150.936 | W64: =VLOOKUP($B64,$B$2:$AB$21,22,0) -> 131.397 | X64: =VLOOKUP($B64,$B$2:$AB$21,23,0) -> 10 | Y64: =VLOOKUP($B64,$B$2:$AB$21,24,0) -> 13.5 | Z64: =VLOOKUP($B64,$B$2:$AB$21,25,0) -> 10 | AA64: =VLOOKUP($B64,$B$2:$AB$21,26,0) -> 11.5 | AB64: =VLOOKUP($B64,$B$2:$AB$21,27,0) -> 7.4235
B65: =B64 -> YU4 | C65: 编号 | D65: 规格 | E65: 大样 | H65: 单根长 | I65: 根数 | J65: 总长 | K65: 每米重 | L65: 总重
E66: a | F66: b | G66: c | P66: d | Q66: e
C67: N1 | D67: =A5 -> 14 | E67: 22 | F67: =O67 -> 273.9~265.9 | G67: =ROUNDUP((IF(D67<26,10.927,11.212))*D67/10,1) -> 15.3 | H67: =(M67+N67)/2+E67+G67+P67 -> 399 | I67: =H64+1 -> 160 | J67: =H67*I67/100 -> 638.4 | K67: =ROUND(D67^2*PI()/4/1000000*7850,3) -> 1.208 | L67: =J67*K67 -> 771.1872 | M67: =ROUND((D64+G64-$AE$2*2),1) -> 273.9 | N67: =ROUND((E64+G64-2*$AE$2),1) -> 265.9 | O67: =ROUND(M67,1)&"~"&ROUND(N67,1) -> 273.9~265.9 | P67: =56.8+25*D67/10 -> 91.8 | Q67: =ROUND(R67,1)&"~"&ROUND(S67,1) -> 0~11.5 | R67: =S64-81 -> 0 | S67: =T64-81 -> 11.514
C68: N2 | D68: =D67 -> 14 | E68: =22.5+D68*25/10 -> 57.5 | F68: =O68 -> 203.4~195.4 | G68: =ROUNDUP((IF(D68<26,10.927,11.212))*D68/10,1) -> 15.3 | H68: =(M68+N68)/2+E68+G68 -> 272.2 | I68: =I67 -> 160 | J68: =H68*I68/100 -> 435.52 | K68: =ROUND(D68^2*PI()/4/1000000*7850,3) -> 1.208 | L68: =J68*K68 -> 526.10816 | M68: =ROUND((D64+G64-$AE$2*2-70.5),1) -> 203.4 | N68: =ROUND((E64+G64-2*$AE$2-70.5),1) -> 195.4 | O68: =ROUND(M68,1)&"~"&ROUND(N68,1) -> 203.4~195.4
C69: N3 | D69: =D67 -> 14 | E69: =F64-2*$AE$2 -> 22 | F69: =F67 -> 273.9~265.9 | G69: 0 | H69: =(M69+N69)+E69 -> 561.8 | I69: =I67 -> 160 | J69: =H69*I69/100 -> 898.88 | K69: =ROUND(D69^2*PI()/4/1000000*7850,3) -> 1.208 | L69: =J69*K69 -> 1085.847 | M69: =M67 -> 273.9 | N69: =N67 -> 265.9
C70: N4 | D70: 14 | E70: 0 | F70: =ROUND(((C64-2*$AE$2)^2+(E64-D64)^2)^0.5,1) -> 1992 | G70: =ROUNDUP((IF(D70<26,10.927,11.212))*D70/10,0) -> 16 | H70: =F70+G70*2 -> 2024 | I70: =(J64+1+X64+1)*2+(O64+1)*2 -> 40 | J70: =H70*I70/100 -> 809.6 | K70: =ROUND(D70^2*PI()/4/1000000*7850,3) -> 1.208 | L70: =J70*K70 -> 977.9968
C71: N5 | D71: 8 | E71: 0 | F71: =F64-2*$AE$2 -> 22 | G71: 11 | H71: =F71+G71 -> 33 | I71: =ROUNDUP(H64/2,0)*(L64+X64+1)/2 -> 680 | J71: =H71*I71/100 -> 224.4 | K71: =ROUND(D71^2*PI()/4/1000000*7850,3) -> 0.395 | L71: =J71*K71 -> 88.638
C72: N5-1 | D72: 8 | E72: 0 | F72: 22 | G72: 11 | H72: =F72+G72 -> 33 | I72: =ROUNDUP(H64/2,0)*(((L64+1)/2)-2) -> 120 | J72: =H72*I72/100 -> 39.6 | K72: =ROUND(D72^2*PI()/4/1000000*7850,3) -> 0.395 | L72: =J72*K72 -> 15.642
C73: N5-2 | D73: 8 | E73: 0 | F73: 25.7~28.3 | G73: 11 | H73: =(25.7+28.3)/2+G73 -> 38 | I73: =H64+1 -> 160 | J73: =H73*I73/100 -> 60.8 | K73: =ROUND(D73^2*PI()/4/1000000*7850,3) -> 0.395 | L73: =J73*K73 -> 24.016
C74: N5-3 | D74: 8 | E74: 0 | F74: =45-2*$AE$2 -> 37 | G74: 11 | H74: =F74+G74 -> 48 | I74: =ROUNDUP(H64/2,0)*X64/2 -> 400 | J74: =H74*I74/100 -> 192 | K74: =ROUND(D74^2*PI()/4/1000000*7850,3) -> 0.395 | L74: =J74*K74 -> 75.84
B75: 合计： | C75: HPB300钢筋： | E75: =SUM(L71:L74) -> 204.136 | G75: HRB400钢筋： | I75: =SUM(L67:L70) -> 3361.1392 | J75: c40混凝土： | L75: =AC5 -> 28.864815 | M75: =(E75+I75)/L75 -> 123.5163
B76: 全桥合计： | E76: =E75*R64 -> 204.136 | I76: =I75*R64 -> 3361.1392 | L76: =L75*R64 -> 28.864815
B78: =B6 -> YU5 | C78: =VLOOKUP($B78,$B$2:$AB$21,2,0) -> 2000 | D78: =VLOOKUP($B78,$B$2:$AB$21,3,0) -> 223.926 | E78: =VLOOKUP($B78,$B$2:$AB$21,4,0) -> 233.387 | F78: =VLOOKUP($B78,$B$2:$AB$21,5,0) -> 30 | G78: =VLOOKUP($B78,$B$2:$AB$21,6,0) -> 60 | H78: =VLOOKUP($B78,$B$2:$AB$21,7,0) -> 159 | I78: =VLOOKUP($B78,$B$2:$AB$21,8,0) -> 6.25 | J78: =VLOOKUP($B78,$B$2:$AB$21,9,0) -> 7 | K78: =VLOOKUP($B78,$B$2:$AB$21,10,0) -> 10.4 | L78: =VLOOKUP($B78,$B$2:$AB$21,11,0) -> 7 | M78: =VLOOKUP($B78,$B$2:$AB$21,12,0) -> 14.6 | N78: =VLOOKUP($B78,$B$2:$AB$21,13,0) -> 11.558 | O78: =VLOOKUP($B78,$B$2:$AB$21,14,0) -> 1 | P78: =VLOOKUP($B78,$B$2:$AB$21,15,0) -> 14 | Q78: =VLOOKUP($B78,$B$2:$AB$21,16,0) -> 8 | R78: =VLOOKUP($B78,$B$2:$AB$21,17,0) -> 1 | S78: =VLOOKUP($B78,$B$2:$AB$21,18,0) -> 92.558 | T78: =VLOOKUP($B78,$B$2:$AB$21,19,0) -> 121.558 | U78: =VLOOKUP($B78,$B$2:$AB$21,20,0) -> 0.942 | V78: =VLOOKUP($B78,$B$2:$AB$21,21,0) -> 131.368 | W78: =VLOOKUP($B78,$B$2:$AB$21,22,0) -> 111.829 | X78: =VLOOKUP($B78,$B$2:$AB$21,23,0) -> 9 | Y78: =VLOOKUP($B78,$B$2:$AB$21,24,0) -> 13.6 | Z78: =VLOOKUP($B78,$B$2:$AB$21,25,0) -> 9 | AA78: =VLOOKUP($B78,$B$2:$AB$21,26,0) -> 11.4 | AB78: =VLOOKUP($B78,$B$2:$AB$21,27,0) -> 8.1565
B79: =B78 -> YU5 | C79: 编号 | D79: 规格 | E79: 大样 | H79: 单根长 | I79: 根数 | J79: 总长 | K79: 每米重 | L79: 总重
E80: a | F80: b | G80: c | P80: d | Q80: e
C81: N1 | D81: =A6 -> 14 | E81: 22 | F81: =O81 -> 275.9~285.4 | G81: =ROUNDUP((IF(D81<26,10.927,11.212))*D81/10,1) -> 15.3 | H81: =(M81+N81)/2+E81+G81+P81 -> 409.75 | I81: =H78+1 -> 160 | J81: =H81*I81/100 -> 655.6 | K81: =ROUND(D81^2*PI()/4/1000000*7850,3) -> 1.208 | L81: =J81*K81 -> 791.9648 | M81: =ROUND((D78+G78-$AE$2*2),1) -> 275.9 | N81: =ROUND((E78+G78-2*$AE$2),1) -> 285.4 | O81: =ROUND(M81,1)&"~"&ROUND(N81,1) -> 275.9~285.4 | P81: =56.8+25*D81/10 -> 91.8 | Q81: =ROUND(R81,1)&"~"&ROUND(S81,1) -> 11.6~40.6 | R81: =S78-81 -> 11.558 | S81: =T78-81 -> 40.558
C82: N2 | D82: =D81 -> 14 | E82: =22.5+D82*25/10 -> 57.5 | F82: =O82 -> 205.4~214.9 | G82: =ROUNDUP((IF(D82<26,10.927,11.212))*D82/10,1) -> 15.3 | H82: =(M82+N82)/2+E82+G82 -> 282.95 | I82: =I81 -> 160 | J82: =H82*I82/100 -> 452.72 | K82: =ROUND(D82^2*PI()/4/1000000*7850,3) -> 1.208 | L82: =J82*K82 -> 546.88576 | M82: =ROUND((D78+G78-$AE$2*2-70.5),1) -> 205.4 | N82: =ROUND((E78+G78-2*$AE$2-70.5),1) -> 214.9 | O82: =ROUND(M82,1)&"~"&ROUND(N82,1) -> 205.4~214.9
C83: N3 | D83: =D81 -> 14 | E83: =F78-2*$AE$2 -> 22 | F83: =F81 -> 275.9~285.4 | G83: 0 | H83: =(M83+N83)+E83 -> 583.3 | I83: =I81 -> 160 | J83: =H83*I83/100 -> 933.28 | K83: =ROUND(D83^2*PI()/4/1000000*7850,3) -> 1.208 | L83: =J83*K83 -> 1127.4022 | M83: =M81 -> 275.9 | N83: =N81 -> 285.4
C84: N4 | D84: 14 | E84: 0 | F84: =ROUND(((C78-2*$AE$2)^2+(E78-D78)^2)^0.5,1) -> 1992 | G84: =ROUNDUP((IF(D84<26,10.927,11.212))*D84/10,0) -> 16 | H84: =F84+G84*2 -> 2024 | I84: =(J78+1+X78+1)*2+(O78+1)*2 -> 40 | J84: =H84*I84/100 -> 809.6 | K84: =ROUND(D84^2*PI()/4/1000000*7850,3) -> 1.208 | L84: =J84*K84 -> 977.9968
C85: N5 | D85: 8 | E85: 0 | F85: =F78-2*$AE$2 -> 22 | G85: 11 | H85: =F85+G85 -> 33 | I85: =ROUNDUP(H78/2,0)*(L78+X78+1)/2 -> 680 | J85: =H85*I85/100 -> 224.4 | K85: =ROUND(D85^2*PI()/4/1000000*7850,3) -> 0.395 | L85: =J85*K85 -> 88.638
C86: N5-1 | D86: 8 | E86: 0 | F86: 22 | G86: 11 | H86: =F86+G86 -> 33 | I86: =ROUNDUP(H78/2,0)*(((L78+1)/2)-2) -> 160 | J86: =H86*I86/100 -> 52.8 | K86: =ROUND(D86^2*PI()/4/1000000*7850,3) -> 0.395 | L86: =J86*K86 -> 20.856
C87: N5-2 | D87: 8 | E87: 0 | F87: 25.7~28.3 | G87: 11 | H87: =(25.7+28.3)/2+G87 -> 38 | I87: =H78+1 -> 160 | J87: =H87*I87/100 -> 60.8 | K87: =ROUND(D87^2*PI()/4/1000000*7850,3) -> 0.395 | L87: =J87*K87 -> 24.016
C88: N5-3 | D88: 8 | E88: 0 | F88: =45-2*$AE$2 -> 37 | G88: 11 | H88: =F88+G88 -> 48 | I88: =ROUNDUP(H78/2,0)*X78/2 -> 360 | J88: =H88*I88/100 -> 172.8 | K88: =ROUND(D88^2*PI()/4/1000000*7850,3) -> 0.395 | L88: =J88*K88 -> 68.256
B89: 合计： | C89: HPB300钢筋： | E89: =SUM(L85:L88) -> 201.766 | G89: HRB400钢筋： | I89: =SUM(L81:L84) -> 3444.2496 | J89: c40混凝土： | L89: =AC6 -> 28.365735 | M89: =(E89+I89)/L89 -> 128.53591
B90: 全桥合计： | E90: =E89*R78 -> 201.766 | I90: =I89*R78 -> 3444.2496 | L90: =L89*R78 -> 28.365735
B92: =B7 -> YU6 | C92: =VLOOKUP($B92,$B$2:$AB$21,2,0) -> 2000 | D92: =VLOOKUP($B92,$B$2:$AB$21,3,0) -> 233.428 | E92: =VLOOKUP($B92,$B$2:$AB$21,4,0) -> 261.196 | F92: =VLOOKUP($B92,$B$2:$AB$21,5,0) -> 30 | G92: =VLOOKUP($B92,$B$2:$AB$21,6,0) -> 70 | H92: =VLOOKUP($B92,$B$2:$AB$21,7,0) -> 159 | I92: =VLOOKUP($B92,$B$2:$AB$21,8,0) -> 6.25 | J92: =VLOOKUP($B92,$B$2:$AB$21,9,0) -> 10 | K92: =VLOOKUP($B92,$B$2:$AB$21,10,0) -> 11.1 | L92: =VLOOKUP($B92,$B$2:$AB$21,11,0) -> 10 | M92: =VLOOKUP($B92,$B$2:$AB$21,12,0) -> 14 | N92: =VLOOKUP($B92,$B$2:$AB$21,13,0) -> 3.101 | O92: =VLOOKUP($B92,$B$2:$AB$21,14,0) -> 1 | P92: =VLOOKUP($B92,$B$2:$AB$21,15,0) -> 14 | Q92: =VLOOKUP($B92,$B$2:$AB$21,16,0) -> 8 | R92: =VLOOKUP($B92,$B$2:$AB$21,17,0) -> 1 | S92: =VLOOKUP($B92,$B$2:$AB$21,18,0) -> 121.601 | T92: =VLOOKUP($B92,$B$2:$AB$21,19,0) -> 150.601 | U92: =VLOOKUP($B92,$B$2:$AB$21,20,0) -> 9.399 | V92: =VLOOKUP($B92,$B$2:$AB$21,21,0) -> 111.827 | W92: =VLOOKUP($B92,$B$2:$AB$21,22,0) -> 110.595 | X92: =VLOOKUP($B92,$B$2:$AB$21,23,0) -> 8 | Y92: =VLOOKUP($B92,$B$2:$AB$21,24,0) -> 12.6 | Z92: =VLOOKUP($B92,$B$2:$AB$21,25,0) -> 8 | AA92: =VLOOKUP($B92,$B$2:$AB$21,26,0) -> 12.4 | AB92: =VLOOKUP($B92,$B$2:$AB$21,27,0) -> 1.812
B93: =B92 -> YU6 | C93: 编号 | D93: 规格 | E93: 大样 | H93: 单根长 | I93: 根数 | J93: 总长 | K93: 每米重 | L93: 总重
E94: a | F94: b | G94: c | P94: d | Q94: e
C95: N1 | D95: =A7 -> 14 | E95: 22 | F95: =O95 -> 295.4~323.2 | G95: =ROUNDUP((IF(D95<26,10.927,11.212))*D95/10,1) -> 15.3 | H95: =(M95+N95)/2+E95+G95+P95 -> 438.4 | I95: =H92+1 -> 160 | J95: =H95*I95/100 -> 701.44 | K95: =ROUND(D95^2*PI()/4/1000000*7850,3) -> 1.208 | L95: =J95*K95 -> 847.33952 | M95: =ROUND((D92+G92-$AE$2*2),1) -> 295.4 | N95: =ROUND((E92+G92-2*$AE$2),1) -> 323.2 | O95: =ROUND(M95,1)&"~"&ROUND(N95,1) -> 295.4~323.2 | P95: =56.8+25*D95/10 -> 91.8 | Q95: =ROUND(R95,1)&"~"&ROUND(S95,1) -> 40.6~69.6 | R95: =S92-81 -> 40.601 | S95: =T92-81 -> 69.601
C96: N2 | D96: =D95 -> 14 | E96: =22.5+D96*25/10 -> 57.5 | F96: =O96 -> 224.9~252.7 | G96: =ROUNDUP((IF(D96<26,10.927,11.212))*D96/10,1) -> 15.3 | H96: =(M96+N96)/2+E96+G96 -> 311.6 | I96: =I95 -> 160 | J96: =H96*I96/100 -> 498.56 | K96: =ROUND(D96^2*PI()/4/1000000*7850,3) -> 1.208 | L96: =J96*K96 -> 602.26048 | M96: =ROUND((D92+G92-$AE$2*2-70.5),1) -> 224.9 | N96: =ROUND((E92+G92-2*$AE$2-70.5),1) -> 252.7 | O96: =ROUND(M96,1)&"~"&ROUND(N96,1) -> 224.9~252.7
C97: N3 | D97: =D95 -> 14 | E97: =F92-2*$AE$2 -> 22 | F97: =F95 -> 295.4~323.2 | G97: 0 | H97: =(M97+N97)+E97 -> 640.6 | I97: =I95 -> 160 | J97: =H97*I97/100 -> 1024.96 | K97: =ROUND(D97^2*PI()/4/1000000*7850,3) -> 1.208 | L97: =J97*K97 -> 1238.1517 | M97: =M95 -> 295.4 | N97: =N95 -> 323.2
C98: N4 | D98: 14 | E98: 0 | F98: =ROUND(((C92-2*$AE$2)^2+(E92-D92)^2)^0.5,1) -> 1992.2 | G98: =ROUNDUP((IF(D98<26,10.927,11.212))*D98/10,0) -> 16 | H98: =F98+G98*2 -> 2024.2 | I98: =(J92+1+X92+1)*2+(O92+1)*2 -> 44 | J98: =H98*I98/100 -> 890.648 | K98: =ROUND(D98^2*PI()/4/1000000*7850,3) -> 1.208 | L98: =J98*K98 -> 1075.9028
C99: N5 | D99: 8 | E99: 0 | F99: =F92-2*$AE$2 -> 22 | G99: 11 | H99: =F99+G99 -> 33 | I99: =ROUNDUP(H92/2,0)*(L92+X92+1)/2 -> 760 | J99: =H99*I99/100 -> 250.8 | K99: =ROUND(D99^2*PI()/4/1000000*7850,3) -> 0.395 | L99: =J99*K99 -> 99.066
C100: N5-1 | D100: 8 | E100: 0 | F100: 22 | G100: 11 | H100: =F100+G100 -> 33 | I100: =ROUNDUP(H92/2,0)*(((L92+1)/2)-2) -> 280 | J100: =H100*I100/100 -> 92.4 | K100: =ROUND(D100^2*PI()/4/1000000*7850,3) -> 0.395 | L100: =J100*K100 -> 36.498
C101: N5-2 | D101: 8 | E101: 0 | F101: 25.7~28.3 | G101: 11 | H101: =(25.7+28.3)/2+G101 -> 38 | I101: =H92+1 -> 160 | J101: =H101*I101/100 -> 60.8 | K101: =ROUND(D101^2*PI()/4/1000000*7850,3) -> 0.395 | L101: =J101*K101 -> 24.016
C102: N5-3 | D102: 8 | E102: 0 | F102: =45-2*$AE$2 -> 37 | G102: 11 | H102: =F102+G102 -> 48 | I102: =ROUNDUP(H92/2,0)*X92/2 -> 320 | J102: =H102*I102/100 -> 153.6 | K102: =ROUND(D102^2*PI()/4/1000000*7850,3) -> 0.395 | L102: =J102*K102 -> 60.672
B103: 合计： | C103: HPB300钢筋： | E103: =SUM(L99:L102) -> 220.252 | G103: HRB400钢筋： | I103: =SUM(L95:L98) -> 3763.6545 | J103: c40混凝土： | L103: =AC7 -> 30.29277 | M103: =(E103+I103)/L103 -> 131.51344
B104: 全桥合计： | E104: =E103*R92 -> 220.252 | I104: =I103*R92 -> 3763.6545 | L104: =L103*R92 -> 30.29277
B106: =B8 -> YU7 | C106: =VLOOKUP($B106,$B$2:$AB$21,2,0) -> 2000 | D106: =VLOOKUP($B106,$B$2:$AB$21,3,0) -> 261.238 | E106: =VLOOKUP($B106,$B$2:$AB$21,4,0) -> 289.005 | F106: =VLOOKUP($B106,$B$2:$AB$21,5,0) -> 30 | G106: =VLOOKUP($B106,$B$2:$AB$21,6,0) -> 60 | H106: =VLOOKUP($B106,$B$2:$AB$21,7,0) -> 159 | I106: =VLOOKUP($B106,$B$2:$AB$21,8,0) -> 6.25 | J106: =VLOOKUP($B106,$B$2:$AB$21,9,0) -> 12 | K106: =VLOOKUP($B106,$B$2:$AB$21,10,0) -> 11.4 | L106: =VLOOKUP($B106,$B$2:$AB$21,11,0) -> 12 | M106: =VLOOKUP($B106,$B$2:$AB$21,12,0) -> 13.6 | N106: =VLOOKUP($B106,$B$2:$AB$21,13,0) -> 5.6515 | O106: =VLOOKUP($B106,$B$2:$AB$21,14,0) -> 1 | P106: =VLOOKUP($B106,$B$2:$AB$21,15,0) -> 14 | Q106: =VLOOKUP($B106,$B$2:$AB$21,16,0) -> 8 | R106: =VLOOKUP($B106,$B$2:$AB$21,17,0) -> 1 | S106: =VLOOKUP($B106,$B$2:$AB$21,18,0) -> 150.645 | T106: =VLOOKUP($B106,$B$2:$AB$21,19,0) -> 176.658 | U106: =VLOOKUP($B106,$B$2:$AB$21,20,0) -> 6.8485 | V106: =VLOOKUP($B106,$B$2:$AB$21,21,0) -> 110.593 | W106: =VLOOKUP($B106,$B$2:$AB$21,22,0) -> 112.347 | X106: =VLOOKUP($B106,$B$2:$AB$21,23,0) -> 8 | Y106: =VLOOKUP($B106,$B$2:$AB$21,24,0) -> 12.4 | Z106: =VLOOKUP($B106,$B$2:$AB$21,25,0) -> 8 | AA106: =VLOOKUP($B106,$B$2:$AB$21,26,0) -> 12.6 | AB106: =VLOOKUP($B106,$B$2:$AB$21,27,0) -> 4.6215
B107: =B106 -> YU7 | C107: 编号 | D107: 规格 | E107: 大样 | H107: 单根长 | I107: 根数 | J107: 总长 | K107: 每米重 | L107: 总重
E108: a | F108: b | G108: c | P108: d | Q108: e
C109: N1 | D109: =A8 -> 14 | E109: 22 | F109: =O109 -> 313.2~341 | G109: =ROUNDUP((IF(D109<26,10.927,11.212))*D109/10,1) -> 15.3 | H109: =(M109+N109)/2+E109+G109+P109 -> 456.2 | I109: =H106+1 -> 160 | J109: =H109*I109/100 -> 729.92 | K109: =ROUND(D109^2*PI()/4/1000000*7850,3) -> 1.208 | L109: =J109*K109 -> 881.74336 | M109: =ROUND((D106+G106-$AE$2*2),1) -> 313.2 | N109: =ROUND((E106+G106-2*$AE$2),1) -> 341 | O109: =ROUND(M109,1)&"~"&ROUND(N109,1) -> 313.2~341 | P109: =56.8+25*D109/10 -> 91.8 | Q109: =ROUND(R109,1)&"~"&ROUND(S109,1) -> 69.6~95.7 | R109: =S106-81 -> 69.645 | S109: =T106-81 -> 95.658
C110: N2 | D110: =D109 -> 14 | E110: =22.5+D110*25/10 -> 57.5 | F110: =O110 -> 242.7~270.5 | G110: =ROUNDUP((IF(D110<26,10.927,11.212))*D110/10,1) -> 15.3 | H110: =(M110+N110)/2+E110+G110 -> 329.4 | I110: =I109 -> 160 | J110: =H110*I110/100 -> 527.04 | K110: =ROUND(D110^2*PI()/4/1000000*7850,3) -> 1.208 | L110: =J110*K110 -> 636.66432 | M110: =ROUND((D106+G106-$AE$2*2-70.5),1) -> 242.7 | N110: =ROUND((E106+G106-2*$AE$2-70.5),1) -> 270.5 | O110: =ROUND(M110,1)&"~"&ROUND(N110,1) -> 242.7~270.5
C111: N3 | D111: =D109 -> 14 | E111: =F106-2*$AE$2 -> 22 | F111: =F109 -> 313.2~341 | G111: 0 | H111: =(M111+N111)+E111 -> 676.2 | I111: =I109 -> 160 | J111: =H111*I111/100 -> 1081.92 | K111: =ROUND(D111^2*PI()/4/1000000*7850,3) -> 1.208 | L111: =J111*K111 -> 1306.9594 | M111: =M109 -> 313.2 | N111: =N109 -> 341
C112: N4 | D112: 14 | E112: 0 | F112: =ROUND(((C106-2*$AE$2)^2+(E106-D106)^2)^0.5,1) -> 1992.2 | G112: =ROUNDUP((IF(D112<26,10.927,11.212))*D112/10,0) -> 16 | H112: =F112+G112*2 -> 2024.2 | I112: =(J106+1+X106+1)*2+(O106+1)*2 -> 48 | J112: =H112*I112/100 -> 971.616 | K112: =ROUND(D112^2*PI()/4/1000000*7850,3) -> 1.208 | L112: =J112*K112 -> 1173.7121
...

Sheet 2.U型槽钢筋过渡方案
A2: U型槽尺寸表 | B2: 节段 | C2: 净高不含底板厚 | E2: 节段宽 | G2: 边墙厚B | H2: 底板厚T | I2: D | J2: hmin+T | K2: hmax+T | N2: 角度 | O2: 净保护层
C3: Hmin | D3: Hmax | E3: Lmax | F3: Lmin | N3: 90 | O3: 4 | P3: 4
B4: ='0.结构参数'!A41 -> YU1 | C4: =MIN('0.结构参数'!I41,'0.结构参数'!J41)*100 -> 179.116 | D4: =MAX('0.结构参数'!I41,'0.结构参数'!J41)*100 -> 211.515 | E4: =MAX('0.结构参数'!E5,'0.结构参数'!F5)*100 -> 2000 | F4: =MIN('0.结构参数'!E5,'0.结构参数'!F5)*100 -> 2000 | G4: ='0.结构参数'!L41*100 -> 30 | H4: ='0.结构参数'!K41*100 -> 40 | I4: =('0.结构参数'!M41+'0.结构参数'!N41)/2*100 -> 2170 | J4: =(C4+$H4) -> 219.116 | K4: =(D4+$H4) -> 251.515
B5: ='0.结构参数'!A42 -> YU2 | C5: =MIN('0.结构参数'!I42,'0.结构参数'!J42)*100 -> 211.604 | D5: =MAX('0.结构参数'!I42,'0.结构参数'!J42)*100 -> 271.065 | E5: =MAX('0.结构参数'!E6,'0.结构参数'!F6)*100 -> 2000 | F5: =MIN('0.结构参数'!E6,'0.结构参数'!F6)*100 -> 2000 | G5: ='0.结构参数'!L42*100 -> 30 | H5: ='0.结构参数'!K42*100 -> 40 | I5: =('0.结构参数'!M42+'0.结构参数'!N42)/2*100 -> 2170 | J5: =(C5+$H5) -> 251.604 | K5: =(D5+$H5) -> 311.065
B6: ='0.结构参数'!A43 -> YU3 | C6: =MIN('0.结构参数'!I43,'0.结构参数'!J43)*100 -> 271.154 | D6: =MAX('0.结构参数'!I43,'0.结构参数'!J43)*100 -> 330.615 | E6: =MAX('0.结构参数'!E7,'0.结构参数'!F7)*100 -> 2000 | F6: =MIN('0.结构参数'!E7,'0.结构参数'!F7)*100 -> 2000 | G6: ='0.结构参数'!L43*100 -> 40 | H6: ='0.结构参数'!K43*100 -> 50 | I6: =('0.结构参数'!M43+'0.结构参数'!N43)/2*100 -> 2190 | J6: =(C6+$H6) -> 321.154 | K6: =(D6+$H6) -> 380.615
B7: ='0.结构参数'!A44 -> YU4 | C7: =MIN('0.结构参数'!I44,'0.结构参数'!J44)*100 -> 330.704 | D7: =MAX('0.结构参数'!I44,'0.结构参数'!J44)*100 -> 390.165 | E7: =MAX('0.结构参数'!E8,'0.结构参数'!F8)*100 -> 2000 | F7: =MIN('0.结构参数'!E8,'0.结构参数'!F8)*100 -> 2000 | G7: ='0.结构参数'!L44*100 -> 40 | H7: ='0.结构参数'!K44*100 -> 50 | I7: =('0.结构参数'!M44+'0.结构参数'!N44)/2*100 -> 2190 | J7: =(C7+$H7) -> 380.704 | K7: =(D7+$H7) -> 440.165
B8: ='0.结构参数'!A45 -> YU5 | C8: =MIN('0.结构参数'!I45,'0.结构参数'!J45)*100 -> 390.255 | D8: =MAX('0.结构参数'!I45,'0.结构参数'!J45)*100 -> 449.716 | E8: =MAX('0.结构参数'!E9,'0.结构参数'!F9)*100 -> 2000 | F8: =MIN('0.结构参数'!E9,'0.结构参数'!F9)*100 -> 2000 | G8: ='0.结构参数'!L45*100 -> 50 | H8: ='0.结构参数'!K45*100 -> 60 | I8: =('0.结构参数'!M45+'0.结构参数'!N45)/2*100 -> 2210 | J8: =(C8+$H8) -> 450.255 | K8: =(D8+$H8) -> 509.716 | N8: 4、e2数值改为定值8，但仍需注意表格外e2取值区间
B9: ='0.结构参数'!A46 -> YU6 | C9: =MIN('0.结构参数'!I46,'0.结构参数'!J46)*100 -> 449.832 | D9: =MAX('0.结构参数'!I46,'0.结构参数'!J46)*100 -> 527.6 | E9: =MAX('0.结构参数'!E10,'0.结构参数'!F10)*100 -> 2000 | F9: =MIN('0.结构参数'!E10,'0.结构参数'!F10)*100 -> 2000 | G9: ='0.结构参数'!L46*100 -> 60 | H9: ='0.结构参数'!K46*100 -> 70 | I9: =('0.结构参数'!M46+'0.结构参数'!N46)/2*100 -> 2230 | J9: =(C9+$H9) -> 519.832 | K9: =(D9+$H9) -> 597.6
B10: ='0.结构参数'!A47 -> YU7 | C10: =MIN('0.结构参数'!I47,'0.结构参数'!J47)*100 -> 527.717 | D10: =MAX('0.结构参数'!I47,'0.结构参数'!J47)*100 -> 605.484 | E10: =MAX('0.结构参数'!E11,'0.结构参数'!F11)*100 -> 2000 | F10: =MIN('0.结构参数'!E11,'0.结构参数'!F11)*100 -> 2000 | G10: ='0.结构参数'!L47*100 -> 50 | H10: ='0.结构参数'!K47*100 -> 60 | I10: 1370 | J10: =(C10+$H10) -> 587.717 | K10: =(D10+$H10) -> 665.484
B11: ='0.结构参数'!A48 -> YU8 | C11: =MIN('0.结构参数'!I48,'0.结构参数'!J48)*100 -> 605.574 | D11: =MAX('0.结构参数'!I48,'0.结构参数'!J48)*100 -> 665.593 | E11: =MAX('0.结构参数'!E12,'0.结构参数'!F12)*100 -> 2000 | F11: =MIN('0.结构参数'!E12,'0.结构参数'!F12)*100 -> 2000 | G11: ='0.结构参数'!L48*100 -> 70 | H11: ='0.结构参数'!K48*100 -> 80 | I11: 1390 | J11: =(C11+$H11) -> 685.574 | K11: =(D11+$H11) -> 745.593
B12: ='0.结构参数'!A49 -> YU9 | C12: =MIN('0.结构参数'!I49,'0.结构参数'!J49)*100 -> 665.683 | D12: =MAX('0.结构参数'!I49,'0.结构参数'!J49)*100 -> 725.702 | E12: =MAX('0.结构参数'!E13,'0.结构参数'!F13)*100 -> 2000 | F12: =MIN('0.结构参数'!E13,'0.结构参数'!F13)*100 -> 2000 | G12: ='0.结构参数'!L49*100 -> 70 | H12: ='0.结构参数'!K49*100 -> 80 | I12: 1390 | J12: =(C12+$H12) -> 745.683 | K12: =(D12+$H12) -> 805.702
B13: ='0.结构参数'!A50 -> YU10 | C13: =MIN('0.结构参数'!I50,'0.结构参数'!J50)*100 -> 725.702 | D13: =MAX('0.结构参数'!I50,'0.结构参数'!J50)*100 -> 725.702 | E13: =MAX('0.结构参数'!E14,'0.结构参数'!F14)*100 -> 2000 | F13: =MIN('0.结构参数'!E14,'0.结构参数'!F14)*100 -> 2000 | G13: ='0.结构参数'!L50*100 -> 70 | H13: ='0.结构参数'!K50*100 -> 80 | I13: =('0.结构参数'!M50+'0.结构参数'!N50)/2*100 -> 2345.85 | J13: =(C13+$H13) -> 805.702 | K13: =(D13+$H13) -> 805.702
B14: ='0.结构参数'!A51 -> YU11 | C14: =MIN('0.结构参数'!I51,'0.结构参数'!J51)*100 -> 697.143 | D14: =MAX('0.结构参数'!I51,'0.结构参数'!J51)*100 -> 760 | E14: =MAX('0.结构参数'!E15,'0.结构参数'!F15)*100 -> 2000 | F14: =MIN('0.结构参数'!E15,'0.结构参数'!F15)*100 -> 2000 | G14: ='0.结构参数'!L51*100 -> 80 | H14: ='0.结构参数'!K51*100 -> 90 | I14: =('0.结构参数'!M51+'0.结构参数'!N51)/2*100 -> 2297.505 | J14: =(C14+$H14) -> 787.143 | K14: =(D14+$H14) -> 850
B15: ='0.结构参数'!A52 -> YU12 | C15: =MIN('0.结构参数'!I52,'0.结构参数'!J52)*100 -> 634.192 | D15: =MAX('0.结构参数'!I52,'0.结构参数'!J52)*100 -> 697.049 | E15: =MAX('0.结构参数'!E16,'0.结构参数'!F16)*100 -> 2000 | F15: =MIN('0.结构参数'!E16,'0.结构参数'!F16)*100 -> 2000 | G15: ='0.结构参数'!L52*100 -> 60 | H15: ='0.结构参数'!K52*100 -> 70 | I15: =('0.结构参数'!M52+'0.结构参数'!N52)/2*100 -> 2235.25 | J15: =(C15+$H15) -> 704.192 | K15: =(D15+$H15) -> 767.049
B16: ='0.结构参数'!A53 -> YU13 | C16: =MIN('0.结构参数'!I53,'0.结构参数'!J53)*100 -> 571.241 | D16: =MAX('0.结构参数'!I53,'0.结构参数'!J53)*100 -> 634.098 | E16: =MAX('0.结构参数'!E17,'0.结构参数'!F17)*100 -> 2000 | F16: =MIN('0.结构参数'!E17,'0.结构参数'!F17)*100 -> 2000 | G16: ='0.结构参数'!L53*100 -> 60 | H16: ='0.结构参数'!K53*100 -> 70 | I16: =('0.结构参数'!M53+'0.结构参数'!N53)/2*100 -> 2230 | J16: =(C16+$H16) -> 641.241 | K16: =(D16+$H16) -> 704.098
B17: ='0.结构参数'!A54 -> YU14 | C17: =MIN('0.结构参数'!I54,'0.结构参数'!J54)*100 -> 515.414 | D17: =MAX('0.结构参数'!I54,'0.结构参数'!J54)*100 -> 571.147 | E17: =MAX('0.结构参数'!E18,'0.结构参数'!F18)*100 -> 2000 | F17: =MIN('0.结构参数'!E18,'0.结构参数'!F18)*100 -> 2000 | G17: ='0.结构参数'!L54*100 -> 60 | H17: ='0.结构参数'!K54*100 -> 70 | I17: =('0.结构参数'!M54+'0.结构参数'!N54)/2*100 -> 2230 | J17: =(C17+$H17) -> 585.414 | K17: =(D17+$H17) -> 641.147
B18: ='0.结构参数'!A55 -> YU15 | C18: =MIN('0.结构参数'!I55,'0.结构参数'!J55)*100 -> 459.598 | D18: =MAX('0.结构参数'!I55,'0.结构参数'!J55)*100 -> 515.33 | E18: =MAX('0.结构参数'!E19,'0.结构参数'!F19)*100 -> 2000 | F18: =MIN('0.结构参数'!E19,'0.结构参数'!F19)*100 -> 2000 | G18: ='0.结构参数'!L55*100 -> 60 | H18: ='0.结构参数'!K55*100 -> 70 | I18: =('0.结构参数'!M55+'0.结构参数'!N55)/2*100 -> 2230.97 | J18: =(C18+$H18) -> 529.598 | K18: =(D18+$H18) -> 585.33
B19: ='0.结构参数'!A56 -> YU16 | C19: =MIN('0.结构参数'!I56,'0.结构参数'!J56)*100 -> 403.781 | D19: =MAX('0.结构参数'!I56,'0.结构参数'!J56)*100 -> 459.514 | E19: =MAX('0.结构参数'!E20,'0.结构参数'!F20)*100 -> 2000 | F19: =MIN('0.结构参数'!E20,'0.结构参数'!F20)*100 -> 2000 | G19: ='0.结构参数'!L56*100 -> 50 | H19: ='0.结构参数'!K56*100 -> 60 | I19: =('0.结构参数'!M56+'0.结构参数'!N56)/2*100 -> 2218.565 | J19: =(C19+$H19) -> 463.781 | K19: =(D19+$H19) -> 519.514
B20: ='0.结构参数'!A57 -> YU17 | C20: =MIN('0.结构参数'!I57,'0.结构参数'!J57)*100 -> 347.965 | D20: =MAX('0.结构参数'!I57,'0.结构参数'!J57)*100 -> 403.698 | E20: =MAX('0.结构参数'!E21,'0.结构参数'!F21)*100 -> 2000 | F20: =MIN('0.结构参数'!E21,'0.结构参数'!F21)*100 -> 2000 | G20: ='0.结构参数'!L57*100 -> 50 | H20: ='0.结构参数'!K57*100 -> 60 | I20: =('0.结构参数'!M57+'0.结构参数'!N57)/2*100 -> 2238.06 | J20: =(C20+$H20) -> 407.965 | K20: =(D20+$H20) -> 463.698
B21: ='0.结构参数'!A58 -> YU18 | C21: =MIN('0.结构参数'!I58,'0.结构参数'!J58)*100 -> 292.149 | D21: =MAX('0.结构参数'!I58,'0.结构参数'!J58)*100 -> 347.881 | E21: =MAX('0.结构参数'!E22,'0.结构参数'!F22)*100 -> 2000 | F21: =MIN('0.结构参数'!E22,'0.结构参数'!F22)*100 -> 2000 | G21: ='0.结构参数'!L58*100 -> 40 | H21: ='0.结构参数'!K58*100 -> 50 | I21: =('0.结构参数'!M58+'0.结构参数'!N58)/2*100 -> 2248.36 | J21: =(C21+$H21) -> 342.149 | K21: =(D21+$H21) -> 397.881
B22: ='0.结构参数'!A59 -> YU19 | C22: =MIN('0.结构参数'!I59,'0.结构参数'!J59)*100 -> 248.954 | D22: =MAX('0.结构参数'!I59,'0.结构参数'!J59)*100 -> 292.065 | E22: =MAX('0.结构参数'!E23,'0.结构参数'!F23)*100 -> 1547.05 | F22: =MIN('0.结构参数'!E23,'0.结构参数'!F23)*100 -> 1547.05 | G22: ='0.结构参数'!L59*100 -> 30 | H22: ='0.结构参数'!K59*100 -> 40 | I22: =('0.结构参数'!M59+'0.结构参数'!N59)/2*100 -> 2256.045 | J22: =(C22+$H22) -> 288.954 | K22: =(D22+$H22) -> 332.065
B23: ='0.结构参数'!A60 -> 东U10 | C23: =MIN('0.结构参数'!I60,'0.结构参数'!J60)*100 -> 125.466 | D23: =MAX('0.结构参数'!I60,'0.结构参数'!J60)*100 -> 163.657 | E23: =MAX('0.结构参数'!E24,'0.结构参数'!F24)*100 -> 2000 | F23: =MIN('0.结构参数'!E24,'0.结构参数'!F24)*100 -> 2000 | G23: ='0.结构参数'!L60*100 -> 30 | H23: ='0.结构参数'!K60*100 -> 40 | I23: =('0.结构参数'!M60+'0.结构参数'!N60)/2*100 -> 860 | J23: =(C23+$H23) -> 165.466 | K23: =(D23+$H23) -> 203.657
B24: ='0.结构参数'!A61 -> 西U10-1 | C24: =MIN('0.结构参数'!I61,'0.结构参数'!J61)*100 -> 130 | D24: =MAX('0.结构参数'!I61,'0.结构参数'!J61)*100 -> 161.126 | E24: =MAX('0.结构参数'!E25,'0.结构参数'!F25)*100 -> 2000 | F24: =MIN('0.结构参数'!E25,'0.结构参数'!F25)*100 -> 2000 | G24: ='0.结构参数'!L61*100 -> 30 | H24: ='0.结构参数'!K61*100 -> 40 | I24: =('0.结构参数'!M61+'0.结构参数'!N61)/2*100 -> 2285 | J24: =(C24+$H24) -> 170 | K24: =(D24+$H24) -> 201.126
... B35: ='0.结构参数'!A72 -> 0 | C35: =MIN('0.结构参数'!I72,'0.结构参数'!J72)*100 -> 0 | D35: =MAX('0.结构参数'!I72,'0.结构参数'!J72)*100 -> 0 | E35: =MAX('0.结构参数'!E36,'0.结构参数'!F36)*100 -> 0 | F35: =MIN('0.结构参数'!E36,'0.结构参数'!F36)*100 -> 0 | G35: ='0.结构参数'!L72*100 -> 30 | H35: ='0.结构参数'!K72*100 -> 40 | I35: =('0.结构参数'!M72+'0.结构参数'!N72)/2*100 -> 60 | J35: =(C35+$H35) -> 40 | K35: =(D35+$H35) -> 40
F37: 此处若为负值，则公式改为“B21/D21-2” | P37: 若e2小于8，则在n1公式后减1
A38: 钢筋图参数表 | B38: U型槽 编号 | C38: D (cm) | D38: n | E38: d (cm) | F38: a 0~12.5 | G38: B (cm) | H38: m | I38: b (cm) | J38: e1 (cm) | K38: Hmin (cm) | L38: Hmax (cm) | M38: n1 | N38: d1 (cm) | O38: d2 (cm) | P38: e2 | Q38: T | R38: n1' | S38: d1' | T38: L1 (cm) | U38: m1 | V38: b1 (cm) | W38: L2 (cm) | X38: m2 | Y38: b2 (cm) | Z38: e3 (cm) | AA38: e2 7~20.5
B39: =B4 -> YU1 | C39: =VLOOKUP(B39,$B$4:$K$36,8,0) -> 2170 | D39: =ROUNDDOWN((C39/E39-1),0) -> 172 | E39: =12.5 -> 12.5 | F39: =C39-D39*E39-2*J39 -> 4 | G39: =VLOOKUP(B39,$B$4:$J$72,6,0) -> 30 | H39: 2 | I39: =(G39-J39*2)/H39 -> 7 | J39: 8 | K39: =VLOOKUP(B39,$B$4:$K$36,2,0) -> 179.116 | L39: =VLOOKUP(B39,$B$4:$K$36,3,0) -> 211.515 | M39: =ROUND((L39-5)/12.5,0)-1 -> 16 | N39: =(L39-5-P39)/M39 -> 12.407187 | O39: =(K39-P39-5)/M39 -> 10.38225 | P39: 8 | Q39: =VLOOKUP($B39,$B$4:$K$36,7,0) -> 40 | R39: 3 | S39: =(Q39-2*J39)/R39 -> 8 | T39: =VLOOKUP($B39,$B$4:$K$36,4,0) -> 2000 | U39: =ROUNDDOWN(T39/V39,0)-1 -> 159 | V39: 12.5 | W39: =VLOOKUP($B39,$B$4:$K$36,5,0) -> 2000 | X39: =U39 -> 159 | Y39: =(W39-Z39*2)/X39 -> 12.5 | Z39: =(T39-U39*V39)/2 -> 6.25 | AA39: =L39-M39*12.5-5 -> 6.515
B40: =B5 -> YU2 | C40: =VLOOKUP(B40,$B$4:$K$36,8,0) -> 2170 | D40: =ROUNDDOWN((C40/E40-1),0) -> 172 | E40: =12.5 -> 12.5 | F40: =C40-D40*E40-2*J40 -> 4 | G40: =VLOOKUP(B40,$B$4:$J$72,6,0) -> 30 | H40: 2 | I40: =(G40-J40*2)/H40 -> 7 | J40: 8 | K40: =VLOOKUP(B40,$B$4:$K$36,2,0) -> 211.604 | L40: =VLOOKUP(B40,$B$4:$K$36,3,0) -> 271.065 | M40: =ROUND((L40-5)/12.5,0)-1 -> 20 | N40: =(L40-5-P40)/M40 -> 12.90325 | O40: =(K40-P40-5)/M40 -> 9.9302 | P40: 8 | Q40: =VLOOKUP($B40,$B$4:$K$36,7,0) -> 40 | R40: 3 | S40: =(Q40-2*J40)/R40 -> 8 | T40: =VLOOKUP($B40,$B$4:$K$36,4,0) -> 2000 | U40: =ROUNDDOWN(T40/V40,0)-1 -> 159 | V40: 12.5 | W40: =VLOOKUP($B40,$B$4:$K$36,5,0) -> 2000 | X40: =U40 -> 159 | Y40: =(W40-Z40*2)/X40 -> 12.5 | Z40: =(T40-U40*V40)/2 -> 6.25 | AA40: =L40-M40*12.5-5 -> 16.065
B41: =B6 -> YU3 | C41: =VLOOKUP(B41,$B$4:$K$36,8,0) -> 2190 | D41: =ROUNDDOWN((C41/E41-1),0) -> 174 | E41: =12.5 -> 12.5 | F41: =C41-D41*E41-2*J41 -> -1 | G41: =VLOOKUP(B41,$B$4:$J$72,6,0) -> 40 | H41: 3 | I41: =(G41-J41*2)/H41 -> 8 | J41: 8 | K41: =VLOOKUP(B41,$B$4:$K$36,2,0) -> 271.154 | L41: =VLOOKUP(B41,$B$4:$K$36,3,0) -> 330.615 | M41: =ROUND((L41-5)/12.5,0)-1 -> 25 | N41: =(L41-5-P41)/M41 -> 12.7046 | O41: =(K41-P41-5)/M41 -> 10.32616 | P41: 8 | Q41: =VLOOKUP($B41,$B$4:$K$36,7,0) -> 50 | R41: 4 | S41: =(Q41-2*J41)/R41 -> 8.5 | T41: =VLOOKUP($B41,$B$4:$K$36,4,0) -> 2000 | U41: =ROUNDDOWN(T41/V41,0)-1 -> 159 | V41: 12.5 | W41: =VLOOKUP($B41,$B$4:$K$36,5,0) -> 2000 | X41: =U41 -> 159 | Y41: =(W41-Z41*2)/X41 -> 12.5 | Z41: =(T41-U41*V41)/2 -> 6.25 | AA41: =L41-M41*12.5-5 -> 13.115
B42: =B7 -> YU4 | C42: =VLOOKUP(B42,$B$4:$K$36,8,0) -> 2190 | D42: =ROUNDDOWN((C42/E42-1),0) -> 174 | E42: =12.5 -> 12.5 | F42: =C42-D42*E42-2*J42 -> -1 | G42: =VLOOKUP(B42,$B$4:$J$72,6,0) -> 40 | H42: 3 | I42: =(G42-J42*2)/H42 -> 8 | J42: 8 | K42: =VLOOKUP(B42,$B$4:$K$36,2,0) -> 330.704 | L42: =VLOOKUP(B42,$B$4:$K$36,3,0) -> 390.165 | M42: =ROUND((L42-5)/12.5,0)-1 -> 30 | N42: =(L42-5-P42)/M42 -> 12.572167 | O42: =(K42-P42-5)/M42 -> 10.590133 | P42: 8 | Q42: =VLOOKUP($B42,$B$4:$K$36,7,0) -> 50 | R42: 4 | S42: =(Q42-2*J42)/R42 -> 8.5 | T42: =VLOOKUP($B42,$B$4:$K$36,4,0) -> 2000 | U42: =ROUNDDOWN(T42/V42,0)-1 -> 159 | V42: 12.5 | W42: =VLOOKUP($B42,$B$4:$K$36,5,0) -> 2000 | X42: =U42 -> 159 | Y42: =(W42-Z42*2)/X42 -> 12.5 | Z42: =(T42-U42*V42)/2 -> 6.25 | AA42: =L42-M42*12.5-5 -> 10.165
B43: =B8 -> YU5 | C43: =VLOOKUP(B43,$B$4:$K$36,8,0) -> 2210 | D43: =ROUNDDOWN((C43/E43-2),0) -> 174 | E43: =12.5 -> 12.5 | F43: =C43-D43*E43-2*J43 -> 19 | G43: =VLOOKUP(B43,$B$4:$J$72,6,0) -> 50 | H43: 4 | I43: =(G43-J43*2)/H43 -> 8.5 | J43: 8 | K43: =VLOOKUP(B43,$B$4:$K$36,2,0) -> 390.255 | L43: =VLOOKUP(B43,$B$4:$K$36,3,0) -> 449.716 | M43: =ROUND((L43-5)/12.5,0)-1 -> 35 | N43: =(L43-5-P43)/M43 -> 12.4776 | O43: =(K43-P43-5)/M43 -> 10.778714 | P43: 8 | Q43: =VLOOKUP($B43,$B$4:$K$36,7,0) -> 60 | R43: 4 | S43: =(Q43-2*J43)/R43 -> 11 | T43: =VLOOKUP($B43,$B$4:$K$36,4,0) -> 2000 | U43: =ROUNDDOWN(T43/V43,0)-1 -> 159 | V43: 12.5 | W43: =VLOOKUP($B43,$B$4:$K$36,5,0) -> 2000 | X43: =U43 -> 159 | Y43: =(W43-Z43*2)/X43 -> 12.5 | Z43: =(T43-U43*V43)/2 -> 6.25 | AA43: =L43-M43*12.5-5 -> 7.216
B44: =B9 -> YU6 | C44: =VLOOKUP(B44,$B$4:$K$36,8,0) -> 2230 | D44: =ROUNDDOWN((C44/E44-1),0) -> 177 | E44: =12.5 -> 12.5 | F44: =C44-D44*E44-2*J44 -> 1.5 | G44: =VLOOKUP(B44,$B$4:$J$72,6,0) -> 60 | H44: 4 | I44: =(G44-J44*2)/H44 -> 11 | J44: 8 | K44: =VLOOKUP(B44,$B$4:$K$36,2,0) -> 449.832 | L44: =VLOOKUP(B44,$B$4:$K$36,3,0) -> 527.6 | M44: =ROUND((L44-5)/12.5,0)-1 -> 41 | N44: =(L44-5-P44)/M44 -> 12.55122 | O44: =(K44-P44-5)/M44 -> 10.654439 | P44: 8 | Q44: =VLOOKUP($B44,$B$4:$K$36,7,0) -> 70 | R44: 6 | S44: =(Q44-2*J44)/R44 -> 9 | T44: =VLOOKUP($B44,$B$4:$K$36,4,0) -> 2000 | U44: =ROUNDDOWN(T44/V44,0)-1 -> 159 | V44: 12.5 | W44: =VLOOKUP($B44,$B$4:$K$36,5,0) -> 2000 | X44: =U44 -> 159 | Y44: =(W44-Z44*2)/X44 -> 12.5 | Z44: =(T44-U44*V44)/2 -> 6.25 | AA44: =L44-M44*12.5-5 -> 10.1
B45: =B10 -> YU7 | C45: =VLOOKUP(B45,$B$4:$K$36,8,0) -> 1370 | D45: =ROUNDDOWN((C45/E45-1),0) -> 108 | E45: =12.5 -> 12.5 | F45: =C45-D45*E45-2*J45 -> 4 | G45: =VLOOKUP(B45,$B$4:$J$72,6,0) -> 50 | H45: 4 | I45: =(G45-J45*2)/H45 -> 8.5 | J45: 8 | K45: =VLOOKUP(B45,$B$4:$K$36,2,0) -> 527.717 | L45: =VLOOKUP(B45,$B$4:$K$36,3,0) -> 605.484 | M45: =ROUND((L45-5)/12.5,0)-1 -> 47 | N45: =(L45-5-P45)/M45 -> 12.606043 | O45: =(K45-P45-5)/M45 -> 10.951426 | P45: 8 | Q45: =VLOOKUP($B45,$B$4:$K$36,7,0) -> 60 | R45: 6 | S45: =(Q45-2*J45)/R45 -> 7.3333333 | T45: =VLOOKUP($B45,$B$4:$K$36,4,0) -> 2000 | U45: =ROUNDDOWN(T45/V45,0)-1 -> 159 | V45: 12.5 | W45: =VLOOKUP($B45,$B$4:$K$36,5,0) -> 2000 | X45: =U45 -> 159 | Y45: =(W45-Z45*2)/X45 -> 12.5 | Z45: =(T45-U45*V45)/2 -> 6.25 | AA45: =L45-M45*12.5-5 -> 12.984
B46: =B11 -> YU8 | C46: =VLOOKUP(B46,$B$4:$K$36,8,0) -> 1390 | D46: =ROUNDDOWN((C46/E46-2),0) -> 109 | E46: =12.5 -> 12.5 | F46: =C46-D46*E46-2*J46 -> 11.5 | G46: =VLOOKUP(B46,$B$4:$J$72,6,0) -> 70 | H46: 6 | I46: =(G46-J46*2)/H46 -> 9 | J46: 8 | K46: =VLOOKUP(B46,$B$4:$K$36,2,0) -> 605.574 | L46: =VLOOKUP(B46,$B$4:$K$36,3,0) -> 665.593 | M46: =ROUND((L46-5)/12.5,0)-1 -> 52 | N46: =(L46-5-P46)/M46 -> 12.549865 | O46: =(K46-P46-5)/M46 -> 11.395654 | P46: 8 | Q46: =VLOOKUP($B46,$B$4:$K$36,7,0) -> 80 | R46: 8 | S46: =(Q46-2*J46)/R46 -> 8 | T46: =VLOOKUP($B46,$B$4:$K$36,4,0) -> 2000 | U46: =ROUNDDOWN(T46/V46,0)-1 -> 159 | V46: 12.5 | W46: =VLOOKUP($B46,$B$4:$K$36,5,0) -> 2000 | X46: =U46 -> 159 | Y46: =(W46-Z46*2)/X46 -> 12.5 | Z46: =(T46-U46*V46)/2 -> 6.25 | AA46: =L46-M46*12.5-5 -> 10.593
B47: =B12 -> YU9 | C47: =VLOOKUP(B47,$B$4:$K$36,8,0) -> 1390 | D47: =ROUNDDOWN((C47/E47-2),0) -> 109 | E47: =12.5 -> 12.5 | F47: =C47-D47*E47-2*J47 -> 11.5 | G47: =VLOOKUP(B47,$B$4:$J$72,6,0) -> 70 | H47: 6 | I47: =(G47-J47*2)/H47 -> 9 | J47: 8 | K47: =VLOOKUP(B47,$B$4:$K$36,2,0) -> 665.683 | L47: =VLOOKUP(B47,$B$4:$K$36,3,0) -> 725.702 | M47: =ROUND((L47-5)/12.5,0)-1 -> 57 | N47: =(L47-5-P47)/M47 -> 12.503544 | O47: =(K47-P47-5)/M47 -> 11.450579 | P47: 8 | Q47: =VLOOKUP($B47,$B$4:$K$36,7,0) -> 80 | R47: 8 | S47: =(Q47-2*J47)/R47 -> 8 | T47: =VLOOKUP($B47,$B$4:$K$36,4,0) -> 2000 | U47: =ROUNDDOWN(T47/V47,0)-1 -> 159 | V47: 12.5 | W47: =VLOOKUP($B47,$B$4:$K$36,5,0) -> 2000 | X47: =U47 -> 159 | Y47: =(W47-Z47*2)/X47 -> 12.5 | Z47: =(T47-U47*V47)/2 -> 6.25 | AA47: =L47-M47*12.5-5 -> 8.202
B48: =B13 -> YU10 | C48: =VLOOKUP(B48,$B$4:$K$36,8,0) -> 2345.85 | D48: =ROUNDDOWN((C48/E48-2),0) -> 185 | E48: =12.5 -> 12.5 | F48: =C48-D48*E48-2*J48 -> 17.35 | G48: =VLOOKUP(B48,$B$4:$J$72,6,0) -> 70 | H48: 6 | I48: =(G48-J48*2)/H48 -> 9 | J48: 8 | K48: =VLOOKUP(B48,$B$4:$K$36,2,0) -> 725.702 | L48: =VLOOKUP(B48,$B$4:$K$36,3,0) -> 725.702 | M48: =ROUND((L48-5)/12.5,0)-1 -> 57 | N48: =(L48-5-P48)/M48 -> 12.503544 | O48: =(K48-P48-5)/M48 -> 12.503544 | P48: 8 | Q48: =VLOOKUP($B48,$B$4:$K$36,7,0) -> 80 | R48: 8 | S48: =(Q48-2*J48)/R48 -> 8 | T48: =VLOOKUP($B48,$B$4:$K$36,4,0) -> 2000 | U48: =ROUNDDOWN(T48/V48,0)-1 -> 159 | V48: 12.5 | W48: =VLOOKUP($B48,$B$4:$K$36,5,0) -> 2000 | X48: =U48 -> 159 | Y48: =(W48-Z48*2)/X48 -> 12.5 | Z48: =(T48-U48*V48)/2 -> 6.25 | AA48: =L48-M48*12.5-5 -> 8.202
B49: =B14 -> YU11 | C49: =VLOOKUP(B49,$B$4:$K$36,8,0) -> 2297.505 | D49: =ROUNDDOWN((C49/E49-1),0) -> 182 | E49: =12.5 -> 12.5 | F49: =C49-D49*E49-2*J49 -> 6.505 | G49: =VLOOKUP(B49,$B$4:$J$72,6,0) -> 80 | H49: 8 | I49: =(G49-J49*2)/H49 -> 8 | J49: 8 | K49: =VLOOKUP(B49,$B$4:$K$36,2,0) -> 697.143 | L49: =VLOOKUP(B49,$B$4:$K$36,3,0) -> 760 | M49: =ROUND((L49-5)/12.5,0)-1 -> 59 | N49: =(L49-5-P49)/M49 -> 12.661017 | O49: =(K49-P49-5)/M49 -> 11.595644 | P49: 8 | Q49: =VLOOKUP($B49,$B$4:$K$36,7,0) -> 90 | R49: 8 | S49: =(Q49-2*J49)/R49 -> 9.25 | T49: =VLOOKUP($B49,$B$4:$K$36,4,0) -> 2000 | U49: =ROUNDDOWN(T49/V49,0)-1 -> 159 | V49: 12.5 | W49: =VLOOKUP($B49,$B$4:$K$36,5,0) -> 2000 | X49: =U49 -> 159 | Y49: =(W49-Z49*2)/X49 -> 12.5 | Z49: =(T49-U49*V49)/2 -> 6.25 | AA49: =L49-M49*12.5-5 -> 17.5
B50: =B15 -> YU12 | C50: =VLOOKUP(B50,$B$4:$K$36,8,0) -> 2235.25 | D50: =ROUNDDOWN((C50/E50-2),0) -> 176 | E50: =12.5 -> 12.5 | F50: =C50-D50*E50-2*J50 -> 19.25 | G50: =VLOOKUP(B50,$B$4:$J$72,6,0) -> 60 | H50: 6 | I50: =(G50-J50*2)/H50 -> 7.3333333 | J50: 8 | K50: =VLOOKUP(B50,$B$4:$K$36,2,0) -> 634.192 | L50: =VLOOKUP(B50,$B$4:$K$36,3,0) -> 697.049 | M50: =ROUND((L50-5)/12.5,0)-1 -> 54 | N50: =(L50-5-P50)/M50 -> 12.667574 | O50: =(K50-P50-5)/M50 -> 11.503556 | P50: 8 | Q50: =VLOOKUP($B50,$B$4:$K$36,7,0) -> 70 | R50: 8 | S50: =(Q50-2*J50)/R50 -> 6.75 | T50: =VLOOKUP($B50,$B$4:$K$36,4,0) -> 2000 | U50: =ROUNDDOWN(T50/V50,0)-1 -> 159 | V50: 12.5 | W50: =VLOOKUP($B50,$B$4:$K$36,5,0) -> 2000 | X50: =U50 -> 159 | Y50: =(W50-Z50*2)/X50 -> 12.5 | Z50: =(T50-U50*V50)/2 -> 6.25 | AA50: =L50-M50*12.5-5 -> 17.049
B51: =B16 -> YU13 | C51: =VLOOKUP(B51,$B$4:$K$36,8,0) -> 2230 | D51: =ROUNDDOWN((C51/E51-1),0) -> 177 | E51: =12.5 -> 12.5 | F51: =C51-D51*E51-2*J51 -> 1.5 | G51: =VLOOKUP(B51,$B$4:$J$72,6,0) -> 60 | H51: 4 | I51: =(G51-J51*2)/H51 -> 11 | J51: 8 | K51: =VLOOKUP(B51,$B$4:$K$36,2,0) -> 571.241 | L51: =VLOOKUP(B51,$B$4:$K$36,3,0) -> 634.098 | M51: =ROUND((L51-5)/12.5,0)-1 -> 49 | N51: =(L51-5-P51)/M51 -> 12.675469 | O51: =(K51-P51-5)/M51 -> 11.392673 | P51: 8 | Q51: =VLOOKUP($B51,$B$4:$K$36,7,0) -> 70 | R51: 8 | S51: =(Q51-2*J51)/R51 -> 6.75 | T51: =VLOOKUP($B51,$B$4:$K$36,4,0) -> 2000 | U51: =ROUNDDOWN(T51/V51,0)-1 -> 159 | V51: 12.5 | W51: =VLOOKUP($B51,$B$4:$K$36,5,0) -> 2000 | X51: =U51 -> 159 | Y51: =(W51-Z51*2)/X51 -> 12.5 | Z51: =(T51-U51*V51)/2 -> 6.25 | AA51: =L51-M51*12.5-5 -> 16.598
B52: =B17 -> YU14 | C52: =VLOOKUP(B52,$B$4:$K$36,8,0) -> 2230 | D52: =ROUNDDOWN((C52/E52-1),0) -> 177 | E52: =12.5 -> 12.5 | F52: =C52-D52*E52-2*J52 -> 1.5 | G52: =VLOOKUP(B52,$B$4:$J$72,6,0) -> 60 | H52: 4 | I52: =(G52-J52*2)/H52 -> 11 | J52: 8 | K52: =VLOOKUP(B52,$B$4:$K$36,2,0) -> 515.414 | L52: =VLOOKUP(B52,$B$4:$K$36,3,0) -> 571.147 | M52: =ROUND((L52-5)/12.5,0)-1 -> 44 | N52: =(L52-5-P52)/M52 -> 12.685159 | O52: =(K52-P52-5)/M52 -> 11.4185 | P52: 8 | Q52: =VLOOKUP($B52,$B$4:$K$36,7,0) -> 70 | R52: 6 | S52: =(Q52-2*J52)/R52 -> 9 | T52: =VLOOKUP($B52,$B$4:$K$36,4,0) -> 2000 | U52: =ROUNDDOWN(T52/V52,0)-1 -> 159 | V52: 12.5 | W52: =VLOOKUP($B52,$B$4:$K$36,5,0) -> 2000 | X52: =U52 -> 159 | Y52: =(W52-Z52*2)/X52 -> 12.5 | Z52: =(T52-U52*V52)/2 -> 6.25 | AA52: =L52-M52*12.5-5 -> 16.147
B53: =B18 -> YU15 | C53: =VLOOKUP(B53,$B$4:$K$36,8,0) -> 2230.97 | D53: =ROUNDDOWN((C53/E53-1),0) -> 177 | E53: =12.5 -> 12.5 | F53: =C53-D53*E53-2*J53 -> 2.47 | G53: =VLOOKUP(B53,$B$4:$J$72,6,0) -> 60 | H53: 4 | I53: =(G53-J53*2)/H53 -> 11 | J53: 8 | K53: =VLOOKUP(B53,$B$4:$K$36,2,0) -> 459.598 | L53: =VLOOKUP(B53,$B$4:$K$36,3,0) -> 515.33 | M53: =ROUND((L53-5)/12.5,0)-1 -> 40 | N53: =(L53-5-P53)/M53 -> 12.55825 | O53: =(K53-P53-5)/M53 -> 11.16495 | P53: 8 | Q53: =VLOOKUP($B53,$B$4:$K$36,7,0) -> 70 | R53: 6 | S53: =(Q53-2*J53)/R53 -> 9 | T53: =VLOOKUP($B53,$B$4:$K$36,4,0) -> 2000 | U53: =ROUNDDOWN(T53/V53,0)-1 -> 158 | V53: 12.5 | W53: =VLOOKUP($B53,$B$4:$K$36,5,0) -> 2000 | X53: =U53 -> 158 | Y53: =(W53-Z53*2)/X53 -> 12.5 | Z53: =(T53-U53*V53)/2 -> 12.5 | AA53: =L53-M53*12.5-5 -> 10.33
B54: =B19 -> YU16 | C54: =VLOOKUP(B54,$B$4:$K$36,8,0) -> 2218.565 | D54: =ROUNDDOWN((C54/E54-2),0) -> 175 | E54: =12.5 -> 12.5 | F54: =C54-D54*E54-2*J54 -> 15.065 | G54: =VLOOKUP(B54,$B$4:$J$72,6,0) -> 50 | H54: 4 | I54: =(G54-J54*2)/H54 -> 8.5 | J54: 8 | K54: =VLOOKUP(B54,$B$4:$K$36,2,0) -> 403.781 | L54: =VLOOKUP(B54,$B$4:$K$36,3,0) -> 459.514 | M54: =ROUND((L54-5)/12.5,0)-1 -> 35 | N54: =(L54-5-P54)/M54 -> 12.757543 | O54: =(K54-P54-5)/M54 -> 11.165171 | P54: 8 | Q54: =VLOOKUP($B54,$B$4:$K$36,7,0) -> 60 | R54: 4 | S54: =(Q54-2*J54)/R54 -> 11 | T54: =VLOOKUP($B54,$B$4:$K$36,4,0) -> 2000 | U54: =ROUNDDOWN(T54/V54,0)-1 -> 159 | V54: 12.5 | W54: =VLOOKUP($B54,$B$4:$K$36,5,0) -> 2000 | X54: =U54 -> 159 | Y54: =(W54-Z54*2)/X54 -> 12.5 | Z54: =(T54-U54*V54)/2 -> 6.25 | AA54: =L54-M54*12.5-5 -> 17.014
B55: =B20 -> YU17 | C55: =VLOOKUP(B55,$B$4:$K$36,8,0) -> 2238.06 | D55: =ROUNDDOWN((C55/E55-2),0) -> 177 | E55: =12.5 -> 12.5 | F55: =C55-D55*E55-2*J55 -> 9.56 | G55: =VLOOKUP(B55,$B$4:$J$72,6,0) -> 50 | H55: 4 | I55: =(G55-J55*2)/H55 -> 8.5 | J55: 8 | K55: =VLOOKUP(B55,$B$4:$K$36,2,0) -> 347.965 | L55: =VLOOKUP(B55,$B$4:$K$36,3,0) -> 403.698 | M55: =ROUND((L55-5)/12.5,0)-1 -> 31 | N55: =(L55-5-P55)/M55 -> 12.603161 | O55: =(K55-P55-5)/M55 -> 10.805323 | P55: 8 | Q55: =VLOOKUP($B55,$B$4:$K$36,7,0) -> 60 | R55: 4 | S55: =(Q55-2*J55)/R55 -> 11 | T55: =VLOOKUP($B55,$B$4:$K$36,4,0) -> 2000 | U55: =ROUNDDOWN(T55/V55,0)-1 -> 159 | V55: 12.5 | W55: =VLOOKUP($B55,$B$4:$K$36,5,0) -> 2000 | X55: =U55 -> 159 | Y55: =(W55-Z55*2)/X55 -> 12.5 | Z55: =(T55-U55*V55)/2 -> 6.25 | AA55: =L55-M55*12.5-5 -> 11.198
B56: =B21 -> YU18 | C56: =VLOOKUP(B56,$B$4:$K$36,8,0) -> 2248.36 | D56: =ROUNDDOWN((C56/E56-1),0) -> 178 | E56: =12.5 -> 12.5 | F56: =C56-D56*E56-2*J56 -> 7.36 | G56: =VLOOKUP(B56,$B$4:$J$72,6,0) -> 40 | H56: 3 | I56: =(G56-J56*2)/H56 -> 8 | J56: 8 | K56: =VLOOKUP(B56,$B$4:$K$36,2,0) -> 292.149 | L56: =VLOOKUP(B56,$B$4:$K$36,3,0) -> 347.881 | M56: =ROUND((L56-5)/12.5,0)-1 -> 26 | N56: =(L56-5-P56)/M56 -> 12.880038 | O56: =(K56-P56-5)/M56 -> 10.7365 | P56: 8 | Q56: =VLOOKUP($B56,$B$4:$K$36,7,0) -> 50 | R56: 4 | S56: =(Q56-2*J56)/R56 -> 8.5 | T56: =VLOOKUP($B56,$B$4:$K$36,4,0) -> 2000 | U56: =ROUNDDOWN(T56/V56,0)-1 -> 159 | V56: 12.5 | W56: =VLOOKUP($B56,$B$4:$K$36,5,0) -> 2000 | X56: =U56 -> 159 | Y56: =(W56-Z56*2)/X56 -> 12.5 | Z56: =(T56-U56*V56)/2 -> 6.25 | AA56: =L56-M56*12.5-5 -> 17.881
B57: =B22 -> YU19 | C57: =VLOOKUP(B57,$B$4:$K$36,8,0) -> 2256.045 | D57: =ROUNDDOWN((C57/E57-1),0) -> 179 | E57: =12.5 -> 12.5 | F57: =C57-D57*E57-2*J57 -> 2.545 | G57: =VLOOKUP(B57,$B$4:$J$72,6,0) -> 30 | H57: 2 | I57: =(G57-J57*2)/H57 -> 7 | J57: 8 | K57: =VLOOKUP(B57,$B$4:$K$36,2,0) -> 248.954 | L57: =VLOOKUP(B57,$B$4:$K$36,3,0) -> 292.065 | M57: =ROUND((L57-5)/12.5,0)-1 -> 22 | N57: =(L57-5-P57)/M57 -> 12.684773 | O57: =(K57-P57-5)/M57 -> 10.725182 | P57: 8 | Q57: =VLOOKUP($B57,$B$4:$K$36,7,0) -> 40 | R57: 3 | S57: =(Q57-2*J57)/R57 -> 8 | T57: =VLOOKUP($B57,$B$4:$K$36,4,0) -> 1547.05 | U57: =ROUNDDOWN(T57/V57,0)-1 -> 122 | V57: 12.5 | W57: =VLOOKUP($B57,$B$4:$K$36,5,0) -> 1547.05 | X57: =U57 -> 122 | Y57: =(W57-Z57*2)/X57 -> 12.5 | Z57: =(T57-U57*V57)/2 -> 11.025 | AA57: =L57-M57*12.5-5 -> 12.065
B58: =B23 -> 东U10 | C58: =VLOOKUP(B58,$B$4:$K$36,8,0) -> 860 | D58: =ROUNDDOWN((C58/E58-1),0) -> 67 | E58: =12.5 -> 12.5 | F58: =C58-D58*E58-2*J58 -> 6.5 | G58: =VLOOKUP(B58,$B$4:$J$72,6,0) -> 30 | H58: 2 | I58: =(G58-J58*2)/H58 -> 7 | J58: 8 | K58: =VLOOKUP(B58,$B$4:$K$36,2,0) -> 125.466 | L58: =VLOOKUP(B58,$B$4:$K$36,3,0) -> 163.657 | M58: =ROUND((L58-5)/12.5,0)-1 -> 12 | N58: =(L58-5-P58)/M58 -> 12.55475 | O58: =(K58-P58-5)/M58 -> 9.3721667 | P58: 8 | Q58: =VLOOKUP($B58,$B$4:$K$36,7,0) -> 40 | R58: 4 | S58: =(Q58-2*J58)/R58 -> 6 | T58: =VLOOKUP($B58,$B$4:$K$36,4,0) -> 2000 | U58: =ROUNDDOWN(T58/V58,0)-1 -> 62 | V58: 31.5 | W58: =VLOOKUP($B58,$B$4:$K$36,5,0) -> 2000 | X58: =U58 -> 62 | Y58: =(W58-Z58*2)/X58 -> 31.5 | Z58: =(T58-U58*V58)/2 -> 23.5 | AA58: =L58-M58*12.5-5 -> 8.657
B59: =B24 -> 西U10-1 | C59: =VLOOKUP(B59,$B$4:$K$36,8,0) -> 2285 | D59: =ROUNDDOWN((C59/E59-1),0) -> 181 | E59: =12.5 -> 12.5 | F59: =C59-D59*E59-2*J59 -> 6.5 | G59: =VLOOKUP(B59,$B$4:$J$72,6,0) -> 30 | H59: 2 | I59: =(G59-J59*2)/H59 -> 7 | J59: 8 | K59: =VLOOKUP(B59,$B$4:$K$36,2,0) -> 130 | L59: =VLOOKUP(B59,$B$4:$K$36,3,0) -> 161.126 | M59: =ROUND((L59-5)/12.5,0)-1 -> 11 | N59: =(L59-5-P59)/M59 -> 13.466 | O59: =(K59-P59-5)/M59 -> 10.636364 | P59: 8 | Q59: =VLOOKUP($B59,$B$4:$K$36,7,0) -> 40 | R59: 4 | S59: =(Q59-2*J59)/R59 -> 6 | T59: =VLOOKUP($B59,$B$4:$K$36,4,0) -> 2000 | U59: =ROUNDDOWN(T59/V59,0)-1 -> 60 | V59: 32.5 | W59: =VLOOKUP($B59,$B$4:$K$36,5,0) -> 2000 | X59: =U59 -> 60 | Y59: =(W59-Z59*2)/X59 -> 32.5 | Z59: =(T59-U59*V59)/2 -> 25 | AA59: =L59-M59*12.5-5 -> 18.626
B60: =B25 -> 西U9-1 | C60: =VLOOKUP(B60,$B$4:$K$36,8,0) -> 2285 | D60: =ROUNDDOWN((C60/E60-1),0) -> 181 | E60: =12.5 -> 12.5 | F60: =C60-D60*E60-2*J60 -> 6.5 | G60: =VLOOKUP(B60,$B$4:$J$72,6,0) -> 30 | H60: 2 | I60: =(G60-J60*2)/H60 -> 7 | J60: 8 | K60: =VLOOKUP(B60,$B$4:$K$36,2,0) -> 161.21 | L60: =VLOOKUP(B60,$B$4:$K$36,3,0) -> 217.365 | M60: =ROUND((L60-5)/12.5,0)-1 -> 16 | N60: =(L60-5-P60)/M60 -> 12.772813 | O60: =(K60-P60-5)/M60 -> 9.263125 | P60: 8 | Q60: =VLOOKUP($B60,$B$4:$K$36,7,0) -> 40 | R60: 4 | S60: =(Q60-2*J60)/R60 -> 6 | T60: =VLOOKUP($B60,$B$4:$K$36,4,0) -> 2000 | U60: =ROUNDDOWN(T60/V60,0)-1 -> 58 | V60: 33.5 | W60: =VLOOKUP($B60,$B$4:$K$36,5,0) -> 2000 | X60: =U60 -> 58 | Y60: =(W60-Z60*2)/X60 -> 33.5 | Z60: =(T60-U60*V60)/2 -> 28.5 | AA60: =L60-M60*12.5-5 -> 12.365
B61: =B26 -> 西U6-1 | C61: =VLOOKUP(B61,$B$4:$K$36,8,0) -> 1350 | D61: =ROUNDDOWN((C61/E61-2),0) -> 106 | E61: =12.5 -> 12.5 | F61: =C61-D61*E61-2*J61 -> 9 | G61: =VLOOKUP(B61,$B$4:$J$72,6,0) -> 50 | H61: 4 | I61: =(G61-J61*2)/H61 -> 8.5 | J61: 8 | K61: =VLOOKUP(B61,$B$4:$K$36,2,0) -> 375.682 | L61: =VLOOKUP(B61,$B$4:$K$36,3,0) -> 454.681 | M61: =ROUND((L61-5)/12.5,0)-1 -> 35 | N61: =(L61-5-P61)/M61 -> 12.619457 | O61: =(K61-P61-5)/M61 -> 10.362343 | P61: 8 | Q61: =VLOOKUP($B61,$B$4:$K$36,7,0) -> 60 | R61: 4 | S61: =(Q61-2*J61)/R61 -> 11 | T61: =VLOOKUP($B61,$B$4:$K$36,4,0) -> 2000 | U61: =ROUNDDOWN(T61/V61,0)-1 -> 56 | V61: 34.5 | W61: =VLOOKUP($B61,$B$4:$K$36,5,0) -> 2000 | X61: =U61 -> 56 | Y61: =(W61-Z61*2)/X61 -> 34.5 | Z61: =(T61-U61*V61)/2 -> 34 | AA61: =L61-M61*12.5-5 -> 12.181
B62: =B27 -> 西U5-1 | C62: =VLOOKUP(B62,$B$4:$K$36,8,0) -> 1370 | D62: =ROUNDDOWN((C62/E62-1),0) -> 108 | E62: =12.5 -> 12.5 | F62: =C62-D62*E62-2*J62 -> 4 | G62: =VLOOKUP(B62,$B$4:$J$72,6,0) -> 60 | H62: 4 | I62: =(G62-J62*2)/H62 -> 11 | J62: 8 | K62: =VLOOKUP(B62,$B$4:$K$36,2,0) -> 454.799 | L62: =VLOOKUP(B62,$B$4:$K$36,3,0) -> 533.797 | M62: =ROUND((L62-5)/12.5,0)-1 -> 41 | N62: =(L62-5-P62)/M62 -> 12.702366 | O62: =(K62-P62-5)/M62 -> 10.775585 | P62: 8 | Q62: =VLOOKUP($B62,$B$4:$K$36,7,0) -> 70 | R62: 6 | S62: =(Q62-2*J62)/R62 -> 9 | T62: =VLOOKUP($B62,$B$4:$K$36,4,0) -> 2000 | U62: =ROUNDDOWN(T62/V62,0)-1 -> 55 | V62: 35.5 | W62: =VLOOKUP($B62,$B$4:$K$36,5,0) -> 2000 | X62: =U62 -> 55 | Y62: =(W62-Z62*2)/X62 -> 35.5 | Z62: =(T62-U62*V62)/2 -> 23.75 | AA62: =L62-M62*12.5-5 -> 16.297
B63: =B28 -> 西U4-1 | C63: =VLOOKUP(B63,$B$4:$K$36,8,0) -> 1370 | D63: =ROUNDDOWN((C63/E63-1),0) -> 108 | E63: =12.5 -> 12.5 | F63: =C63-D63*E63-2*J63 -> 4 | G63: =VLOOKUP(B63,$B$4:$J$72,6,0) -> 60 | H63: 4 | I63: =(G63-J63*2)/H63 -> 11 | J63: 8 | K63: =VLOOKUP(B63,$B$4:$K$36,2,0) -> 533.916 | L63: =VLOOKUP(B63,$B$4:$K$36,3,0) -> 612.914 | M63: =ROUND((L63-5)/12.5,0)-1 -> 48 | N63: =(L63-5-P63)/M63 -> 12.498208 | O63: =(K63-P63-5)/M63 -> 10.852417 | P63: 8 | Q63: =VLOOKUP($B63,$B$4:$K$36,7,0) -> 70 | R63: 6 | S63: =(Q63-2*J63)/R63 -> 9 | T63: =VLOOKUP($B63,$B$4:$K$36,4,0) -> 2000 | U63: =ROUNDDOWN(T63/V63,0)-1 -> 53 | V63: 36.5 | W63: =VLOOKUP($B63,$B$4:$K$36,5,0) -> 2000 | X63: =U63 -> 53 | Y63: =(W63-Z63*2)/X63 -> 36.5 | Z63: =(T63-U63*V63)/2 -> 32.75 | AA63: =L63-M63*12.5-5 -> 7.914
B64: =B29 -> 西U3-1 | C64: =VLOOKUP(B64,$B$4:$K$36,8,0) -> 1390 | D64: =ROUNDDOWN((C64/E64-2),0) -> 109 | E64: =12.5 -> 12.5 | F64: =C64-D64*E64-2*J64 -> 11.5 | G64: =VLOOKUP(B64,$B$4:$J$72,6,0) -> 70 | H64: 6 | I64: =(G64-J64*2)/H64 -> 9 | J64: 8 | K64: =VLOOKUP(B64,$B$4:$K$36,2,0) -> 613.033 | L64: =VLOOKUP(B64,$B$4:$K$36,3,0) -> 669.325 | M64: =ROUND((L64-5)/12.5,0)-1 -> 52 | N64: =(L64-5-P64)/M64 -> 12.621635 | O64: =(K64-P64-5)/M64 -> 11.539096 | P64: 8 | Q64: =VLOOKUP($B64,$B$4:$K$36,7,0) -> 80 | R64: 8 | S64: =(Q64-2*J64)/R64 -> 8 | T64: =VLOOKUP($B64,$B$4:$K$36,4,0) -> 2000 | U64: =ROUNDDOWN(T64/V64,0)-1 -> 52 | V64: 37.5 | W64: =VLOOKUP($B64,$B$4:$K$36,5,0) -> 2000 | X64: =U64 -> 52 | Y64: =(W64-Z64*2)/X64 -> 37.5 | Z64: =(T64-U64*V64)/2 -> 25 | AA64: =L64-M64*12.5-5 -> 14.325
B65: =B30 -> 西U2-1 | C65: =VLOOKUP(B65,$B$4:$K$36,8,0) -> 2667 | D65: =ROUNDDOWN((C65/E65-1),0) -> 212 | E65: =12.5 -> 12.5 | F65: =C65-D65*E65-2*J65 -> 1 | G65: =VLOOKUP(B65,$B$4:$J$72,6,0) -> 70 | H65: 6 | I65: =(G65-J65*2)/H65 -> 9 | J65: 8 | K65: =VLOOKUP(B65,$B$4:$K$36,2,0) -> 669.41 | L65: =VLOOKUP(B65,$B$4:$K$36,3,0) -> 725.702 | M65: =ROUND((L65-5)/12.5,0)-1 -> 57 | N65: =(L65-5-P65)/M65 -> 12.503544 | O65: =(K65-P65-5)/M65 -> 11.515965 | P65: 8 | Q65: =VLOOKUP($B65,$B$4:$K$36,7,0) -> 80 | R65: 8 | S65: =(Q65-2*J65)/R65 -> 8 | T65: =VLOOKUP($B65,$B$4:$K$36,4,0) -> 2000 | U65: =ROUNDDOWN(T65/V65,0)-1 -> 50 | V65: 38.5 | W65: =VLOOKUP($B65,$B$4:$K$36,5,0) -> 2000 | X65: =U65 -> 50 | Y65: =(W65-Z65*2)/X65 -> 38.5 | Z65: =(T65-U65*V65)/2 -> 37.5 | AA65: =L65-M65*12.5-5 -> 8.202
B66: =B31 -> 西U6-2 | C66: =VLOOKUP(B66,$B$4:$K$36,8,0) -> 954.5 | D66: =ROUNDDOWN((C66/E66-1),0) -> 75 | E66: =12.5 -> 12.5 | F66: =C66-D66*E66-2*J66 -> 1 | G66: =VLOOKUP(B66,$B$4:$J$72,6,0) -> 50 | H66: 4 | I66: =(G66-J66*2)/H66 -> 8.5 | J66: 8 | K66: =VLOOKUP(B66,$B$4:$K$36,2,0) -> 375.682 | L66: =VLOOKUP(B66,$B$4:$K$36,3,0) -> 454.681 | M66: =ROUND((L66-5)/12.5,0)-1 -> 35 | N66: =(L66-5-P66)/M66 -> 12.619457 | O66: =(K66-P66-5)/M66 -> 10.362343 | P66: 8 | Q66: =VLOOKUP($B66,$B$4:$K$36,7,0) -> 60 | R66: 4 | S66: =(Q66-2*J66)/R66 -> 11 | T66: =VLOOKUP($B66,$B$4:$K$36,4,0) -> 2000 | U66: =ROUNDDOWN(T66/V66,0)-1 -> 49 | V66: 39.5 | W66: =VLOOKUP($B66,$B$4:$K$36,5,0) -> 2000 | X66: =U66 -> 49 | Y66: =(W66-Z66*2)/X66 -> 39.5 | Z66: =(T66-U66*V66)/2 -> 32.25 | AA66: =L66-M66*12.5-5 -> 12.181
B67: =B32 -> 西U5-2 | C67: =VLOOKUP(B67,$B$4:$K$36,8,0) -> 974.5 | D67: =ROUNDDOWN((C67/E67-1),0) -> 76 | E67: =12.5 -> 12.5 | F67: =C67-D67*E67-2*J67 -> 8.5 | G67: =VLOOKUP(B67,$B$4:$J$72,6,0) -> 60 | H67: 4 | I67: =(G67-J67*2)/H67 -> 11 | J67: 8 | K67: =VLOOKUP(B67,$B$4:$K$36,2,0) -> 454.799 | L67: =VLOOKUP(B67,$B$4:$K$36,3,0) -> 533.797 | M67: =ROUND((L67-5)/12.5,0)-1 -> 41 | N67: =(L67-5-P67)/M67 -> 12.702366 | O67: =(K67-P67-5)/M67 -> 10.775585 | P67: 8 | Q67: =VLOOKUP($B67,$B$4:$K$36,7,0) -> 70 | R67: 6 | S67: =(Q67-2*J67)/R67 -> 9 | T67: =VLOOKUP($B67,$B$4:$K$36,4,0) -> 2000 | U67: =ROUNDDOWN(T67/V67,0)-1 -> 48 | V67: 40.5 | W67: =VLOOKUP($B67,$B$4:$K$36,5,0) -> 2000 | X67: =U67 -> 48 | Y67: =(W67-Z67*2)/X67 -> 40.5 | Z67: =(T67-U67*V67)/2 -> 28 | AA67: =L67-M67*12.5-5 -> 16.297
B68: =B33 -> 西U4-2 | C68: =VLOOKUP(B68,$B$4:$K$36,8,0) -> 920 | D68: =ROUNDDOWN((C68/E68-1),0) -> 72 | E68: =12.5 -> 12.5 | F68: =C68-D68*E68-2*J68 -> 4 | G68: =VLOOKUP(B68,$B$4:$J$72,6,0) -> 60 | H68: 4 | I68: =(G68-J68*2)/H68 -> 11 | J68: 8 | K68: =VLOOKUP(B68,$B$4:$K$36,2,0) -> 533.916 | L68: =VLOOKUP(B68,$B$4:$K$36,3,0) -> 612.914 | M68: =ROUND((L68-5)/12.5,0)-1 -> 48 | N68: =(L68-5-P68)/M68 -> 12.498208 | O68: =(K68-P68-5)/M68 -> 10.852417 | P68: 8 | Q68: =VLOOKUP($B68,$B$4:$K$36,7,0) -> 70 | R68: 6 | S68: =(Q68-2*J68)/R68 -> 9 | T68: =VLOOKUP($B68,$B$4:$K$36,4,0) -> 2000 | U68: =ROUNDDOWN(T68/V68,0)-1 -> 47 | V68: 41.5 | W68: =VLOOKUP($B68,$B$4:$K$36,5,0) -> 2000 | X68: =U68 -> 47 | Y68: =(W68-Z68*2)/X68 -> 41.5 | Z68: =(T68-U68*V68)/2 -> 24.75 | AA68: =L68-M68*12.5-5 -> 7.914
B69: =B34 -> 西U3-2 | C69: =VLOOKUP(B69,$B$4:$K$36,8,0) -> 1243 | D69: =ROUNDDOWN((C69/E69-1),0) -> 98 | E69: =12.5 -> 12.5 | F69: =C69-D69*E69-2*J69 -> 2 | G69: =VLOOKUP(B69,$B$4:$J$72,6,0) -> 70 | H69: 6 | I69: =(G69-J69*2)/H69 -> 9 | J69: 8 | K69: =VLOOKUP(B69,$B$4:$K$36,2,0) -> 613.033 | L69: =VLOOKUP(B69,$B$4:$K$36,3,0) -> 669.325 | M69: =ROUND((L69-5)/12.5,0)-1 -> 52 | N69: =(L69-5-P69)/M69 -> 12.621635 | O69: =(K69-P69-5)/M69 -> 11.539096 | P69: 8 | Q69: =VLOOKUP($B69,$B$4:$K$36,7,0) -> 80 | R69: 8 | S69: =(Q69-2*J69)/R69 -> 8 | T69: =VLOOKUP($B69,$B$4:$K$36,4,0) -> 2000 | U69: =ROUNDDOWN(T69/V69,0)-1 -> 46 | V69: 42.5 | W69: =VLOOKUP($B69,$B$4:$K$36,5,0) -> 2000 | X69: =U69 -> 46 | Y69: =(W69-Z69*2)/X69 -> 42.5 | Z69: =(T69-U69*V69)/2 -> 22.5 | AA69: =L69-M69*12.5-5 -> 14.325
B70: =B35 -> 0 | C70: =VLOOKUP(B70,$B$4:$K$36,8,0) -> 60 | D70: =ROUNDDOWN((C70/E70-1),0) -> 3 | E70: =12.5 -> 12.5 | F70: =C70-D70*E70-2*J70 -> 6.5 | G70: =VLOOKUP(B70,$B$4:$J$72,6,0) -> 30 | H70: 34 | I70: =(G70-J70*2)/H70 -> 0.41176471 | J70: 8 | K70: =VLOOKUP(B70,$B$4:$K$36,2,0) -> 0 | L70: =VLOOKUP(B70,$B$4:$K$36,3,0) -> 0 | M70: =ROUND((L70-5)/12.5,0)-1 -> -1 | N70: =(L70-5-P70)/M70 -> 13 | O70: =(K70-P70-5)/M70 -> 13 | P70: 8 | Q70: =VLOOKUP($B70,$B$4:$K$36,7,0) -> 40 | R70: 35 | S70: =(Q70-2*J70)/R70 -> 0.68571429 | T70: =VLOOKUP($B70,$B$4:$K$36,4,0) -> 0 | U70: =ROUNDDOWN(T70/V70,0)-1 -> -1 | V70: 43.5 | W70: =VLOOKUP($B70,$B$4:$K$36,5,0) -> 0 | X70: =U70 -> -1 | Y70: =(W70-Z70*2)/X70 -> 43.5 | Z70: =(T70-U70*V70)/2 -> 21.75 | AA70: =L70-M70*12.5-5 -> 7.5
B74: =B4 -> YU1 | E74: 钢筋参数 | H74: 节段编号 | I74: =B74 -> YU1 | J74: 编号 | K74: 规格 | L74: 大样(cm) | M74: 单根长(cm) | N74: 根数 | O74: 总长度(m) | P74: 每米重(kg) | Q74: 总重量(kg) | R74: 改大样（cm） | V74: 弯钩
H76: 净高 | J76: N1 | K76: ='1.U型槽主筋验算'!K2 -> 14 | M76: =(R76+S76)/2+ROUNDUP((IF(K76<26,10.927,11.212))*K76/10,0)*2 -> 2692.631 | N76: =ROUNDUP((H79/12.5),0)*IF(I77>600,2,1) -> 160 | O76: =M76*N76/100 -> 4308.2096 | P76: =ROUND(K76^2*PI()/4/1000000*7850,3) -> 1.208 | Q76: =O76*P76 -> 5204.3172 | R76: =(H77+I81-I84*2)*2+(H83-I84*2)+(H81-I84*2)*2 -> 2628.232 | S76: =(I77+I81-I84*2)*2+(H83-I84*2)+(H81-I84*2)*2 -> 2693.03 | T76: =R78 -> 2162 | V76: =ROUNDUP((IF(K76<26,10.927,11.212))*K76/10,0) -> 16
E77: n | F77: n1' | G77: n1 | H77: =MIN(VLOOKUP(I74,$B$4:$J$70,2,0),VLOOKUP(I74,$B$4:$J$70,3,0)) -> 179.116 | I77: =MAX(VLOOKUP(I74,$B$4:$J$70,2,0),VLOOKUP(I74,$B$4:$J$70,3,0)) -> 211.515 | J77: N2 | K77: 12 | M77: =(R77+S77)/2+ROUNDUP((IF(K77<26,10.927,11.212))*K77/10,0)*2 -> 255.3155 | N77: =ROUNDUP((H79/12.5*1),0)*2 -> 320 | O77: =M77*N77/100 -> 817.0096 | P77: =ROUND(K77^2*PI()/4/1000000*7850,3) -> 0.888 | Q77: =O77*P77 -> 725.50452 | R77: =H77+I81-I84*2 -> 211.116 | S77: =I77+I81-I84*2 -> 243.515 | T77: =ROUND(R77,1)&"~"&ROUND(S77,1) -> 211.1~243.5 | V77: =ROUNDUP((IF(K77<26,10.927,11.212))*K77/10,0) -> 14
E78: =VLOOKUP(I74,$B$39:$Z$70,3,0) -> 172 | F78: =VLOOKUP(I74,$B$39:$Z$70,17,0) -> 3 | G78: =VLOOKUP(I74,$B$39:$Z$70,12,0) -> 16 | H78: 节段宽 | J78: N3 | K78: 20 | M78: =R78+2*ROUNDUP((IF(K78<26,10.927,11.212))*K78/10,0) -> 2206 | N78: =ROUNDUP(H79/12.5,0) -> 160 | O78: =M78*N78/100 -> 3529.6 | P78: =ROUND(K78^2*PI()/4/1000000*7850,3) -> 2.466 | Q78: =O78*P78 -> 8703.9936 | R78: =H83-I84*2 -> 2162 | S78: - | V78: =ROUNDUP((IF(K78<26,10.927,11.212))*K78/10,0) -> 22
E79: m1 | F79: m2 | G79: m | H79: =MAX(VLOOKUP(I74,$B$4:$J$70,4,0),VLOOKUP(I74,$B$4:$J$70,5,0)) -> 2000 | I79: =MIN(VLOOKUP(I74,$B$4:$J$70,4,0),VLOOKUP(I74,$B$4:$J$70,5,0)) -> 2000 | J79: N4 | K79: 14 | M79: =R79+2*ROUNDUP((IF(K79<26,10.927,11.212))*K79/10,0) -> 139.96551 | N79: =ROUNDUP(H79/12.5,0)*2 -> 320 | O79: =M79*N79/100 -> 447.88964 | P79: =ROUND(K79^2*PI()/4/1000000*7850,3) -> 1.208 | Q79: =O79*P79 -> 541.05068 | R79: =((H81+I81-I84*2)+(20-I84*2^0.5))*(2^0.5) -> 107.96551 | S79: - | V79: =ROUNDUP((IF(K79<26,10.927,11.212))*K79/10,0) -> 16
E80: =VLOOKUP(I74,$B$39:$Z$70,20,0) -> 159 | F80: =VLOOKUP(I74,$B$39:$Z$70,23,0) -> 159 | G80: =VLOOKUP(I74,$B$39:$Z$70,7,0) -> 2 | H80: 边墙厚 | I80: 底板厚 | J80: N5 | K80: 12 | M80: =(R80+S80)/2+2*ROUNDUP((IF(K80<26,10.927,11.212))*K80/10,0) -> 2020 | N80: =4*(G78+1)+(G80-1)*2 -> 70 | O80: =M80*N80/100 -> 1414 | P80: =ROUND(K80^2*PI()/4/1000000*7850,3) -> 0.888 | Q80: =O80*P80 -> 1255.632 | R80: =H79-I84*2 -> 1992 | S80: =I79-I84*2 -> 1992 | T80: =ROUND(S80,1)&"~"&ROUND(R80,1) -> 1992~1992 | V80: =ROUNDUP((IF(K80<26,10.927,11.212))*K80/10,0) -> 14
H81: =VLOOKUP(I74,$B$4:$J$70,6,0) -> 30 | I81: =VLOOKUP(I74,$B$4:$J$70,7,0) -> 40 | J81: N6 | K81: 12 | M81: =(R81+S81)/2+2*ROUNDUP((IF(K81<26,10.927,11.212))*K81/10,0) -> 2028.2624 | N81: =2*(E78+1)+F78*2 -> 352 | O81: =M81*N81/100 -> 7139.4837 | P81: =ROUND(K81^2*PI()/4/1000000*7850,3) -> 0.888 | Q81: =O81*P81 -> 6339.8615 | R81: =((I77-H77)^2+H79^2)^0.5 -> 2000.2624 | S81: =((I77-H77)^2+I79^2)^0.5 -> 2000.2624 | T81: =ROUND(S81,1)&"~"&ROUND(R81,1) -> 2000.3~2000.3 | V81: =ROUNDUP((IF(K81<26,10.927,11.212))*K81/10,0) -> 14
E82: 工程量 | H82: 结构宽度 | J82: N7 | K82: 8 | M82: =R82+11 -> 43 | N82: =ROUNDDOWN(((VLOOKUP(I74,$B$39:$Z$70,2,0))/(VLOOKUP(I74,$B$39:$Z$70,4,0))-1),0)/4*((VLOOKUP(I74,$B$39:$Z$70,20,0))+1) -> 6880 | O82: =M82*N82/100 -> 2958.4 | P82: =ROUND(K82^2*PI()/4/1000000*7850,3) -> 0.395 | Q82: =O82*P82 -> 1168.568 | R82: =I81-2*I84 -> 32 | S82: - | X82: =VLOOKUP(I74,$B$39:$Z$70,4,0) -> 12.5
E83: c40 | F83: HPB300 | G83: HRB400 | H83: =VLOOKUP(I74,$B$4:$J$70,8,0) -> 2170 | J83: N8 | K83: 8 | M83: =R83+11 -> 33 | N83: =ROUND(E80/4*G78,0)*2 -> 1272 | O83: =M83*N83/100 -> 419.76 | P83: =ROUND(K83^2*PI()/4/1000000*7850,3) -> 0.395 | Q83: =O83*P83 -> 165.8052 | R83: =H81-2*I84 -> 22 | S83: -
E84: =IF(I74=0,0,ROUND(((H77+I77)/2*H81*2+H83*I81+0.2*0.2+0.25*0.05*2)*(H79+I79)/2/1000000,1)) -> 197 | F84: =IF(I74=0,0,ROUND(Q82+Q83,1)) -> 1334.4 | G84: =IF(I74=0,0,ROUND(Q76+Q77+Q78+Q79+Q80+Q81,1)) -> 22770.4 | H84: 保护层 | I84: =$P$3 -> 4 | J84: 合计 | K84: ="C40混凝土:"&ROUND(((H77+I77)/2*H81*2+H83*I81+0.2*0.2+0.25*0.05*2)*(H79+I79)/2/1000000,1)&"m"&" "&"HPB300:"&ROUND(Q82+Q83,1)&"kg "&"HRB400:"&ROUND(Q76+Q77+Q78+Q79+Q80+Q81,1)&"kg" -> C40混凝土:197m HPB300:1334.4kg HRB400:22770.4kg | R84: 指标 | S84: =ROUND(SUM(Q76:Q83)/ROUND(((H77+I77)/2*H81*2+H83*I81+0.2*0.2+0.25*0.05*2)*(H79+I79)/2/1000000,1),1) -> 122.4
B86: =B5 -> YU2 | E86: 钢筋参数 | H86: 节段编号 | I86: =B86 -> YU2 | J86: 编号 | K86: 规格 | L86: 大样(cm) | M86: 单根长(cm) | N86: 根数 | O86: 总长度(m) | P86: 每米重(kg) | Q86: 总重量(kg) | R86: 改大样（cm） | V86: 弯钩
H88: 净高 | J88: N1 | K88: ='1.U型槽主筋验算'!K3 -> 16 | M88: =(R88+S88)/2+ROUNDUP((IF(K88<26,10.927,11.212))*K88/10,0)*2 -> 2788.669 | N88: =ROUNDUP((H91/12.5),0)*IF(I89>600,2,1) -> 160 | O88: =M88*N88/100 -> 4461.8704 | P88: =ROUND(K88^2*PI()/4/1000000*7850,3) -> 1.578 | Q88: =O88*P88 -> 7040.8315 | R88: =(H89+I93-I96*2)*2+(H95-I96*2)+(H93-I96*2)*2 -> 2693.208 | S88: =(I89+I93-I96*2)*2+(H95-I96*2)+(H93-I96*2)*2 -> 2812.13 | T88: =R90 -> 2162 | V88: =ROUNDUP((IF(K88<26,10.927,11.212))*K88/10,0) -> 18
E89: n | F89: n1' | G89: n1 | H89: =MIN(VLOOKUP(I86,$B$4:$J$70,2,0),VLOOKUP(I86,$B$4:$J$70,3,0)) -> 211.604 | I89: =MAX(VLOOKUP(I86,$B$4:$J$70,2,0),VLOOKUP(I86,$B$4:$J$70,3,0)) -> 271.065 | J89: N2 | K89: 12 | M89: =(R89+S89)/2+ROUNDUP((IF(K89<26,10.927,11.212))*K89/10,0)*2 -> 301.3345 | N89: =ROUNDUP((H91/12.5*1),0)*2 -> 320 | O89: =M89*N89/100 -> 964.2704 | P89: =ROUND(K89^2*PI()/4/1000000*7850,3) -> 0.888 | Q89: =O89*P89 -> 856.27212 | R89: =H89+I93-I96*2 -> 243.604 | S89: =I89+I93-I96*2 -> 303.065 | T89: =ROUND(R89,1)&"~"&ROUND(S89,1) -> 243.6~303.1 | V89: =ROUNDUP((IF(K89<26,10.927,11.212))*K89/10,0) -> 14
E90: =VLOOKUP(I86,$B$39:$Z$70,3,0) -> 172 | F90: =VLOOKUP(I86,$B$39:$Z$70,17,0) -> 3 | G90: =VLOOKUP(I86,$B$39:$Z$70,12,0) -> 20 | H90: 节段宽 | J90: N3 | K90: 20 | M90: =R90+2*ROUNDUP((IF(K90<26,10.927,11.212))*K90/10,0) -> 2206 | N90: =ROUNDUP(H91/12.5,0) -> 160 | O90: =M90*N90/100 -> 3529.6 | P90: =ROUND(K90^2*PI()/4/1000000*7850,3) -> 2.466 | Q90: =O90*P90 -> 8703.9936 | R90: =H95-I96*2 -> 2162 | S90: - | V90: =ROUNDUP((IF(K90<26,10.927,11.212))*K90/10,0) -> 22
E91: m1 | F91: m2 | G91: m | H91: =MAX(VLOOKUP(I86,$B$4:$J$70,4,0),VLOOKUP(I86,$B$4:$J$70,5,0)) -> 2000 | I91: =MIN(VLOOKUP(I86,$B$4:$J$70,4,0),VLOOKUP(I86,$B$4:$J$70,5,0)) -> 2000 | J91: N4 | K91: 14 | M91: =R91+2*ROUNDUP((IF(K91<26,10.927,11.212))*K91/10,0) -> 139.96551 | N91: =ROUNDUP(H91/12.5,0)*2 -> 320 | O91: =M91*N91/100 -> 447.88964 | P91: =ROUND(K91^2*PI()/4/1000000*7850,3) -> 1.208 | Q91: =O91*P91 -> 541.05068 | R91: =((H93+I93-I96*2)+(20-I96*2^0.5))*(2^0.5) -> 107.96551 | S91: - | V91: =ROUNDUP((IF(K91<26,10.927,11.212))*K91/10,0) -> 16
E92: =VLOOKUP(I86,$B$39:$Z$70,20,0) -> 159 | F92: =VLOOKUP(I86,$B$39:$Z$70,23,0) -> 159 | G92: =VLOOKUP(I86,$B$39:$Z$70,7,0) -> 2 | H92: 边墙厚 | I92: 底板厚 | J92: N5 | K92: 12 | M92: =(R92+S92)/2+2*ROUNDUP((IF(K92<26,10.927,11.212))*K92/10,0) -> 2020 | N92: =4*(G90+1)+(G92-1)*2 -> 86 | O92: =M92*N92/100 -> 1737.2 | P92: =ROUND(K92^2*PI()/4/1000000*7850,3) -> 0.888 | Q92: =O92*P92 -> 1542.6336 | R92: =H91-I96*2 -> 1992 | S92: =I91-I96*2 -> 1992 | T92: =ROUND(S92,1)&"~"&ROUND(R92,1) -> 1992~1992 | V92: =ROUNDUP((IF(K92<26,10.927,11.212))*K92/10,0) -> 14
H93: =VLOOKUP(I86,$B$4:$J$70,6,0) -> 30 | I93: =VLOOKUP(I86,$B$4:$J$70,7,0) -> 40 | J93: N6 | K93: 12 | M93: =(R93+S93)/2+2*ROUNDUP((IF(K93<26,10.927,11.212))*K93/10,0) -> 2028.8837 | N93: =2*(E90+1)+F90*2 -> 352 | O93: =M93*N93/100 -> 7141.6707 | P93: =ROUND(K93^2*PI()/4/1000000*7850,3) -> 0.888 | Q93: =O93*P93 -> 6341.8035 | R93: =((I89-H89)^2+H91^2)^0.5 -> 2000.8837 | S93: =((I89-H89)^2+I91^2)^0.5 -> 2000.8837 | T93: =ROUND(S93,1)&"~"&ROUND(R93,1) -> 2000.9~2000.9 | V93: =ROUNDUP((IF(K93<26,10.927,11.212))*K93/10,0) -> 14
E94: 工程量 | H94: 结构宽度 | J94: N7 | K94: 8 | M94: =R94+11 -> 43 | N94: =ROUNDDOWN(((VLOOKUP(I86,$B$39:$Z$70,2,0))/(VLOOKUP(I86,$B$39:$Z$70,4,0))-1),0)/4*((VLOOKUP(I86,$B$39:$Z$70,20,0))+1) -> 6880 | O94: =M94*N94/100 -> 2958.4 | P94: =ROUND(K94^2*PI()/4/1000000*7850,3) -> 0.395 | Q94: =O94*P94 -> 1168.568 | R94: =I93-2*I96 -> 32 | S94: -
E95: c40 | F95: HPB300 | G95: HRB400 | H95: =VLOOKUP(I86,$B$4:$J$70,8,0) -> 2170 | J95: N8 | K95: 8 | M95: =R95+11 -> 33 | N95: =ROUND(E92/4*G90,0)*2 -> 1590 | O95: =M95*N95/100 -> 524.7 | P95: =ROUND(K95^2*PI()/4/1000000*7850,3) -> 0.395 | Q95: =O95*P95 -> 207.2565 | R95: =H93-2*I96 -> 22 | S95: -
E96: =IF(I86=0,0,ROUND(((H89+I89)/2*H93*2+H95*I93+0.2*0.2+0.25*0.05*2)*(H91+I91)/2/1000000,1)) -> 202.6 | F96: =IF(I86=0,0,ROUND(Q94+Q95,1)) -> 1375.8 | G96: =IF(I86=0,0,ROUND(Q88+Q89+Q90+Q91+Q92+Q93,1)) -> 25026.6 | H96: 保护层 | I96: =$P$3 -> 4 | J96: 合计 | K96: ="C40混凝土:"&ROUND(((H89+I89)/2*H93*2+H95*I93+0.2*0.2+0.25*0.05*2)*(H91+I91)/2/1000000,1)&"m"&" "&"HPB300:"&ROUND(Q94+Q95,1)&"kg "&"HRB400:"&ROUND(Q88+Q89+Q90+Q91+Q92+Q93,1)&"kg" -> C40混凝土:202.6m HPB300:1375.8kg HRB400:25026.6kg | R96: 指标 | S96: =ROUND(SUM(Q88:Q95)/ROUND(((H89+I89)/2*H93*2+H95*I93+0.2*0.2+0.25*0.05*2)*(H91+I91)/2/1000000,1),1) -> 130.3
B98: =B6 -> YU3 | E98: 钢筋参数 | H98: 节段编号 | I98: =B98 -> YU3 | J98: 编号 | K98: 规格 | L98: 大样(cm) | M98: 单根长(cm) | N98: 根数 | O98: 总长度(m) | P98: 每米重(kg) | Q98: 总重量(kg) | R98: 改大样（cm） | V98: 弯钩
H100: 净高 | J100: N1 | K100: ='1.U型槽主筋验算'!K4 -> 18 | M100: =(R100+S100)/2+ROUNDUP((IF(K100<26,10.927,11.212))*K100/10,0)*2 -> 2971.769 | N100: =ROUNDUP((H103/12.5),0)*IF(I101>600,2,1) -> 160 | O100: =M100*N100/100 -> 4754.8304 | P100: =ROUND(K100^2*PI()/4/1000000*7850,3) -> 1.998 | Q100: =O100*P100 -> 9500.1511 | R100: =(H101+I105-I108*2)*2+(H107-I108*2)+(H105-I108*2)*2 -> 2872.308 | S100: =(I101+I105-I108*2)*2+(H107-I108*2)+(H105-I108*2)*2 -> 2991.23 | T100: =R102 -> 2182 | V100: =ROUNDUP((IF(K100<26,10.927,11.212))*K100/10,0) -> 20
E101: n | F101: n1' | G101: n1 | H101: =MIN(VLOOKUP(I98,$B$4:$J$70,2,0),VLOOKUP(I98,$B$4:$J$70,3,0)) -> 271.154 | I101: =MAX(VLOOKUP(I98,$B$4:$J$70,2,0),VLOOKUP(I98,$B$4:$J$70,3,0)) -> 330.615 | J101: N2 | K101: 12 | M101: =(R101+S101)/2+ROUNDUP((IF(K101<26,10.927,11.212))*K101/10,0)*2 -> 370.8845 | N101: =ROUNDUP((H103/12.5*1),0)*2 -> 320 | O101: =M101*N101/100 -> 1186.8304 | P101: =ROUND(K101^2*PI()/4/1000000*7850,3) -> 0.888 | Q101: =O101*P101 -> 1053.9054 | R101: =H101+I105-I108*2 -> 313.154 | S101: =I101+I105-I108*2 -> 372.615 | T101: =ROUND(R101,1)&"~"&ROUND(S101,1) -> 313.2~372.6 | V101: =ROUNDUP((IF(K101<26,10.927,11.212))*K101/10,0) -> 14
E102: =VLOOKUP(I98,$B$39:$Z$70,3,0) -> 174 | F102: =VLOOKUP(I98,$B$39:$Z$70,17,0) -> 4 | G102: =VLOOKUP(I98,$B$39:$Z$70,12,0) -> 25 | H102: 节段宽 | J102: N3 | K102: 20 | M102: =R102+2*ROUNDUP((IF(K102<26,10.927,11.212))*K102/10,0) -> 2226 | N102: =ROUNDUP(H103/12.5,0) -> 160 | O102: =M102*N102/100 -> 3561.6 | P102: =ROUND(K102^2*PI()/4/1000000*7850,3) -> 2.466 | Q102: =O102*P102 -> 8782.9056 | R102: =H107-I108*2 -> 2182 | S102: - | V102: =ROUNDUP((IF(K102<26,10.927,11.212))*K102/10,0) -> 22
E103: m1 | F103: m2 | G103: m | H103: =MAX(VLOOKUP(I98,$B$4:$J$70,4,0),VLOOKUP(I98,$B$4:$J$70,5,0)) -> 2000 | I103: =MIN(VLOOKUP(I98,$B$4:$J$70,4,0),VLOOKUP(I98,$B$4:$J$70,5,0)) -> 2000 | J103: N4 | K103: 14 | M103: =R103+2*ROUNDUP((IF(K103<26,10.927,11.212))*K103/10,0) -> 168.24978 | N103: =ROUNDUP(H103/12.5,0)*2 -> 320 | O103: =M103*N103/100 -> 538.39931 | P103: =ROUND(K103^2*PI()/4/1000000*7850,3) -> 1.208 | Q103: =O103*P103 -> 650.38636 | R103: =((H105+I105-I108*2)+(20-I108*2^0.5))*(2^0.5) -> 136.24978 | S103: - | V103: =ROUNDUP((IF(K103<26,10.927,11.212))*K103/10,0) -> 16
E104: =VLOOKUP(I98,$B$39:$Z$70,20,0) -> 159 | F104: =VLOOKUP(I98,$B$39:$Z$70,23,0) -> 159 | G104: =VLOOKUP(I98,$B$39:$Z$70,7,0) -> 3 | H104: 边墙厚 | I104: 底板厚 | J104: N5 | K104: 12 | M104: =(R104+S104)/2+2*ROUNDUP((IF(K104<26,10.927,11.212))*K104/10,0) -> 2020 | N104: =4*(G102+1)+(G104-1)*2 -> 108 | O104: =M104*N104/100 -> 2181.6 | P104: =ROUND(K104^2*PI()/4/1000000*7850,3) -> 0.888 | Q104: =O104*P104 -> 1937.2608 | R104: =H103-I108*2 -> 1992 | S104: =I103-I108*2 -> 1992 | T104: =ROUND(S104,1)&"~"&ROUND(R104,1) -> 1992~1992 | V104: =ROUNDUP((IF(K104<26,10.927,11.212))*K104/10,0) -> 14
H105: =VLOOKUP(I98,$B$4:$J$70,6,0) -> 40 | I105: =VLOOKUP(I98,$B$4:$J$70,7,0) -> 50 | J105: N6 | K105: 12 | M105: =(R105+S105)/2+2*ROUNDUP((IF(K105<26,10.927,11.212))*K105/10,0) -> 2028.8837 | N105: =2*(E102+1)+F102*2 -> 358 | O105: =M105*N105/100 -> 7263.4037 | P105: =ROUND(K105^2*PI()/4/1000000*7850,3) -> 0.888 | Q105: =O105*P105 -> 6449.9025 | R105: =((I101-H101)^2+H103^2)^0.5 -> 2000.8837 | S105: =((I101-H101)^2+I103^2)^0.5 -> 2000.8837 | T105: =ROUND(S105,1)&"~"&ROUND(R105,1) -> 2000.9~2000.9 | V105: =ROUNDUP((IF(K105<26,10.927,11.212))*K105/10,0) -> 14
E106: 工程量 | H106: 结构宽度 | J106: N7 | K106: 8 | M106: =R106+11 -> 53 | N106: =ROUNDDOWN(((VLOOKUP(I98,$B$39:$Z$70,2,0))/(VLOOKUP(I98,$B$39:$Z$70,4,0))-1),0)/4*((VLOOKUP(I98,$B$39:$Z$70,20,0))+1) -> 6960 | O106: =M106*N106/100 -> 3688.8 | P106: =ROUND(K106^2*PI()/4/1000000*7850,3) -> 0.395 | Q106: =O106*P106 -> 1457.076 | R106: =I105-2*I108 -> 42 | S106: -
E107: c40 | F107: HPB300 | G107: HRB400 | H107: =VLOOKUP(I98,$B$4:$J$70,8,0) -> 2190 | J107: N8 | K107: 8 | M107: =R107+11 -> 43 | N107: =ROUND(E104/4*G102,0)*2 -> 1988 | O107: =M107*N107/100 -> 854.84 | P107: =ROUND(K107^2*PI()/4/1000000*7850,3) -> 0.395 | Q107: =O107*P107 -> 337.6618 | R107: =H105-2*I108 -> 32 | S107: -
E108: =IF(I98=0,0,ROUND(((H101+I101)/2*H105*2+H107*I105+0.2*0.2+0.25*0.05*2)*(H103+I103)/2/1000000,1)) -> 267.1 | F108: =IF(I98=0,0,ROUND(Q106+Q107,1)) -> 1794.7 | G108: =IF(I98=0,0,ROUND(Q100+Q101+Q102+Q103+Q104+Q105,1)) -> 28374.5 | H108: 保护层 | I108: =$P$3 -> 4 | J108: 合计 | K108: ="C40混凝土:"&ROUND(((H101+I101)/2*H105*2+H107*I105+0.2*0.2+0.25*0.05*2)*(H103+I103)/2/1000000,1)&"m"&" "&"HPB300:"&ROUND(Q106+Q107,1)&"kg "&"HRB400:"&ROUND(Q100+Q101+Q102+Q103+Q104+Q105,1)&"kg" -> C40混凝土:267.1m HPB300:1794.7kg HRB400:28374.5kg | R108: 指标 | S108: =ROUND(SUM(Q100:Q107)/ROUND(((H101+I101)/2*H105*2+H107*I105+0.2*0.2+0.25*0.05*2)*(H103+I103)/2/1000000,1),1) -> 113
B110: =B7 -> YU4 | E110: 钢筋参数 | H110: 节段编号 | I110: =B110 -> YU4 | J110: 编号 | K110: 规格 | L110: 大样(cm) | M110: 单根长(cm) | N110: 根数 | O110: 总长度(m) | P110: 每米重(kg) | Q110: 总重量(kg) | R110: 改大样（cm） | V110: 弯钩
H112: 净高 | J112: N1 | K112: ='1.U型槽主筋验算'!K5 -> 22 | M112: =(R112+S112)/2+ROUNDUP((IF(K112<26,10.927,11.212))*K112/10,0)*2 -> 3100.869 | N112: =ROUNDUP((H115/12.5),0)*IF(I113>600,2,1) -> 160 | O112: =M112*N112/100 -> 4961.3904 | P112: =ROUND(K112^2*PI()/4/1000000*7850,3) -> 2.984 | Q112: =O112*P112 -> 14804.789 | R112: =(H113+I117-I120*2)*2+(H119-I120*2)+(H117-I120*2)*2 -> 2991.408 | S112: =(I113+I117-I120*2)*2+(H119-I120*2)+(H117-I120*2)*2 -> 3110.33 | T112: =R114 -> 2182 | V112: =ROUNDUP((IF(K112<26,10.927,11.212))*K112/10,0) -> 25
E113: n | F113: n1' | G113: n1 | H113: =MIN(VLOOKUP(I110,$B$4:$J$70,2,0),VLOOKUP(I110,$B$4:$J$70,3,0)) -> 330.704 | I113: =MAX(VLOOKUP(I110,$B$4:$J$70,2,0),VLOOKUP(I110,$B$4:$J$70,3,0)) -> 390.165 | J113: N2 | K113: 12 | M113: =(R113+S113)/2+ROUNDUP((IF(K113<26,10.927,11.212))*K113/10,0)*2 -> 430.4345 | N113: =ROUNDUP((H115/12.5*1),0)*2 -> 320 | O113: =M113*N113/100 -> 1377.3904 | P113: =ROUND(K113^2*PI()/4/1000000*7850,3) -> 0.888 | Q113: =O113*P113 -> 1223.1227 | R113: =H113+I117-I120*2 -> 372.704 | S113: =I113+I117-I120*2 -> 432.165 | T113: =ROUND(R113,1)&"~"&ROUND(S113,1) -> 372.7~432.2 | V113: =ROUNDUP((IF(K113<26,10.927,11.212))*K113/10,0) -> 14
E114: =VLOOKUP(I110,$B$39:$Z$70,3,0) -> 174 | F114: =VLOOKUP(I110,$B$39:$Z$70,17,0) -> 4 | G114: =VLOOKUP(I110,$B$39:$Z$70,12,0) -> 30 | H114: 节段宽 | J114: N3 | K114: 20 | M114: =R114+2*ROUNDUP((IF(K114<26,10.927,11.212))*K114/10,0) -> 2226 | N114: =ROUNDUP(H115/12.5,0) -> 160 | O114: =M114*N114/100 -> 3561.6 | P114: =ROUND(K114^2*PI()/4/1000000*7850,3) -> 2.466 | Q114: =O114*P114 -> 8782.9056 | R114: =H119-I120*2 -> 2182 | S114: - | V114: =ROUNDUP((IF(K114<26,10.927,11.212))*K114/10,0) -> 22
E115: m1 | F115: m2 | G115: m | H115: =MAX(VLOOKUP(I110,$B$4:$J$70,4,0),VLOOKUP(I110,$B$4:$J$70,5,0)) -> 2000 | I115: =MIN(VLOOKUP(I110,$B$4:$J$70,4,0),VLOOKUP(I110,$B$4:$J$70,5,0)) -> 2000 | J115: N4 | K115: 14 | M115: =R115+2*ROUNDUP((IF(K115<26,10.927,11.212))*K115/10,0) -> 168.24978 | N115: =ROUNDUP(H115/12.5,0)*2 -> 320 | O115: =M115*N115/100 -> 538.39931 | P115: =ROUND(K115^2*PI()/4/1000000*7850,3) -> 1.208 | Q115: =O115*P115 -> 650.38636 | R115: =((H117+I117-I120*2)+(20-I120*2^0.5))*(2^0.5) -> 136.24978 | S115: - | V115: =ROUNDUP((IF(K115<26,10.927,11.212))*K115/10,0) -> 16
E116: =VLOOKUP(I110,$B$39:$Z$70,20,0) -> 159 | F116: =VLOOKUP(I110,$B$39:$Z$70,23,0) -> 159 | G116: =VLOOKUP(I110,$B$39:$Z$70,7,0) -> 3 | H116: 边墙厚 | I116: 底板厚 | J116: N5 | K116: 12 | M116: =(R116+S116)/2+2*ROUNDUP((IF(K116<26,10.927,11.212))*K116/10,0) -> 2020 | N116: =4*(G114+1)+(G116-1)*2 -> 128 | O116: =M116*N116/100 -> 2585.6 | P116: =ROUND(K116^2*PI()/4/1000000*7850,3) -> 0.888 | Q116: =O116*P116 -> 2296.0128 | R116: =H115-I120*2 -> 1992 | S116: =I115-I120*2 -> 1992 | T116: =ROUND(S116,1)&"~"&ROUND(R116,1) -> 1992~1992 | V116: =ROUNDUP((IF(K116<26,10.927,11.212))*K116/10,0) -> 14
H117: =VLOOKUP(I110,$B$4:$J$70,6,0) -> 40 | I117: =VLOOKUP(I110,$B$4:$J$70,7,0) -> 50 | J117: N6 | K117: 12 | M117: =(R117+S117)/2+2*ROUNDUP((IF(K117<26,10.927,11.212))*K117/10,0) -> 2028.8837 | N117: =2*(E114+1)+F114*2 -> 358 | O117: =M117*N117/100 -> 7263.4037 | P117: =ROUND(K117^2*PI()/4/1000000*7850,3) -> 0.888 | Q117: =O117*P117 -> 6449.9025 | R117: =((I113-H113)^2+H115^2)^0.5 -> 2000.8837 | S117: =((I113-H113)^2+I115^2)^0.5 -> 2000.8837 | T117: =ROUND(S117,1)&"~"&ROUND(R117,1) -> 2000.9~2000.9 | V117: =ROUNDUP((IF(K117<26,10.927,11.212))*K117/10,0) -> 14
E118: 工程量 | H118: 结构宽度 | J118: N7 | K118: 8 | M118: =R118+11 -> 53 | N118: =ROUNDDOWN(((VLOOKUP(I110,$B$39:$Z$70,2,0))/(VLOOKUP(I110,$B$39:$Z$70,4,0))-1),0)/4*((VLOOKUP(I110,$B$39:$Z$70,20,0))+1) -> 6960 | O118: =M118*N118/100 -> 3688.8 | P118: =ROUND(K118^2*PI()/4/1000000*7850,3) -> 0.395 | Q118: =O118*P118 -> 1457.076 | R118: =I117-2*I120 -> 42 | S118: -
E119: c40 | F119: HPB300 | G119: HRB400 | H119: =VLOOKUP(I110,$B$4:$J$70,8,0) -> 2190 | J119: N8 | K119: 8 | M119: =R119+11 -> 43 | N119: =ROUND(E116/4*G114,0)*2 -> 2386 | O119: =M119*N119/100 -> 1025.98 | P119: =ROUND(K119^2*PI()/4/1000000*7850,3) -> 0.395 | Q119: =O119*P119 -> 405.2621 | R119: =H117-2*I120 -> 32 | S119: -
E120: =IF(I110=0,0,ROUND(((H113+I113)/2*H117*2+H119*I117+0.2*0.2+0.25*0.05*2)*(H115+I115)/2/1000000,1)) -> 276.7 | F120: =IF(I110=0,0,ROUND(Q118+Q119,1)) -> 1862.3 | G120: =IF(I110=0,0,ROUND(Q112+Q113+Q114+Q115+Q116+Q117,1)) -> 34207.1 | H120: 保护层 | I120: =$P$3 -> 4 | J120: 合计 | K120: ="C40混凝土:"&ROUND(((H113+I113)/2*H117*2+H119*I117+0.2*0.2+0.25*0.05*2)*(H115+I115)/2/1000000,1)&"m"&" "&"HPB300:"&ROUND(Q118+Q119,1)&"kg "&"HRB400:"&ROUND(Q112+Q113+Q114+Q115+Q116+Q117,1)&"kg" -> C40混凝土:276.7m HPB300:1862.3kg HRB400:34207.1kg | R120: 指标 | S120: =ROUND(SUM(Q112:Q119)/ROUND(((H113+I113)/2*H117*2+H119*I117+0.2*0.2+0.25*0.05*2)*(H115+I115)/2/1000000,1),1) -> 130.4
B122: =B8 -> YU5 | E122: 钢筋参数 | H122: 节段编号 | I122: =B122 -> YU5 | J122: 编号 | K122: 规格 | L122: 大样(cm) | M122: 单根长(cm) | N122: 根数 | O122: 总长度(m) | P122: 每米重(kg) | Q122: 总重量(kg) | R122: 改大样（cm） | V122: 弯钩
H124: 净高 | J124: N1 | K124: ='1.U型槽主筋验算'!K6 -> 25 | M124: =(R124+S124)/2+ROUNDUP((IF(K124<26,10.927,11.212))*K124/10,0)*2 -> 3285.971 | N124: =ROUNDUP((H127/12.5),0)*IF(I125>600,2,1) -> 160 | O124: =M124*N124/100 -> 5257.5536 | P124: =ROUND(K124^2*PI()/4/1000000*7850,3) -> 3.853 | Q124: =O124*P124 -> 20257.354 | R124: =(H125+I129-I132*2)*2+(H131-I132*2)+(H129-I132*2)*2 -> 3170.51 | S124: =(I125+I129-I132*2)*2+(H131-I132*2)+(H129-I132*2)*2 -> 3289.432 | T124: =R126 -> 2202 | V124: =ROUNDUP((IF(K124<26,10.927,11.212))*K124/10,0) -> 28
...

Sheet 新增管沟
A1: U型槽 编号 | B1: L (cm) | C1: Hmin (cm) | D1: Hmax (cm) | E1: B1 (cm) | F1: B2 (cm) | G1: T (cm) | H1: n | I1: a (cm) | J1: m (cm) | K1: Hmin (cm) | L1: Hmax (cm) | M1: e
A2: ='[7]0.结构参数'!B5 -> YU1 | B2: ='0.结构参数'!D41*100 -> 2000 | C2: =MIN(('0.结构参数'!K5-'0.结构参数'!I5),('0.结构参数'!L5-'0.结构参数'!J5))*100-70 -> 90 | D2: =MAX(('0.结构参数'!K5-'0.结构参数'!I5),('0.结构参数'!L5-'0.结构参数'!J5))*100-70 -> 105.486 | E2: 25 | F2: 20 | G2: 35 | H2: =ROUNDDOWN((D2-M2)/15,0) -> 6 | I2: =D2-M2-H2*15 -> 8.986 | J2: =(C2-M2-I2)/H2 -> 12.419 | K2: =C2+30 -> 120 | L2: =D2+30 -> 135.486 | M2: =$R$2+$R$5 -> 6.5 | Q2: 净保护层 | R2: 4
A3: ='[7]0.结构参数'!B6 -> YU2 | B3: ='0.结构参数'!D42*100 -> 2000 | C3: =MIN(('0.结构参数'!K6-'0.结构参数'!I6),('0.结构参数'!L6-'0.结构参数'!J6))*100-70 -> 105.5 | D3: =MAX(('0.结构参数'!K6-'0.结构参数'!I6),('0.结构参数'!L6-'0.结构参数'!J6))*100-70 -> 114.961 | E3: 25 | F3: 20 | G3: 35 | H3: =ROUNDDOWN((D3-M3)/15,0) -> 7 | I3: =D3-M3-H3*15 -> 3.461 | J3: =(C3-M3-I3)/H3 -> 13.648429 | K3: =C3+30 -> 135.5 | L3: =D3+30 -> 144.961 | M3: =$R$2+$R$5 -> 6.5 | Q3: 盖板厚度 | R3: 30
A4: ='[7]0.结构参数'!B7 -> YU3 | B4: ='0.结构参数'!D43*100 -> 2000 | C4: =MIN(('0.结构参数'!K7-'0.结构参数'!I7),('0.结构参数'!L7-'0.结构参数'!J7))*100-70 -> 114.975 | D4: =MAX(('0.结构参数'!K7-'0.结构参数'!I7),('0.结构参数'!L7-'0.结构参数'!J7))*100-70 -> 124.436 | E4: 25 | F4: 20 | G4: 35 | H4: =ROUNDDOWN((D4-M4)/15,0) -> 7 | I4: =D4-M4-H4*15 -> 12.936 | J4: =(C4-M4-I4)/H4 -> 13.648429 | K4: =C4+30 -> 144.975 | L4: =D4+30 -> 154.436 | M4: =$R$2+$R$5 -> 6.5 | Q4: 主筋直径 | R4: 1.8
A5: ='[7]0.结构参数'!B8 -> YU4 | B5: ='0.结构参数'!D44*100 -> 2000 | C5: =MIN(('0.结构参数'!K8-'0.结构参数'!I8),('0.结构参数'!L8-'0.结构参数'!J8))*100-70 -> 124.45 | D5: =MAX(('0.结构参数'!K8-'0.结构参数'!I8),('0.结构参数'!L8-'0.结构参数'!J8))*100-70 -> 133.911 | E5: 25 | F5: 20 | G5: 35 | H5: =ROUNDDOWN((D5-M5)/15,0) -> 8 | I5: =D5-M5-H5*15 -> 7.411 | J5: =(C5-M5-I5)/H5 -> 13.817375 | K5: =C5+30 -> 154.45 | L5: =D5+30 -> 163.911 | M5: =$R$2+$R$5 -> 6.5 | R5: =R4+1.4/2 -> 2.5
A6: ='[7]0.结构参数'!B9 -> YU5 | B6: ='0.结构参数'!D45*100 -> 2000 | C6: =MIN(('0.结构参数'!K9-'0.结构参数'!I9),('0.结构参数'!L9-'0.结构参数'!J9))*100-70 -> 133.926 | D6: =MAX(('0.结构参数'!K9-'0.结构参数'!I9),('0.结构参数'!L9-'0.结构参数'!J9))*100-70 -> 143.387 | E6: 25 | F6: 20 | G6: 35 | H6: =ROUNDDOWN((D6-M6)/15,0) -> 9 | I6: =D6-M6-H6*15 -> 1.887 | J6: =(C6-M6-I6)/H6 -> 13.948778 | K6: =C6+30 -> 163.926 | L6: =D6+30 -> 173.387 | M6: =$R$2+$R$5 -> 6.5
A7: ='[7]0.结构参数'!B10 -> YU6 | B7: ='0.结构参数'!D46*100 -> 2000 | C7: =MIN(('0.结构参数'!K10-'0.结构参数'!I10),('0.结构参数'!L10-'0.结构参数'!J10))*100-70 -> 143.428 | D7: =MAX(('0.结构参数'!K10-'0.结构参数'!I10),('0.结构参数'!L10-'0.结构参数'!J10))*100-70 -> 171.196 | E7: 25 | F7: 20 | G7: 35 | H7: =ROUNDDOWN((D7-M7)/15,0) -> 10 | I7: =D7-M7-H7*15 -> 14.696 | J7: =(C7-M7-I7)/H7 -> 12.2232 | K7: =C7+30 -> 173.428 | L7: =D7+30 -> 201.196 | M7: =$R$2+$R$5 -> 6.5
A8: ='[7]0.结构参数'!B11 -> YU7 | B8: ='0.结构参数'!D47*100 -> 2000 | C8: =MIN(('0.结构参数'!K11-'0.结构参数'!I11),('0.结构参数'!L11-'0.结构参数'!J11))*100-70 -> 171.238 | D8: =MAX(('0.结构参数'!K11-'0.结构参数'!I11),('0.结构参数'!L11-'0.结构参数'!J11))*100-70 -> 199.005 | E8: 25 | F8: 20 | G8: 35 | H8: =ROUNDDOWN((D8-M8)/15,0) -> 12 | I8: =D8-M8-H8*15 -> 12.505 | J8: =(C8-M8-I8)/H8 -> 12.686083 | K8: =C8+30 -> 201.238 | L8: =D8+30 -> 229.005 | M8: =$R$2+$R$5 -> 6.5
A9: ='[7]0.结构参数'!B12 -> YU8 | B9: ='0.结构参数'!D48*100 -> 2000 | C9: =MIN(('0.结构参数'!K12-'0.结构参数'!I12),('0.结构参数'!L12-'0.结构参数'!J12))*100-70 -> 199.02 | D9: =MAX(('0.结构参数'!K12-'0.结构参数'!I12),('0.结构参数'!L12-'0.结构参数'!J12))*100-70 -> 209.039 | E9: 25 | F9: 20 | G9: 35 | H9: =ROUNDDOWN((D9-M9)/15,0) -> 13 | I9: =D9-M9-H9*15 -> 7.539 | J9: =(C9-M9-I9)/H9 -> 14.229308 | K9: =C9+30 -> 229.02 | L9: =D9+30 -> 239.039 | M9: =$R$2+$R$5 -> 6.5
A10: ='[7]0.结构参数'!B13 -> YU9 | B10: 1000 | C10: 148.9 | D10: 209.1 | E10: 25 | F10: 20 | G10: 35 | H10: =ROUNDDOWN((D10-M10)/15,0) -> 13 | I10: =D10-M10-H10*15 -> 7.6 | J10: =(C10-M10-I10)/H10 -> 10.369231 | K10: =C10+30 -> 178.9 | L10: =D10+30 -> 239.1 | M10: =$R$2+$R$5 -> 6.5
A11: ='[7]0.结构参数'!B14 -> YU10 | B11: ='0.结构参数'!D50*100 -> 2000 | C11: 188.9 | D11: 208.9 | E11: 25 | F11: 20 | G11: 35 | H11: =ROUNDDOWN((D11-M11)/15,0) -> 13 | I11: =D11-M11-H11*15 -> 7.4 | J11: =(C11-M11-I11)/H11 -> 13.461538 | K11: =C11+30 -> 218.9 | L11: =D11+30 -> 238.9 | M11: =$R$2+$R$5 -> 6.5
A12: ='[7]0.结构参数'!B15 -> YU11 | B12: ='0.结构参数'!D51*100 -> 2000 | C12: =MIN(('0.结构参数'!K15-'0.结构参数'!I15),('0.结构参数'!L15-'0.结构参数'!J15))*100-70 -> 219.149 | D12: =MAX(('0.结构参数'!K15-'0.结构参数'!I15),('0.结构参数'!L15-'0.结构参数'!J15))*100-70 -> 272.58 | E12: 25 | F12: 20 | G12: 35 | H12: =ROUNDDOWN((D12-M12)/15,0) -> 17 | I12: =D12-M12-H12*15 -> 11.08 | J12: =(C12-M12-I12)/H12 -> 11.857 | K12: =C12+30 -> 249.149 | L12: =D12+30 -> 302.58 | M12: =$R$2+$R$5 -> 6.5
A13: ='[7]0.结构参数'!B16 -> YU12 | B13: ='0.结构参数'!D52*100 -> 2000 | C13: =MIN(('0.结构参数'!K16-'0.结构参数'!I16),('0.结构参数'!L16-'0.结构参数'!J16))*100-70 -> 183.963 | D13: =MAX(('0.结构参数'!K16-'0.结构参数'!I16),('0.结构参数'!L16-'0.结构参数'!J16))*100-70 -> 219.082 | E13: 25 | F13: 20 | G13: 35 | H13: =ROUNDDOWN((D13-M13)/15,0) -> 14 | I13: =D13-M13-H13*15 -> 2.582 | J13: =(C13-M13-I13)/H13 -> 12.4915 | K13: =C13+30 -> 213.963 | L13: =D13+30 -> 249.082 | M13: =$R$2+$R$5 -> 6.5
A14: ='[7]0.结构参数'!B17 -> YU13 | B14: ='0.结构参数'!D53*100 -> 2000 | C14: =MIN(('0.结构参数'!K17-'0.结构参数'!I17),('0.结构参数'!L17-'0.结构参数'!J17))*100-70 -> 167.327 | D14: =MAX(('0.结构参数'!K17-'0.结构参数'!I17),('0.结构参数'!L17-'0.结构参数'!J17))*100-70 -> 183.925 | E14: 25 | F14: 20 | G14: 35 | H14: =ROUNDDOWN((D14-M14)/15,0) -> 11 | I14: =D14-M14-H14*15 -> 12.425 | J14: =(C14-M14-I14)/H14 -> 13.491091 | K14: =C14+30 -> 197.327 | L14: =D14+30 -> 213.925 | M14: =$R$2+$R$5 -> 6.5
A15: ='[7]0.结构参数'!B18 -> YU14 | B15: ='0.结构参数'!D54*100 -> 2000 | C15: =MIN(('0.结构参数'!K18-'0.结构参数'!I18),('0.结构参数'!L18-'0.结构参数'!J18))*100-70 -> 161.575 | D15: =MAX(('0.结构参数'!K18-'0.结构参数'!I18),('0.结构参数'!L18-'0.结构参数'!J18))*100-70 -> 167.308 | E15: 25 | F15: 20 | G15: 35 | H15: =ROUNDDOWN((D15-M15)/15,0) -> 10 | I15: =D15-M15-H15*15 -> 10.808 | J15: =(C15-M15-I15)/H15 -> 14.4267 | K15: =C15+30 -> 191.575 | L15: =D15+30 -> 197.308 | M15: =$R$2+$R$5 -> 6.5
A16: ='[7]0.结构参数'!B19 -> YU15 | B16: ='0.结构参数'!D55*100 -> 2000 | C16: =MIN(('0.结构参数'!K19-'0.结构参数'!I19),('0.结构参数'!L19-'0.结构参数'!J19))*100-70 -> 155.834 | D16: =MAX(('0.结构参数'!K19-'0.结构参数'!I19),('0.结构参数'!L19-'0.结构参数'!J19))*100-70 -> 161.566 | E16: 25 | F16: 20 | G16: 35 | H16: =ROUNDDOWN((D16-M16)/15,0) -> 10 | I16: =D16-M16-H16*15 -> 5.066 | J16: =(C16-M16-I16)/H16 -> 14.4268 | K16: =C16+30 -> 185.834 | L16: =D16+30 -> 191.566 | M16: =$R$2+$R$5 -> 6.5
A17: ='[7]0.结构参数'!B20 -> YU16 | B17: ='0.结构参数'!D56*100 -> 2000 | C17: =MIN(('0.结构参数'!K20-'0.结构参数'!I20),('0.结构参数'!L20-'0.结构参数'!J20))*100-70 -> 150.092 | D17: =MAX(('0.结构参数'!K20-'0.结构参数'!I20),('0.结构参数'!L20-'0.结构参数'!J20))*100-70 -> 155.825 | E17: 25 | F17: 20 | G17: 35 | H17: =ROUNDDOWN((D17-M17)/15,0) -> 9 | I17: =D17-M17-H17*15 -> 14.325 | J17: =(C17-M17-I17)/H17 -> 14.363 | K17: =C17+30 -> 180.092 | L17: =D17+30 -> 185.825 | M17: =$R$2+$R$5 -> 6.5
A18: ='[7]0.结构参数'!B21 -> YU17 | B18: ='0.结构参数'!D57*100 -> 2000 | C18: =MIN(('0.结构参数'!K21-'0.结构参数'!I21),('0.结构参数'!L21-'0.结构参数'!J21))*100-70 -> 144.351 | D18: =MAX(('0.结构参数'!K21-'0.结构参数'!I21),('0.结构参数'!L21-'0.结构参数'!J21))*100-70 -> 150.084 | E18: 25 | F18: 20 | G18: 35 | H18: =ROUNDDOWN((D18-M18)/15,0) -> 9 | I18: =D18-M18-H18*15 -> 8.584 | J18: =(C18-M18-I18)/H18 -> 14.363 | K18: =C18+30 -> 174.351 | L18: =D18+30 -> 180.084 | M18: =$R$2+$R$5 -> 6.5
A19: ='[7]0.结构参数'!B22 -> YU18 | B19: ='0.结构参数'!D58*100 -> 2000 | C19: =MIN(('0.结构参数'!K22-'0.结构参数'!I22),('0.结构参数'!L22-'0.结构参数'!J22))*100-70 -> 138.61 | D19: =MAX(('0.结构参数'!K22-'0.结构参数'!I22),('0.结构参数'!L22-'0.结构参数'!J22))*100-70 -> 144.342 | E19: 25 | F19: 20 | G19: 35 | H19: =ROUNDDOWN((D19-M19)/15,0) -> 9 | I19: =D19-M19-H19*15 -> 2.842 | J19: =(C19-M19-I19)/H19 -> 14.363111 | K19: =C19+30 -> 168.61 | L19: =D19+30 -> 174.342 | M19: =$R$2+$R$5 -> 6.5
A20: ='[7]0.结构参数'!B23 -> YU19 | B20: ='0.结构参数'!D59*100 -> 1547.05 | C20: =MIN(('0.结构参数'!K23-'0.结构参数'!I23),('0.结构参数'!L23-'0.结构参数'!J23))*100-70 -> 130 | D20: =MAX(('0.结构参数'!K23-'0.结构参数'!I23),('0.结构参数'!L23-'0.结构参数'!J23))*100-70 -> 138.601 | E20: 25 | F20: 20 | G20: 35 | H20: =ROUNDDOWN((D20-M20)/15,0) -> 8 | I20: =D20-M20-H20*15 -> 12.101 | J20: =(C20-M20-I20)/H20 -> 13.924875 | K20: =C20+30 -> 160 | L20: =D20+30 -> 168.601 | M20: =$R$2+$R$5 -> 6.5
A21: 既有U型槽1 | B21: 1000 | C21: =2.09*100 -> 209 | D21: 220.8 | E21: 25 | F21: 20 | G21: 35 | H21: =ROUNDDOWN((D21-M21)/15,0) -> 14 | I21: =D21-M21-H21*15 -> 4.3 | J21: =(C21-M21-I21)/H21 -> 14.157143 | K21: =C21+30 -> 239 | L21: =D21+30 -> 250.8 | M21: =$R$2+$R$5 -> 6.5 | O21: =(C21+D21)/200+0.9 -> 3.049 | P21: =O21*B21/100 -> 30.49
A22: 既有框架1 | B22: 5390 | C22: =220.8 -> 220.8 | D22: 236 | E22: 25 | F22: 20 | G22: 35 | H22: =ROUNDDOWN((D22-M22)/15,0) -> 15 | I22: =D22-M22-H22*15 -> 4.5 | J22: =(C22-M22-I22)/H22 -> 13.986667 | K22: =C22+30 -> 250.8 | L22: =D22+30 -> 266 | M22: =$R$2+$R$5 -> 6.5 | O22: =(C22+D22)/200+0.9 -> 3.184 | P22: =O22*B22/100 -> 171.6176
A23: 既有U型槽2 | B23: 1500 | C23: =236.1 -> 236.1 | D23: 261.9 | E23: 25 | F23: 20 | G23: 35 | H23: =ROUNDDOWN((D23-M23)/15,0) -> 17 | I23: =D23-M23-H23*15 -> 0.4 | J23: =(C23-M23-I23)/H23 -> 13.482353 | K23: =C23+30 -> 266.1 | L23: =D23+30 -> 291.9 | M23: =$R$2+$R$5 -> 6.5 | O23: =(C23+D23)/200+0.9 -> 3.39 | P23: =O23*B23/100 -> 50.85
A24: YU9-1 | B24: 1000 | C24: 148.9 | D24: 188.9 | E24: 25 | F24: 20 | G24: 35 | H24: =ROUNDDOWN((D24-M24)/15,0) -> 12 | I24: =D24-M24-H24*15 -> 2.4 | J24: =(C24-M24-I24)/H24 -> 11.666667 | K24: =C24+30 -> 178.9 | L24: =D24+30 -> 218.9 | M24: =$R$2+$R$5 -> 6.5 | P24: =SUM(P21:P23) -> 252.9576
K25: 2022.5.2
A29: =A2 -> YU1 | B29: =VLOOKUP($A29,$A$2:$N$28,2,0) -> 2000 | C29: =VLOOKUP($A29,$A$2:$N$28,3,0) -> 90 | D29: =VLOOKUP($A29,$A$2:$N$28,4,0) -> 105.486 | E29: =VLOOKUP($A29,$A$2:$N$28,5,0) -> 25 | F29: =VLOOKUP($A29,$A$2:$N$28,6,0) -> 20 | G29: =VLOOKUP($A29,$A$2:$N$28,7,0) -> 35 | H29: =VLOOKUP($A29,$A$2:$N$28,8,0) -> 6 | I29: =VLOOKUP($A29,$A$2:$N$28,9,0) -> 8.986 | J29: =VLOOKUP($A29,$A$2:$N$28,10,0) -> 12.419 | K29: =VLOOKUP($A29,$A$2:$N$28,11,0) -> 120 | L29: =VLOOKUP($A29,$A$2:$N$28,12,0) -> 135.486 | M29: =VLOOKUP($A29,$A$2:$N$28,13,0) -> 6.5
A30: =A29 -> YU1 | B30: 编号 | C30: 规格 | D30: 大样(cm) | G30: 单根长(cm) | H30: 根数 | I30: 总长(m) | J30: 每米重(kg/m) | K30: 总重(kg)
B31: N1 | C31: 16 | D31: =ROUND((C29+G29-$R$2-(C31+2)/10/2),1)&"~"&ROUND((D29+G29-$R$2-(C31+2)/10/2),1) -> 120.1~135.6 | E31: =F29-$R$2*2-(C31+2)/10 -> 10.2 | F31: - | G31: =(C29+G29-$R$2-(C31+2)/10/2)+(D29+G29-$R$2-(C31+2)/10/2)+E31 -> 265.886 | H31: =ROUND(B29/15,0)+1 -> 134 | I31: =G31*H31/100 -> 356.28724 | J31: =ROUND(C31^2*PI()/4/1000000*7850,3) -> 1.578 | K31: =I31*J31 -> 562.22126
B32: N2 | C32: 16 | D32: =ROUND((C29+G29-$R$2-(C31+2)/10/2),1)&"~"&ROUND((D29+G29-$R$2-(C31+2)/10/2),1) -> 120.1~135.6 | E32: =F29-$R$2*2-(C31+2)/10 -> 10.2 | F32: - | G32: =(C29+G29-$R$2-(C31+2)/10/2)+(D29+G29-$R$2-(C31+2)/10/2)+E31 -> 265.886 | H32: =ROUND(B29/15,0)+1 -> 134 | I32: =G32*H32/100 -> 356.28724 | J32: =ROUND(C32^2*PI()/4/1000000*7850,3) -> 1.578 | K32: =I32*J32 -> 562.22126
B33: N3 | C33: 12 | D33: =B29-$R$2*2 -> 1992 | E33: - | F33: =ROUNDUP((IF(C33<26,10.927,11.212))*C33/10,0) -> 14 | G33: =D33+F33*2 -> 2020 | H33: =(H29+1)*8-2 -> 54 | I33: =G33*H33/100 -> 1090.8 | J33: =ROUND(C33^2*PI()/4/1000000*7850,3) -> 0.888 | K33: =I33*J33 -> 968.6304
B34: N4 | C34: 16 | D34: =ROUND((C29+G29-$R$2-(C34+2)/10/2),1)&"~"&ROUND((D29+G29-$R$2-(C34+2)/10/2),1) -> 120.1~135.6 | E34: =E29-$R$2*2-(C34+2)/10 -> 15.2 | F34: - | G34: =(C29+G29-$R$2-(C34+2)/10/2)+(D29+G29-$R$2-(C34+2)/10/2)+E34 -> 270.886 | H34: =(ROUND(B29/15,0)+1)*2 -> 268 | I34: =G34*H34/100 -> 725.97448 | J34: =ROUND(C34^2*PI()/4/1000000*7850,3) -> 1.578 | K34: =I34*J34 -> 1145.5877
B35: N5 | C35: 8 | D35: =F29-$R$2*2 -> 12 | E35: - | F35: - | G35: =D35+11 -> 23 | H35: =(ROUND(B29/15,0)+1)*H29 -> 804 | I35: =G35*H35/100 -> 184.92 | J35: =ROUND(C35^2*PI()/4/1000000*7850,3) -> 0.395 | K35: =I35*J35 -> 73.0434
B36: N6 | C36: 8 | D36: =E29-$R$2*2 -> 17 | E36: - | F36: - | G36: =D36+11 -> 28 | H36: =(ROUND(B29/15,0)+1)*H29 -> 804 | I36: =G36*H36/100 -> 225.12 | J36: =ROUND(C36^2*PI()/4/1000000*7850,3) -> 0.395 | K36: =I36*J36 -> 88.9224
A37: 合计： | B37: HPB300钢筋： | D37: =K36+K35 -> 161.9658 | E37: HRB400钢筋： | G37: =SUM(K31:K34) -> 3238.6607 | H37: c40混凝土： | J37: =((C29+D29)/2*(E29*2+F29*2)/10000-0.2*0.2)*B29/100 -> 16.79374 | L37: =(D37+G37)/J37 -> 202.49369
A39: =A3 -> YU2 | B39: =VLOOKUP($A39,$A$2:$N$28,2,0) -> 2000 | C39: =VLOOKUP($A39,$A$2:$N$28,3,0) -> 105.5 | D39: =VLOOKUP($A39,$A$2:$N$28,4,0) -> 114.961 | E39: =VLOOKUP($A39,$A$2:$N$28,5,0) -> 25 | F39: =VLOOKUP($A39,$A$2:$N$28,6,0) -> 20 | G39: =VLOOKUP($A39,$A$2:$N$28,7,0) -> 35 | H39: =VLOOKUP($A39,$A$2:$N$28,8,0) -> 7 | I39: =VLOOKUP($A39,$A$2:$N$28,9,0) -> 3.461 | J39: =VLOOKUP($A39,$A$2:$N$28,10,0) -> 13.648429 | K39: =VLOOKUP($A39,$A$2:$N$28,11,0) -> 135.5 | L39: =VLOOKUP($A39,$A$2:$N$28,12,0) -> 144.961
A40: =A39 -> YU2 | B40: 编号 | C40: 规格 | D40: 大样 | G40: 单根长 | H40: 根数 | I40: 总长 | J40: 每米重 | K40: 总重
B41: N1 | C41: 16 | D41: =ROUND((C39+G39-$R$2-(C41+2)/10/2),1)&"~"&ROUND((D39+G39-$R$2-(C41+2)/10/2),1) -> 135.6~145.1 | E41: =F39-$R$2*2-(C41+2)/10 -> 10.2 | F41: - | G41: =(C39+G39-$R$2-(C41+2)/10/2)+(D39+G39-$R$2-(C41+2)/10/2)+E41 -> 290.861 | H41: =ROUND(B39/15,0)+1 -> 134 | I41: =G41*H41/100 -> 389.75374 | J41: =ROUND(C41^2*PI()/4/1000000*7850,3) -> 1.578 | K41: =I41*J41 -> 615.0314
B42: N2 | C42: 16 | D42: =ROUND((C39+G39-$R$2-(C41+2)/10/2),1)&"~"&ROUND((D39+G39-$R$2-(C41+2)/10/2),1) -> 135.6~145.1 | E42: =F39-$R$2*2-(C41+2)/10 -> 10.2 | F42: - | G42: =(C39+G39-$R$2-(C41+2)/10/2)+(D39+G39-$R$2-(C41+2)/10/2)+E41 -> 290.861 | H42: =ROUND(B39/15,0)+1 -> 134 | I42: =G42*H42/100 -> 389.75374 | J42: =ROUND(C42^2*PI()/4/1000000*7850,3) -> 1.578 | K42: =I42*J42 -> 615.0314
B43: N3 | C43: 12 | D43: =B39-$R$2*2 -> 1992 | E43: - | F43: =ROUNDUP((IF(C43<26,10.927,11.212))*C43/10,0) -> 14 | G43: =D43+F43*2 -> 2020 | H43: =(H39+1)*8-2 -> 62 | I43: =G43*H43/100 -> 1252.4 | J43: =ROUND(C43^2*PI()/4/1000000*7850,3) -> 0.888 | K43: =I43*J43 -> 1112.1312
B44: N4 | C44: 16 | D44: =ROUND((C39+G39-$R$2-(C44+2)/10/2),1)&"~"&ROUND((D39+G39-$R$2-(C44+2)/10/2),1) -> 135.6~145.1 | E44: =E39-$R$2*2-(C44+2)/10 -> 15.2 | F44: - | G44: =(C39+G39-$R$2-(C44+2)/10/2)+(D39+G39-$R$2-(C44+2)/10/2)+E44 -> 295.861 | H44: =(ROUND(B39/15,0)+1)*2 -> 268 | I44: =G44*H44/100 -> 792.90748 | J44: =ROUND(C44^2*PI()/4/1000000*7850,3) -> 1.578 | K44: =I44*J44 -> 1251.208
B45: N5 | C45: 8 | D45: =F39-$R$2*2 -> 12 | E45: - | F45: - | G45: =D45+11 -> 23 | H45: =(ROUND(B39/15,0)+1)*H39 -> 938 | I45: =G45*H45/100 -> 215.74 | J45: =ROUND(C45^2*PI()/4/1000000*7850,3) -> 0.395 | K45: =I45*J45 -> 85.2173
B46: N6 | C46: 8 | D46: =E39-$R$2*2 -> 17 | E46: - | F46: - | G46: =D46+11 -> 28 | H46: =(ROUND(B39/15,0)+1)*H39 -> 938 | I46: =G46*H46/100 -> 262.64 | J46: =ROUND(C46^2*PI()/4/1000000*7850,3) -> 0.395 | K46: =I46*J46 -> 103.7428
A47: 合计： | B47: HPB300钢筋： | D47: =K46+K45 -> 188.9601 | E47: HRB400钢筋： | G47: =SUM(K41:K44) -> 3593.402 | H47: c40混凝土： | J47: =((C39+D39)/2*(E39*2+F39*2)/10000-0.2*0.2)*B39/100 -> 19.04149 | L47: =(D47+G47)/J47 -> 198.63793
A49: =A4 -> YU3 | B49: =VLOOKUP($A49,$A$2:$N$28,2,0) -> 2000 | C49: =VLOOKUP($A49,$A$2:$N$28,3,0) -> 114.975 | D49: =VLOOKUP($A49,$A$2:$N$28,4,0) -> 124.436 | E49: =VLOOKUP($A49,$A$2:$N$28,5,0) -> 25 | F49: =VLOOKUP($A49,$A$2:$N$28,6,0) -> 20 | G49: =VLOOKUP($A49,$A$2:$N$28,7,0) -> 35 | H49: =VLOOKUP($A49,$A$2:$N$28,8,0) -> 7 | I49: =VLOOKUP($A49,$A$2:$N$28,9,0) -> 12.936 | J49: =VLOOKUP($A49,$A$2:$N$28,10,0) -> 13.648429 | K49: =VLOOKUP($A49,$A$2:$N$28,11,0) -> 144.975 | L49: =VLOOKUP($A49,$A$2:$N$28,12,0) -> 154.436
A50: =A49 -> YU3 | B50: 编号 | C50: 规格 | D50: 大样 | G50: 单根长 | H50: 根数 | I50: 总长 | J50: 每米重 | K50: 总重
B51: N1 | C51: 16 | D51: =ROUND((C49+G49-$R$2-(C51+2)/10/2),1)&"~"&ROUND((D49+G49-$R$2-(C51+2)/10/2),1) -> 145.1~154.5 | E51: =F49-$R$2*2-(C51+2)/10 -> 10.2 | F51: - | G51: =(C49+G49-$R$2-(C51+2)/10/2)+(D49+G49-$R$2-(C51+2)/10/2)+E51 -> 309.811 | H51: =ROUND(B49/15,0)+1 -> 134 | I51: =G51*H51/100 -> 415.14674 | J51: =ROUND(C51^2*PI()/4/1000000*7850,3) -> 1.578 | K51: =I51*J51 -> 655.10156
B52: N2 | C52: 16 | D52: =ROUND((C49+G49-$R$2-(C51+2)/10/2),1)&"~"&ROUND((D49+G49-$R$2-(C51+2)/10/2),1) -> 145.1~154.5 | E52: =F49-$R$2*2-(C51+2)/10 -> 10.2 | F52: - | G52: =(C49+G49-$R$2-(C51+2)/10/2)+(D49+G49-$R$2-(C51+2)/10/2)+E51 -> 309.811 | H52: =ROUND(B49/15,0)+1 -> 134 | I52: =G52*H52/100 -> 415.14674 | J52: =ROUND(C52^2*PI()/4/1000000*7850,3) -> 1.578 | K52: =I52*J52 -> 655.10156
B53: N3 | C53: 12 | D53: =B49-$R$2*2 -> 1992 | E53: - | F53: =ROUNDUP((IF(C53<26,10.927,11.212))*C53/10,0) -> 14 | G53: =D53+F53*2 -> 2020 | H53: =(H49+1)*8-2 -> 62 | I53: =G53*H53/100 -> 1252.4 | J53: =ROUND(C53^2*PI()/4/1000000*7850,3) -> 0.888 | K53: =I53*J53 -> 1112.1312
B54: N4 | C54: 16 | D54: =ROUND((C49+G49-$R$2-(C54+2)/10/2),1)&"~"&ROUND((D49+G49-$R$2-(C54+2)/10/2),1) -> 145.1~154.5 | E54: =E49-$R$2*2-(C54+2)/10 -> 15.2 | F54: - | G54: =(C49+G49-$R$2-(C54+2)/10/2)+(D49+G49-$R$2-(C54+2)/10/2)+E54 -> 314.811 | H54: =(ROUND(B49/15,0)+1)*2 -> 268 | I54: =G54*H54/100 -> 843.69348 | J54: =ROUND(C54^2*PI()/4/1000000*7850,3) -> 1.578 | K54: =I54*J54 -> 1331.3483
B55: N5 | C55: 8 | D55: =F49-$R$2*2 -> 12 | E55: - | F55: - | G55: =D55+11 -> 23 | H55: =(ROUND(B49/15,0)+1)*H49 -> 938 | I55: =G55*H55/100 -> 215.74 | J55: =ROUND(C55^2*PI()/4/1000000*7850,3) -> 0.395 | K55: =I55*J55 -> 85.2173
B56: N6 | C56: 8 | D56: =E49-$R$2*2 -> 17 | E56: - | F56: - | G56: =D56+11 -> 28 | H56: =(ROUND(B49/15,0)+1)*H49 -> 938 | I56: =G56*H56/100 -> 262.64 | J56: =ROUND(C56^2*PI()/4/1000000*7850,3) -> 0.395 | K56: =I56*J56 -> 103.7428
A57: 合计： | B57: HPB300钢筋： | D57: =K56+K55 -> 188.9601 | E57: HRB400钢筋： | G57: =SUM(K51:K54) -> 3753.6826 | H57: c40混凝土： | J57: =((C49+D49)/2*(E49*2+F49*2)/10000-0.2*0.2)*B49/100 -> 20.74699 | L57: =(D57+G57)/J57 -> 190.03444
A59: =A5 -> YU4 | B59: =VLOOKUP($A59,$A$2:$N$28,2,0) -> 2000 | C59: =VLOOKUP($A59,$A$2:$N$28,3,0) -> 124.45 | D59: =VLOOKUP($A59,$A$2:$N$28,4,0) -> 133.911 | E59: =VLOOKUP($A59,$A$2:$N$28,5,0) -> 25 | F59: =VLOOKUP($A59,$A$2:$N$28,6,0) -> 20 | G59: =VLOOKUP($A59,$A$2:$N$28,7,0) -> 35 | H59: =VLOOKUP($A59,$A$2:$N$28,8,0) -> 8 | I59: =VLOOKUP($A59,$A$2:$N$28,9,0) -> 7.411 | J59: =VLOOKUP($A59,$A$2:$N$28,10,0) -> 13.817375 | K59: =VLOOKUP($A59,$A$2:$N$28,11,0) -> 154.45 | L59: =VLOOKUP($A59,$A$2:$N$28,12,0) -> 163.911
A60: =A59 -> YU4 | B60: 编号 | C60: 规格 | D60: 大样 | G60: 单根长 | H60: 根数 | I60: 总长 | J60: 每米重 | K60: 总重
B61: N1 | C61: 16 | D61: =ROUND((C59+G59-$R$2-(C61+2)/10/2),1)&"~"&ROUND((D59+G59-$R$2-(C61+2)/10/2),1) -> 154.6~164 | E61: =F59-$R$2*2-(C61+2)/10 -> 10.2 | F61: - | G61: =(C59+G59-$R$2-(C61+2)/10/2)+(D59+G59-$R$2-(C61+2)/10/2)+E61 -> 328.761 | H61: =ROUND(B59/15,0)+1 -> 134 | I61: =G61*H61/100 -> 440.53974 | J61: =ROUND(C61^2*PI()/4/1000000*7850,3) -> 1.578 | K61: =I61*J61 -> 695.17171
B62: N2 | C62: 16 | D62: =ROUND((C59+G59-$R$2-(C61+2)/10/2),1)&"~"&ROUND((D59+G59-$R$2-(C61+2)/10/2),1) -> 154.6~164 | E62: =F59-$R$2*2-(C61+2)/10 -> 10.2 | F62: - | G62: =(C59+G59-$R$2-(C61+2)/10/2)+(D59+G59-$R$2-(C61+2)/10/2)+E61 -> 328.761 | H62: =ROUND(B59/15,0)+1 -> 134 | I62: =G62*H62/100 -> 440.53974 | J62: =ROUND(C62^2*PI()/4/1000000*7850,3) -> 1.578 | K62: =I62*J62 -> 695.17171
B63: N3 | C63: 12 | D63: =B59-$R$2*2 -> 1992 | E63: - | F63: =ROUNDUP((IF(C63<26,10.927,11.212))*C63/10,0) -> 14 | G63: =D63+F63*2 -> 2020 | H63: =(H59+1)*8-2 -> 70 | I63: =G63*H63/100 -> 1414 | J63: =ROUND(C63^2*PI()/4/1000000*7850,3) -> 0.888 | K63: =I63*J63 -> 1255.632
B64: N4 | C64: 16 | D64: =ROUND((C59+G59-$R$2-(C64+2)/10/2),1)&"~"&ROUND((D59+G59-$R$2-(C64+2)/10/2),1) -> 154.6~164 | E64: =E59-$R$2*2-(C64+2)/10 -> 15.2 | F64: - | G64: =(C59+G59-$R$2-(C64+2)/10/2)+(D59+G59-$R$2-(C64+2)/10/2)+E64 -> 333.761 | H64: =(ROUND(B59/15,0)+1)*2 -> 268 | I64: =G64*H64/100 -> 894.47948 | J64: =ROUND(C64^2*PI()/4/1000000*7850,3) -> 1.578 | K64: =I64*J64 -> 1411.4886
B65: N5 | C65: 8 | D65: =F59-$R$2*2 -> 12 | E65: - | F65: - | G65: =D65+11 -> 23 | H65: =(ROUND(B59/15,0)+1)*H59 -> 1072 | I65: =G65*H65/100 -> 246.56 | J65: =ROUND(C65^2*PI()/4/1000000*7850,3) -> 0.395 | K65: =I65*J65 -> 97.3912
B66: N6 | C66: 8 | D66: =E59-$R$2*2 -> 17 | E66: - | F66: - | G66: =D66+11 -> 28 | H66: =(ROUND(B59/15,0)+1)*H59 -> 1072 | I66: =G66*H66/100 -> 300.16 | J66: =ROUND(C66^2*PI()/4/1000000*7850,3) -> 0.395 | K66: =I66*J66 -> 118.5632
A67: 合计： | B67: HPB300钢筋： | D67: =K66+K65 -> 215.9544 | E67: HRB400钢筋： | G67: =SUM(K61:K64) -> 4057.464 | H67: c40混凝土： | J67: =((C59+D59)/2*(E59*2+F59*2)/10000-0.2*0.2)*B59/100 -> 22.45249 | L67: =(D67+G67)/J67 -> 190.3316
A69: =A6 -> YU5 | B69: =VLOOKUP($A69,$A$2:$N$28,2,0) -> 2000 | C69: =VLOOKUP($A69,$A$2:$N$28,3,0) -> 133.926 | D69: =VLOOKUP($A69,$A$2:$N$28,4,0) -> 143.387 | E69: =VLOOKUP($A69,$A$2:$N$28,5,0) -> 25 | F69: =VLOOKUP($A69,$A$2:$N$28,6,0) -> 20 | G69: =VLOOKUP($A69,$A$2:$N$28,7,0) -> 35 | H69: =VLOOKUP($A69,$A$2:$N$28,8,0) -> 9 | I69: =VLOOKUP($A69,$A$2:$N$28,9,0) -> 1.887 | J69: =VLOOKUP($A69,$A$2:$N$28,10,0) -> 13.948778 | K69: =VLOOKUP($A69,$A$2:$N$28,11,0) -> 163.926 | L69: =VLOOKUP($A69,$A$2:$N$28,12,0) -> 173.387
A70: =A69 -> YU5 | B70: 编号 | C70: 规格 | D70: 大样 | G70: 单根长 | H70: 根数 | I70: 总长 | J70: 每米重 | K70: 总重
B71: N1 | C71: 16 | D71: =ROUND((C69+G69-$R$2-(C71+2)/10/2),1)&"~"&ROUND((D69+G69-$R$2-(C71+2)/10/2),1) -> 164~173.5 | E71: =F69-$R$2*2-(C71+2)/10 -> 10.2 | F71: - | G71: =(C69+G69-$R$2-(C71+2)/10/2)+(D69+G69-$R$2-(C71+2)/10/2)+E71 -> 347.713 | H71: =ROUND(B69/15,0)+1 -> 134 | I71: =G71*H71/100 -> 465.93542 | J71: =ROUND(C71^2*PI()/4/1000000*7850,3) -> 1.578 | K71: =I71*J71 -> 735.24609
B72: N2 | C72: 16 | D72: =ROUND((C69+G69-$R$2-(C71+2)/10/2),1)&"~"&ROUND((D69+G69-$R$2-(C71+2)/10/2),1) -> 164~173.5 | E72: =F69-$R$2*2-(C71+2)/10 -> 10.2 | F72: - | G72: =(C69+G69-$R$2-(C71+2)/10/2)+(D69+G69-$R$2-(C71+2)/10/2)+E71 -> 347.713 | H72: =ROUND(B69/15,0)+1 -> 134 | I72: =G72*H72/100 -> 465.93542 | J72: =ROUND(C72^2*PI()/4/1000000*7850,3) -> 1.578 | K72: =I72*J72 -> 735.24609
B73: N3 | C73: 12 | D73: =B69-$R$2*2 -> 1992 | E73: - | F73: =ROUNDUP((IF(C73<26,10.927,11.212))*C73/10,0) -> 14 | G73: =D73+F73*2 -> 2020 | H73: =(H69+1)*8-2 -> 78 | I73: =G73*H73/100 -> 1575.6 | J73: =ROUND(C73^2*PI()/4/1000000*7850,3) -> 0.888 | K73: =I73*J73 -> 1399.1328
B74: N4 | C74: 16 | D74: =ROUND((C69+G69-$R$2-(C74+2)/10/2),1)&"~"&ROUND((D69+G69-$R$2-(C74+2)/10/2),1) -> 164~173.5 | E74: =E69-$R$2*2-(C74+2)/10 -> 15.2 | F74: - | G74: =(C69+G69-$R$2-(C74+2)/10/2)+(D69+G69-$R$2-(C74+2)/10/2)+E74 -> 352.713 | H74: =(ROUND(B69/15,0)+1)*2 -> 268 | I74: =G74*H74/100 -> 945.27084 | J74: =ROUND(C74^2*PI()/4/1000000*7850,3) -> 1.578 | K74: =I74*J74 -> 1491.6374
B75: N5 | C75: 8 | D75: =F69-$R$2*2 -> 12 | E75: - | F75: - | G75: =D75+11 -> 23 | H75: =(ROUND(B69/15,0)+1)*H69 -> 1206 | I75: =G75*H75/100 -> 277.38 | J75: =ROUND(C75^2*PI()/4/1000000*7850,3) -> 0.395 | K75: =I75*J75 -> 109.5651
B76: N6 | C76: 8 | D76: =E69-$R$2*2 -> 17 | E76: - | F76: - | G76: =D76+11 -> 28 | H76: =(ROUND(B69/15,0)+1)*H69 -> 1206 | I76: =G76*H76/100 -> 337.68 | J76: =ROUND(C76^2*PI()/4/1000000*7850,3) -> 0.395 | K76: =I76*J76 -> 133.3836
A77: 合计： | B77: HPB300钢筋： | D77: =K76+K75 -> 242.9487 | E77: HRB400钢筋： | G77: =SUM(K71:K74) -> 4361.2624 | H77: c40混凝土： | J77: =((C69+D69)/2*(E69*2+F69*2)/10000-0.2*0.2)*B69/100 -> 24.15817 | L77: =(D77+G77)/J77 -> 190.58609
A79: =A7 -> YU6 | B79: =VLOOKUP($A79,$A$2:$N$28,2,0) -> 2000 | C79: =VLOOKUP($A79,$A$2:$N$28,3,0) -> 143.428 | D79: =VLOOKUP($A79,$A$2:$N$28,4,0) -> 171.196 | E79: =VLOOKUP($A79,$A$2:$N$28,5,0) -> 25 | F79: =VLOOKUP($A79,$A$2:$N$28,6,0) -> 20 | G79: =VLOOKUP($A79,$A$2:$N$28,7,0) -> 35 | H79: =VLOOKUP($A79,$A$2:$N$28,8,0) -> 10 | I79: =VLOOKUP($A79,$A$2:$N$28,9,0) -> 14.696 | J79: =VLOOKUP($A79,$A$2:$N$28,10,0) -> 12.2232 | K79: =VLOOKUP($A79,$A$2:$N$28,11,0) -> 173.428 | L79: =VLOOKUP($A79,$A$2:$N$28,12,0) -> 201.196
A80: =A79 -> YU6 | B80: 编号 | C80: 规格 | D80: 大样 | G80: 单根长 | H80: 根数 | I80: 总长 | J80: 每米重 | K80: 总重
B81: N1 | C81: 16 | D81: =ROUND((C79+G79-$R$2-(C81+2)/10/2),1)&"~"&ROUND((D79+G79-$R$2-(C81+2)/10/2),1) -> 173.5~201.3 | E81: =F79-$R$2*2-(C81+2)/10 -> 10.2 | F81: - | G81: =(C79+G79-$R$2-(C81+2)/10/2)+(D79+G79-$R$2-(C81+2)/10/2)+E81 -> 385.024 | H81: =ROUND(B79/15,0)+1 -> 134 | I81: =G81*H81/100 -> 515.93216 | J81: =ROUND(C81^2*PI()/4/1000000*7850,3) -> 1.578 | K81: =I81*J81 -> 814.14095
B82: N2 | C82: 16 | D82: =ROUND((C79+G79-$R$2-(C81+2)/10/2),1)&"~"&ROUND((D79+G79-$R$2-(C81+2)/10/2),1) -> 173.5~201.3 | E82: =F79-$R$2*2-(C81+2)/10 -> 10.2 | F82: - | G82: =(C79+G79-$R$2-(C81+2)/10/2)+(D79+G79-$R$2-(C81+2)/10/2)+E81 -> 385.024 | H82: =ROUND(B79/15,0)+1 -> 134 | I82: =G82*H82/100 -> 515.93216 | J82: =ROUND(C82^2*PI()/4/1000000*7850,3) -> 1.578 | K82: =I82*J82 -> 814.14095
B83: N3 | C83: 12 | D83: =B79-$R$2*2 -> 1992 | E83: - | F83: =ROUNDUP((IF(C83<26,10.927,11.212))*C83/10,0) -> 14 | G83: =D83+F83*2 -> 2020 | H83: =(H79+1)*8-2 -> 86 | I83: =G83*H83/100 -> 1737.2 | J83: =ROUND(C83^2*PI()/4/1000000*7850,3) -> 0.888 | K83: =I83*J83 -> 1542.6336
B84: N4 | C84: 16 | D84: =ROUND((C79+G79-$R$2-(C84+2)/10/2),1)&"~"&ROUND((D79+G79-$R$2-(C84+2)/10/2),1) -> 173.5~201.3 | E84: =E79-$R$2*2-(C84+2)/10 -> 15.2 | F84: - | G84: =(C79+G79-$R$2-(C84+2)/10/2)+(D79+G79-$R$2-(C84+2)/10/2)+E84 -> 390.024 | H84: =(ROUND(B79/15,0)+1)*2 -> 268 | I84: =G84*H84/100 -> 1045.2643 | J84: =ROUND(C84^2*PI()/4/1000000*7850,3) -> 1.578 | K84: =I84*J84 -> 1649.4271
B85: N5 | C85: 8 | D85: =F79-$R$2*2 -> 12 | E85: - | F85: - | G85: =D85+11 -> 23 | H85: =(ROUND(B79/15,0)+1)*H79 -> 1340 | I85: =G85*H85/100 -> 308.2 | J85: =ROUND(C85^2*PI()/4/1000000*7850,3) -> 0.395 | K85: =I85*J85 -> 121.739
B86: N6 | C86: 8 | D86: =E79-$R$2*2 -> 17 | E86: - | F86: - | G86: =D86+11 -> 28 | H86: =(ROUND(B79/15,0)+1)*H79 -> 1340 | I86: =G86*H86/100 -> 375.2 | J86: =ROUND(C86^2*PI()/4/1000000*7850,3) -> 0.395 | K86: =I86*J86 -> 148.204
A87: 合计： | B87: HPB300钢筋： | D87: =K86+K85 -> 269.943 | E87: HRB400钢筋： | G87: =SUM(K81:K84) -> 4820.3426 | H87: c40混凝土： | J87: =((C79+D79)/2*(E79*2+F79*2)/10000-0.2*0.2)*B79/100 -> 27.51616 | L87: =(D87+G87)/J87 -> 184.99259
A89: =A8 -> YU7 | B89: =VLOOKUP($A89,$A$2:$N$28,2,0) -> 2000 | C89: =VLOOKUP($A89,$A$2:$N$28,3,0) -> 171.238 | D89: =VLOOKUP($A89,$A$2:$N$28,4,0) -> 199.005 | E89: =VLOOKUP($A89,$A$2:$N$28,5,0) -> 25 | F89: =VLOOKUP($A89,$A$2:$N$28,6,0) -> 20 | G89: =VLOOKUP($A89,$A$2:$N$28,7,0) -> 35 | H89: =VLOOKUP($A89,$A$2:$N$28,8,0) -> 12 | I89: =VLOOKUP($A89,$A$2:$N$28,9,0) -> 12.505 | J89: =VLOOKUP($A89,$A$2:$N$28,10,0) -> 12.686083 | K89: =VLOOKUP($A89,$A$2:$N$28,11,0) -> 201.238 | L89: =VLOOKUP($A89,$A$2:$N$28,12,0) -> 229.005
A90: =A89 -> YU7 | B90: 编号 | C90: 规格 | D90: 大样 | G90: 单根长 | H90: 根数 | I90: 总长 | J90: 每米重 | K90: 总重
B91: N1 | C91: 16 | D91: =ROUND((C89+G89-$R$2-(C91+2)/10/2),1)&"~"&ROUND((D89+G89-$R$2-(C91+2)/10/2),1) -> 201.3~229.1 | E91: =F89-$R$2*2-(C91+2)/10 -> 10.2 | F91: - | G91: =(C89+G89-$R$2-(C91+2)/10/2)+(D89+G89-$R$2-(C91+2)/10/2)+E91 -> 440.643 | H91: =ROUND(B89/15,0)+1 -> 134 | I91: =G91*H91/100 -> 590.46162 | J91: =ROUND(C91^2*PI()/4/1000000*7850,3) -> 1.578 | K91: =I91*J91 -> 931.74844
B92: N2 | C92: 16 | D92: =ROUND((C89+G89-$R$2-(C91+2)/10/2),1)&"~"&ROUND((D89+G89-$R$2-(C91+2)/10/2),1) -> 201.3~229.1 | E92: =F89-$R$2*2-(C91+2)/10 -> 10.2 | F92: - | G92: =(C89+G89-$R$2-(C91+2)/10/2)+(D89+G89-$R$2-(C91+2)/10/2)+E91 -> 440.643 | H92: =ROUND(B89/15,0)+1 -> 134 | I92: =G92*H92/100 -> 590.46162 | J92: =ROUND(C92^2*PI()/4/1000000*7850,3) -> 1.578 | K92: =I92*J92 -> 931.74844
B93: N3 | C93: 12 | D93: =B89-$R$2*2 -> 1992 | E93: - | F93: =ROUNDUP((IF(C93<26,10.927,11.212))*C93/10,0) -> 14 | G93: =D93+F93*2 -> 2020 | H93: =(H89+1)*8-2 -> 102 | I93: =G93*H93/100 -> 2060.4 | J93: =ROUND(C93^2*PI()/4/1000000*7850,3) -> 0.888 | K93: =I93*J93 -> 1829.6352
B94: N4 | C94: 16 | D94: =ROUND((C89+G89-$R$2-(C94+2)/10/2),1)&"~"&ROUND((D89+G89-$R$2-(C94+2)/10/2),1) -> 201.3~229.1 | E94: =E89-$R$2*2-(C94+2)/10 -> 15.2 | F94: - | G94: =(C89+G89-$R$2-(C94+2)/10/2)+(D89+G89-$R$2-(C94+2)/10/2)+E94 -> 445.643 | H94: =(ROUND(B89/15,0)+1)*2 -> 268 | I94: =G94*H94/100 -> 1194.3232 | J94: =ROUND(C94^2*PI()/4/1000000*7850,3) -> 1.578 | K94: =I94*J94 -> 1884.6421
B95: N5 | C95: 8 | D95: =F89-$R$2*2 -> 12 | E95: - | F95: - | G95: =D95+11 -> 23 | H95: =(ROUND(B89/15,0)+1)*H89 -> 1608 | I95: =G95*H95/100 -> 369.84 | J95: =ROUND(C95^2*PI()/4/1000000*7850,3) -> 0.395 | K95: =I95*J95 -> 146.0868
B96: N6 | C96: 8 | D96: =E89-$R$2*2 -> 17 | E96: - | F96: - | G96: =D96+11 -> 28 | H96: =(ROUND(B89/15,0)+1)*H89 -> 1608 | I96: =G96*H96/100 -> 450.24 | J96: =ROUND(C96^2*PI()/4/1000000*7850,3) -> 0.395 | K96: =I96*J96 -> 177.8448
A97: 合计： | B97: HPB300钢筋： | D97: =K96+K95 -> 323.9316 | E97: HRB400钢筋： | G97: =SUM(K91:K94) -> 5577.7741 | H97: c40混凝土： | J97: =((C89+D89)/2*(E89*2+F89*2)/10000-0.2*0.2)*B89/100 -> 32.52187 | L97: =(D97+G97)/J97 -> 181.46883
A99: =A9 -> YU8 | B99: =VLOOKUP($A99,$A$2:$N$28,2,0) -> 2000 | C99: =VLOOKUP($A99,$A$2:$N$28,3,0) -> 199.02 | D99: =VLOOKUP($A99,$A$2:$N$28,4,0) -> 209.039 | E99: =VLOOKUP($A99,$A$2:$N$28,5,0) -> 25 | F99: =VLOOKUP($A99,$A$2:$N$28,6,0) -> 20 | G99: =VLOOKUP($A99,$A$2:$N$28,7,0) -> 35 | H99: =VLOOKUP($A99,$A$2:$N$28,8,0) -> 13 | I99: =VLOOKUP($A99,$A$2:$N$28,9,0) -> 7.539 | J99: =VLOOKUP($A99,$A$2:$N$28,10,0) -> 14.229308 | K99: =VLOOKUP($A99,$A$2:$N$28,11,0) -> 229.02 | L99: =VLOOKUP($A99,$A$2:$N$28,12,0) -> 239.039
A100: =A99 -> YU8 | B100: 编号 | C100: 规格 | D100: 大样 | G100: 单根长 | H100: 根数 | I100: 总长 | J100: 每米重 | K100: 总重
B101: N1 | C101: 16 | D101: =ROUND((C99+G99-$R$2-(C101+2)/10/2),1)&"~"&ROUND((D99+G99-$R$2-(C101+2)/10/2),1) -> 229.1~239.1 | E101: =F99-$R$2*2-(C101+2)/10 -> 10.2 | F101: - | G101: =(C99+G99-$R$2-(C101+2)/10/2)+(D99+G99-$R$2-(C101+2)/10/2)+E101 -> 478.459 | H101: =ROUND(B99/15,0)+1 -> 134 | I101: =G101*H101/100 -> 641.13506 | J101: =ROUND(C101^2*PI()/4/1000000*7850,3) -> 1.578 | K101: =I101*J101 -> 1011.7111
B102: N2 | C102: 16 | D102: =ROUND((C99+G99-$R$2-(C101+2)/10/2),1)&"~"&ROUND((D99+G99-$R$2-(C101+2)/10/2),1) -> 229.1~239.1 | E102: =F99-$R$2*2-(C101+2)/10 -> 10.2 | F102: - | G102: =(C99+G99-$R$2-(C101+2)/10/2)+(D99+G99-$R$2-(C101+2)/10/2)+E101 -> 478.459 | H102: =ROUND(B99/15,0)+1 -> 134 | I102: =G102*H102/100 -> 641.13506 | J102: =ROUND(C102^2*PI()/4/1000000*7850,3) -> 1.578 | K102: =I102*J102 -> 1011.7111
B103: N3 | C103: 12 | D103: =B99-$R$2*2 -> 1992 | E103: - | F103: =ROUNDUP((IF(C103<26,10.927,11.212))*C103/10,0) -> 14 | G103: =D103+F103*2 -> 2020 | H103: =(H99+1)*8-2 -> 110 | I103: =G103*H103/100 -> 2222 | J103: =ROUND(C103^2*PI()/4/1000000*7850,3) -> 0.888 | K103: =I103*J103 -> 1973.136
B104: N4 | C104: 16 | D104: =ROUND((C99+G99-$R$2-(C104+2)/10/2),1)&"~"&ROUND((D99+G99-$R$2-(C104+2)/10/2),1) -> 229.1~239.1 | E104: =E99-$R$2*2-(C104+2)/10 -> 15.2 | F104: - | G104: =(C99+G99-$R$2-(C104+2)/10/2)+(D99+G99-$R$2-(C104+2)/10/2)+E104 -> 483.459 | H104: =(ROUND(B99/15,0)+1)*2 -> 268 | I104: =G104*H104/100 -> 1295.6701 | J104: =ROUND(C104^2*PI()/4/1000000*7850,3) -> 1.578 | K104: =I104*J104 -> 2044.5674
B105: N5 | C105: 8 | D105: =F99-$R$2*2 -> 12 | E105: - | F105: - | G105: =D105+11 -> 23 | H105: =(ROUND(B99/15,0)+1)*H99 -> 1742 | I105: =G105*H105/100 -> 400.66 | J105: =ROUND(C105^2*PI()/4/1000000*7850,3) -> 0.395 | K105: =I105*J105 -> 158.2607
B106: N6 | C106: 8 | D106: =E99-$R$2*2 -> 17 | E106: - | F106: - | G106: =D106+11 -> 28 | H106: =(ROUND(B99/15,0)+1)*H99 -> 1742 | I106: =G106*H106/100 -> 487.76 | J106: =ROUND(C106^2*PI()/4/1000000*7850,3) -> 0.395 | K106: =I106*J106 -> 192.6652
A107: 合计： | B107: HPB300钢筋： | D107: =K106+K105 -> 350.9259 | E107: HRB400钢筋： | G107: =SUM(K101:K104) -> 6041.1257 | H107: c40混凝土： | J107: =((C99+D99)/2*(E99*2+F99*2)/10000-0.2*0.2)*B99/100 -> 35.92531 | L107: =(D107+G107)/J107 -> 177.92614
A109: =A10 -> YU9 | B109: =VLOOKUP($A109,$A$2:$N$28,2,0) -> 1000 | C109: =VLOOKUP($A109,$A$2:$N$28,3,0) -> 148.9 | D109: =VLOOKUP($A109,$A$2:$N$28,4,0) -> 209.1 | E109: =VLOOKUP($A109,$A$2:$N$28,5,0) -> 25 | F109: =VLOOKUP($A109,$A$2:$N$28,6,0) -> 20 | G109: =VLOOKUP($A109,$A$2:$N$28,7,0) -> 35 | H109: =VLOOKUP($A109,$A$2:$N$28,8,0) -> 13 | I109: =VLOOKUP($A109,$A$2:$N$28,9,0) -> 7.6 | J109: =VLOOKUP($A109,$A$2:$N$28,10,0) -> 10.369231 | K109: =VLOOKUP($A109,$A$2:$N$28,11,0) -> 178.9 | L109: =VLOOKUP($A109,$A$2:$N$28,12,0) -> 239.1
A110: =A109 -> YU9 | B110: 编号 | C110: 规格 | D110: 大样 | G110: 单根长 | H110: 根数 | I110: 总长 | J110: 每米重 | K110: 总重
B111: N1 | C111: 16 | D111: =ROUND((C109+G109-$R$2-(C111+2)/10/2),1)&"~"&ROUND((D109+G109-$R$2-(C111+2)/10/2),1) -> 179~239.2 | E111: =F109-$R$2*2-(C111+2)/10 -> 10.2 | F111: - | G111: =(C109+G109-$R$2-(C111+2)/10/2)+(D109+G109-$R$2-(C111+2)/10/2)+E111 -> 428.4 | H111: =ROUND(B109/15,0)+1 -> 68 | I111: =G111*H111/100 -> 291.312 | J111: =ROUND(C111^2*PI()/4/1000000*7850,3) -> 1.578 | K111: =I111*J111 -> 459.69034
...

Sheet 振华路U型槽数量表
A1: 振华路量差
A2: 编号 | B2: 工程项目及规格 | E2: 单位 | F2: 2022.4修改 | G2: 施工图送审数量 | H2: 量差 | I2: 方案设计数量
A3: 1 | B3: U型槽 主体 | C3: C40防水混凝土(抗渗指数不小于P8) | E3: m3 | F3: ='2.U型槽钢筋'!I500 -> 8183 | G3: 14917.2 | H3: =F3-G3 -> -6734.2
C4: HPB300钢筋 | E4: kg | F4: ='2.U型槽钢筋'!J500 -> 54208.8 | G4: 97397.8 | H4: =F4-G4 -> -43189
C5: HRB400钢筋 | E5: kg | F5: ='2.U型槽钢筋'!K500 -> 983818.9 | G5: 1659382.9 | H5: =F5-G5 -> -675564 | K5: 35 | L5: 2.27 | M5: =L5*495.06 -> 1123.7862
A6: 2 | B6: 机非 分隔带 | C6: C40防水混凝土 | E6: m3 | F6: =机非分隔带!K198 -> 825.44939 | G6: 1485.196 | H6: =F6-G6 -> -659.7466 | J6: 原数量未乘长度 | K6: 300 | L6: 11.31 | M6: =L6*495.06 -> 5599.1286
C7: HPB300钢筋 | E7: kg | F7: =机非分隔带!D198 -> 5281.5849 | G7: 9356.0253 | H7: =F7-G7 -> -4074.4404 | K7: 400 | L7: 362.57 | M7: =L7*495.06 -> 179493.9
C8: HRB400钢筋 | E8: kg | F8: =机非分隔带!H198 -> 103174.21 | G8: 105245.35 | H8: =F8-G8 -> -2071.1407
A9: 3 | B9: 挡水板 | C9: C40防水混凝土 | E9: m3 | F9: =(2.6*22.25+8*1)*0.3 -> 19.755 | G9: 19.755 | H9: =F9-G9 -> 0
C10: HPB300钢筋 | E10: kg | F10: =2*F9/0.3 -> 131.7 | G10: 131.7 | H10: =F10-G10 -> 0
C11: HRB400钢筋 | E11: kg | F11: =F9/0.3*69.1 -> 4550.235 | G11: 4550.235 | H11: =F11-G11 -> 0
A12: 4 | B12: 排水沟 | C12: C40防水混凝土 | E12: m3 | F12: =(0.09+0.049*2+0.13+0.049*2)*(495.06+50)*2 -> 453.48992 | G12: 453.48992 | H12: =F12-G12 -> 0
C13: HRB400钢筋 | E13: kg | F13: =(40.49+17.48*2+53.77+17.48*2)*(495.06+50)*2 -> 178975.9 | G13: 178975.9 | H13: =F13-G13 -> 0
C14: 聚氨酯防水涂料 | E14: m2 | F14: =2.2*(495.06+50)*2 -> 2398.264 | G14: 2398.264 | H14: =F14-G14 -> 0
A15: 5 | B15: 管沟 | C15: C40防水混凝土 | E15: m3 | F15: =新增管沟!H283+M5 -> 1226.9791 | G15: 4780.2994 | H15: =F15-G15 -> -3553.3203
C16: HPB300钢筋 | E16: kg | F16: =新增管沟!F283+M6 -> 6597.9177 | G16: 3505.0248 | H16: =F16-G16 -> 3092.8929
C17: HRB400钢筋 | E17: kg | F17: =新增管沟!G283+M7 -> 198498.38 | G17: 183172.2 | H17: =F17-G17 -> 15326.176
A18: 6 | B18: 管沟盖板 | C18: C40防水混凝土 | E18: m3
C19: HPB300钢筋 | E19: kg
C20: HRB400钢筋 | E20: kg
A21: 7 | B21: 搭板 | C21: C40防水混凝土 | E21: m3 | F21: =(36.65*2)*6*0.5 -> 219.9 | G21: 219.9 | H21: =F21-G21 -> 0
C22: HPB300钢筋 | E22: kg | F22: =F21*10 -> 2199 | G22: 2199 | H22: =F22-G22 -> 0
C23: HRB400钢筋 | E23: kg | F23: =F21*135 -> 29686.5 | G23: 29686.5 | H23: =F23-G23 -> 0
C24: 级配碎石回填 | E24: m3 | F24: =(36.65*2)*6*5 -> 2199 | G24: 2199 | H24: =F24-G24 -> 0
F25: 混凝土统一替换为C35
F29: 2489.7 | G29: 16605.2 | H29: 279241
F30: 5416.8 | G30: 35745.2 | H30: 666059
F31: 7754.3 | G31: 51205.5 | H31: 928274.8

Sheet 0.结构参数
B2: 一、从CAD中读取平面、纵断面原始数据 单位：m
A3: 序号 | B3: U型槽编号 | C3: 里程L | E3: L | G3: 顶高程E1 | I3: 底板顶高程E2 | K3: 机非分隔带(非机动车道) | P3: 中央分隔带（机动车道线） | U3: 水位高程E5 | V3: 净宽
K4: 高程E3 | M4: 宽度b1 | O4: 数量 | P4: 高程E4 | R4: 宽度b2 | T4: 数量
A5: 1 | B5: YU1 | C5: 109.94 | D5: 129.94 | E5: =ABS(D5-C5) -> 20 | F5: =E5 -> 20 | G5: 3.61863 | H5: 3.348 | I5: 1.82747 | J5: 1.23285 | K5: 3.42747 | L5: 2.98771 | M5: 0.6 | N5: 0.6 | O5: 1 | P5: 3.42747 | Q5: 2.98307 | R5: 0.45 | S5: 0.45 | T5: 0 | U5: 3.1 | V5: 21.1 | W5: 21.1 | X5: =(K5+L5)/2*M5*O5 -> 1.924554 | Y5: =(P5+Q5)/2*R5*T5 -> 0
A6: 2 | B6: YU2 | C6: 129.97 | D6: 149.97 | E6: =ABS(D6-C6) -> 20 | F6: =E6 -> 20 | G6: 3.348 | H6: 3.348 | I6: 1.23196 | J6: 0.63735 | K6: 2.98696 | L6: 2.48696 | M6: 0.6 | N6: 0.6 | O6: 1 | P6: 2.98226 | Q6: 2.33755 | R6: 0.45 | S6: 0.45 | T6: 0 | U6: 3.1 | V6: 21.1 | W6: 21.1 | X6: =(K6+L6)/2*M6*O6 -> 1.642176 | Y6: =(P6+Q6)/2*R6*T6 -> 0
A7: 3 | B7: YU3 | C7: 150 | D7: 170 | E7: =ABS(D7-C7) -> 20 | F7: =E7 -> 20 | G7: 3.348 | H7: 3.348 | I7: 0.63646 | J7: 0.04185 | K7: 2.48621 | L7: 1.98621 | M7: 0.6 | N7: 0.6 | O7: 1 | P7: 2.33644 | Q7: 1.5515 | R7: 0.45 | S7: 0.45 | T7: 0 | U7: 3.1 | V7: 21.1 | W7: 21.1 | X7: =(K7+L7)/2*M7*O7 -> 1.341726 | Y7: =(P7+Q7)/2*R7*T7 -> 0
A8: 4 | B8: YU4 | C8: 170.03 | D8: 190.03 | E8: =ABS(D8-C8) -> 20 | F8: =E8 -> 20 | G8: 3.348 | H8: 3.348 | I8: 0.04096 | J8: -0.55365 | K8: 1.98546 | L8: 1.48546 | M8: 0.6 | N8: 0.6 | O8: 1 | P8: 1.55032 | Q8: 0.76032 | R8: 0.45 | S8: 0.45 | T8: 0 | U8: 3.1 | V8: 21.1 | W8: 21.1 | X8: =(K8+L8)/2*M8*O8 -> 1.041276 | Y8: =(P8+Q8)/2*R8*T8 -> 0
A9: 5 | B9: YU5 | C9: 190.06 | D9: 210.06 | E9: =ABS(D9-C9) -> 20 | F9: =E9 -> 20 | G9: 3.348 | H9: 3.348 | I9: -0.55455 | J9: -1.14916 | K9: 1.48471 | L9: 0.98471 | M9: 0.6 | N9: 0.6 | O9: 1 | P9: 0.75913 | Q9: -0.03087 | R9: 0.45 | S9: 0.45 | T9: 0 | U9: 3.1 | V9: 21.1 | W9: 21.1 | X9: =(K9+L9)/2*M9*O9 -> 0.740826 | Y9: =(P9+Q9)/2*R9*T9 -> 0
A10: 6 | B10: YU6 | C10: 210.09 | D10: 230.09 | E10: =ABS(D10-C10) -> 20 | F10: =E10 -> 20 | G10: 3.348 | H10: 3.348 | I10: -1.15032 | J10: -1.928 | K10: 0.98396 | L10: 0.48396 | M10: 0.6 | N10: 0.6 | O10: 1 | P10: -0.03205 | Q10: -0.82205 | R10: 0.45 | S10: 0.45 | T10: 0 | U10: 3.1 | V10: 21.1 | W10: 21.1 | X10: =(K10+L10)/2*M10*O10 -> 0.440376 | Y10: =(P10+Q10)/2*R10*T10 -> 0
A11: 7 | B11: YU7 | C11: 230.12 | D11: 250.12 | E11: =ABS(D11-C11) -> 20 | F11: =E11 -> 20 | G11: 3.348 | H11: 3.348 | I11: -1.92917 | J11: -2.70684 | K11: 0.48321 | L11: -0.01679 | M11: 0.6 | N11: 0.6 | O11: 1 | P11: -0.82324 | Q11: -1.58337 | R11: 0.45 | S11: 0.45 | T11: 0 | U11: 3.1 | V11: =12.5+2.5+0.6 -> 15.6 | W11: =V11 -> 15.6 | X11: =(K11+L11)/2*M11*O11 -> 0.139926 | Y11: =(P11+Q11)/2*R11*T11 -> 0
A12: 8 | B12: YU8 | C12: 250.15 | D12: 270.15 | E12: =ABS(D12-C12) -> 20 | F12: =E12 -> 20 | G12: 3.348 | H12: 3.348 | I12: -2.70774 | J12: -3.30793 | K12: -0.01754 | L12: -0.51754 | M12: 0.6 | N12: 0.983 | O12: 1 | P12: -1.58438 | Q12: -2.14772 | R12: 0.45 | S12: 0.45 | T12: 0 | U12: 3.1 | V12: =12.5+8+M12 -> 21.1 | W12: =12.5+8+N12 -> 21.483 | X12: =(K12+L12)/2*M12*O12 -> -0.160524 | Y12: =(P12+Q12)/2*R12*T12 -> 0
A13: 9 | B13: YU9 | C13: 270.18 | D13: 290.18 | E13: =ABS(D13-C13) -> 20 | F13: =E13 -> 20 | G13: 3.348 | H13: 3.348 | I13: -3.30883 | J13: -3.90902 | K13: -0.51829 | L13: -0.91873 | M13: 0.984 | N13: 1.367 | O13: 1 | P13: -2.14839 | Q13: -2.48918 | R13: 0.45 | S13: 0.45 | T13: 0 | U13: 3.1 | V13: =12.5+8+M13 -> 21.484 | W13: =12.5+8+N13 -> 21.867 | X13: =(K13+L13)/2*M13*O13 -> -0.70701384 | Y13: =(P13+Q13)/2*R13*T13 -> 0
A14: 10 | B14: YU10 | C14: 290.21 | D14: 310.21 | E14: =ABS(D14-C14) -> 20 | F14: =E14 -> 20 | G14: 3.348 | H14: 3.348 | I14: -3.90902 | J14: -3.90902 | K14: -0.91918 | L14: -1.11933 | M14: 1.367 | N14: 1.75 | O14: 1 | P14: -2.48952 | Q14: -2.60775 | R14: 0.45 | S14: 0.45 | T14: 0 | U14: 3.1 | V14: =12.5+8+M14 -> 21.867 | W14: =12.5+8+N14 -> 22.25 | X14: =(K14+L14)/2*M14*O14 -> -1.3933216 | Y14: =(P14+Q14)/2*R14*T14 -> 0 | Z14: =(M14-0.08)*100 -> 128.7 | AA14: =(N14-0.08)*100 -> 167
A15: 11 | B15: YU11 | C15: 429.29 | D15: 449.29 | E15: =ABS(D15-C15) -> 20 | F15: =E15 -> 20 | G15: 3.348 | H15: 3.348 | I15: -4.252 | J15: -3.62343 | K15: -0.8262 | L15: -0.73194 | M15: 1.0448 | N15: 0.7053 | O15: 1 | P15: -2.26064 | Q15: -2.14511 | R15: 0.45 | S15: 0.45 | T15: 0 | U15: 3.1 | V15: =12.5+8+M15 -> 21.5448 | W15: =12.5+8+N15 -> 21.2053 | X15: =(K15+L15)/2*M15*O15 -> -0.81397234 | Y15: =(P15+Q15)/2*R15*T15 -> 0 | Z15: =(M15-0.08)*100 -> 96.48 | AA15: =(N15-0.08)*100 -> 62.53
A16: 12 | B16: YU12 | C16: 449.32 | D16: 469.32 | E16: =ABS(D16-C16) -> 20 | F16: =E16 -> 20 | G16: 3.348 | H16: 3.348 | I16: -3.62249 | J16: -2.99392 | K16: -0.73167 | L16: -0.45429 | M16: 0.705 | N16: 0.6 | O16: 1 | P16: -2.14478 | Q16: -1.81623 | R16: 0.45 | S16: 0.45 | T16: 0 | U16: 3.1 | V16: =12.5+8+M16 -> 21.205 | W16: =12.5+8+N16 -> 21.1 | X16: =(K16+L16)/2*M16*O16 -> -0.4180509 | Y16: =(P16+Q16)/2*R16*T16 -> 0 | Z16: =(M16-0.08)*100 -> 62.5 | AA16: =(N16-0.08)*100 -> 52
A17: 13 | B17: YU13 | C17: 469.35 | D17: 489.35 | E17: =ABS(D17-C17) -> 20 | F17: =E17 -> 20 | G17: 3.348 | H17: 3.348 | I17: -2.99298 | J17: -2.36441 | K17: -0.45373 | L17: 0.00886 | M17: 0.6 | N17: 0.6 | O17: 1 | P17: -1.81557 | Q17: -1.26446 | R17: 0.45 | S17: 0.45 | T17: 0 | U17: 3.1 | V17: =12.5+8+M17 -> 21.1 | W17: =12.5+8+N17 -> 21.1 | X17: =(K17+L17)/2*M17*O17 -> -0.133461 | Y17: =(P17+Q17)/2*R17*T17 -> 0 | Z17: =(M17-0.08)*100 -> 52 | AA17: =(N17-0.08)*100 -> 52
A18: 14 | B18: YU14 | C18: 489.38 | D18: 509.38 | E18: =ABS(D18-C18) -> 20 | F18: =E18 -> 20 | G18: 3.348 | H18: 3.348 | I18: -2.36347 | J18: -1.80614 | K18: 0.00961 | L18: 0.50961 | M18: 0.6 | N18: 0.6 | O18: 1 | P18: -1.26347 | Q18: -0.51002 | R18: 0.45 | S18: 0.45 | T18: 0 | U18: 3.1 | V18: =12.5+8+M18 -> 21.1 | W18: =12.5+8+N18 -> 21.1 | X18: =(K18+L18)/2*M18*O18 -> 0.155766 | Y18: =(P18+Q18)/2*R18*T18 -> 0 | Z18: =(M18-0.08)*100 -> 52 | AA18: =(N18-0.08)*100 -> 52
A19: 15 | B19: YU15 | C19: 509.41 | D19: 529.41 | E19: =ABS(D19-C19) -> 20 | F19: =E19 -> 20 | G19: 3.348 | H19: 3.348 | I19: -1.8053 | J19: -1.24798 | K19: 0.51036 | L19: 1.01036 | M19: 0.6 | N19: 0.6194 | O19: 1 | P19: -0.50883 | Q19: 0.28117 | R19: 0.45 | S19: 0.45 | T19: 0 | U19: 3.1 | V19: =12.5+8+M19 -> 21.1 | W19: =12.5+8+N19 -> 21.1194 | X19: =(K19+L19)/2*M19*O19 -> 0.456216 | Y19: =(P19+Q19)/2*R19*T19 -> 0 | Z19: =(M19-0.08)*100 -> 52 | AA19: =(N19-0.08)*100 -> 53.94
A20: 16 | B20: YU16 | C20: 529.44 | D20: 549.44 | E20: =ABS(D20-C20) -> 20 | F20: =E20 -> 20 | G20: 3.348 | H20: 3.348 | I20: -1.24714 | J20: -0.68981 | K20: 1.01111 | L20: 1.51111 | M20: 0.6195 | N20: 0.7518 | O20: 1 | P20: 0.28235 | Q20: 1.07235 | R20: 0.45 | S20: 0.45 | T20: 0 | U20: 3.1 | V20: =12.5+8+M20 -> 21.1195 | W20: =12.5+8+N20 -> 21.2518 | X20: =(K20+L20)/2*M20*O20 -> 0.78125764 | Y20: =(P20+Q20)/2*R20*T20 -> 0 | Z20: =(M20-0.08)*100 -> 53.95 | AA20: =(N20-0.08)*100 -> 67.18
A21: 17 | B21: YU17 | C21: 549.47 | D21: 569.47 | E21: =ABS(D21-C21) -> 20 | F21: =E21 -> 20 | G21: 3.348 | H21: 3.348 | I21: -0.68898 | J21: -0.13165 | K21: 1.51186 | L21: 2.01186 | M21: 0.752 | N21: 1.0092 | O21: 1 | P21: 1.07354 | Q21: 1.86133 | R21: 0.45 | S21: 0.45 | T21: 0 | U21: 3.1 | V21: =12.5+8+M21 -> 21.252 | W21: =12.5+8+N21 -> 21.5092 | X21: =(K21+L21)/2*M21*O21 -> 1.3249187 | Y21: =(P21+Q21)/2*R21*T21 -> 0 | Z21: =(M21-0.08)*100 -> 67.2 | AA21: =(N21-0.08)*100 -> 92.92
A22: 18 | B22: YU18 | C22: 569.5 | D22: 589.5 | E22: =ABS(D22-C22) -> 20 | F22: =E22 -> 20 | G22: 3.348 | H22: 3.348 | I22: -0.13081 | J22: 0.42651 | K22: 2.01261 | L22: 2.51261 | M22: 1.0097 | N22: 1.3575 | O22: 1 | P22: 1.86247 | Q22: 2.5097 | R22: 0.45 | S22: 0.45 | T22: 0 | U22: 3.1 | V22: =12.5+8+M22 -> 21.5097 | W22: =12.5+8+N22 -> 21.8575 | X22: =(K22+L22)/2*M22*O22 -> 2.2845573 | Y22: =(P22+Q22)/2*R22*T22 -> 0 | Z22: =(M22-0.08)*100 -> 92.97 | AA22: =(N22-0.08)*100 -> 127.75
A23: 19 | B23: YU19 | C23: 589.53 | D23: 605.0005 | E23: =ABS(D23-C23) -> 15.4705 | F23: =E23 -> 15.4705 | G23: 3.348 | H23: 3.348 | I23: 0.42735 | J23: 0.85846 | K23: 2.51336 | L23: 2.85846 | M23: 1.358 | N23: 1.5629 | O23: 1 | P23: 2.5105 | Q23: 2.85846 | R23: 0.45 | S23: 0.45 | T23: 0 | U23: 3.1 | V23: =12.5+8+M23 -> 21.858 | W23: =12.5+8+N23 -> 22.0629 | X23: =(K23+L23)/2*M23*O23 -> 3.6474658 | Y23: =(P23+Q23)/2*R23*T23 -> 0 | Z23: =(M23-0.08)*100 -> 127.8 | AA23: =(N23-0.08)*100 -> 148.29
A24: 20 | B24: 东U10 | C24: 594.2491 | D24: 614.2491 | E24: =ABS(D24-C24) -> 20 | F24: =E24 -> 20 | G24: 3.914 | H24: 3.914 | I24: 2.27743 | J24: 2.65934 | K24: 3.19858 | L24: 3.67645 | M24: 1.75 | N24: 1.75 | O24: 1 | P24: 3.17395 | Q24: 3.67645 | R24: 0.45 | S24: 0.45 | T24: 0 | U24: 3.1 | V24: 8 | W24: 8 | X24: =(K24+L24)/2*M24*O24 -> 6.0156513 | Y24: =(P24+Q24)/2*R24*T24 -> 0
A25: 21 | B25: 西U10-1 | C25: 111.6591 | D25: 131.6591 | E25: =ABS(D25-C25) -> 20 | F25: =E25 -> 20 | G25: 3.59828 | H25: 3.348 | I25: 2.29828 | J25: 1.73674 | K25: 3.39828 | L25: 2.95311 | M25: 1.75 | N25: 1.75 | O25: 1 | P25: 3.39828 | Q25: 2.94818 | R25: 0.45 | S25: 0.45 | T25: 0 | U25: 3.1 | V25: 22.25 | W25: 22.25 | X25: =(K25+L25)/2*M25*O25 -> 5.5574663 | Y25: =(P25+Q25)/2*R25*T25 -> 0
A26: 22 | B26: 西U9-1 | C26: 131.6891 | D26: 151.6891 | E26: =ABS(D26-C26) -> 20 | F26: =E26 -> 20 | G26: 3.348 | H26: 3.348 | I26: 1.7359 | J26: 1.17435 | K26: 2.95236 | L26: 2.45236 | M26: 1.75 | N26: 1.75 | O26: 1 | P26: 2.94734 | Q26: 2.27469 | R26: 0.45 | S26: 0.45 | T26: 0 | U26: 3.1 | V26: 22.25 | W26: 22.25 | X26: =(K26+L26)/2*M26*O26 -> 4.72913 | Y26: =(P26+Q26)/2*R26*T26 -> 0
A27: 23 | B27: 西U6-1 | C27: 191.7791 | D27: 211.7791 | E27: =ABS(D27-C27) -> 20 | F27: =E27 -> 20 | G27: 3.348 | H27: 3.348 | I27: -0.40882 | J27: -1.19881 | K27: 1.45011 | L27: 0.95011 | M27: 1.75 | N27: 1.75 | O27: 0 | P27: 0.69122 | Q27: -0.09878 | R27: 0.45 | S27: 0.45 | T27: 0 | U27: 3.1 | V27: 12.5 | W27: 12.5 | X27: =(K27+L27)/2*M27*O27 -> 0 | Y27: =(P27+Q27)/2*R27*T27 -> 0
A28: 24 | B28: 西U5-1 | C28: 211.8091 | D28: 231.8091 | E28: =ABS(D28-C28) -> 20 | F28: =E28 -> 20 | G28: 3.348 | H28: 3.348 | I28: -1.19999 | J28: -1.98997 | K28: 0.94936 | L28: 0.44936 | M28: 1.75 | N28: 1.75 | O28: 0 | P28: -0.09997 | Q28: -0.88997 | R28: 0.45 | S28: 0.45 | T28: 0 | U28: 3.1 | V28: 12.5 | W28: 12.5 | X28: =(K28+L28)/2*M28*O28 -> 0 | Y28: =(P28+Q28)/2*R28*T28 -> 0
A29: 25 | B29: 西U4-1 | C29: 231.8391 | D29: 251.8391 | E29: =ABS(D29-C29) -> 20 | F29: =E29 -> 20 | G29: 3.348 | H29: 3.348 | I29: -1.99116 | J29: -2.78114 | K29: 0.44861 | L29: -0.05139 | M29: 1.75 | N29: 1.75 | O29: 0 | P29: -0.89115 | Q29: -1.61791 | R29: 0.45 | S29: 0.45 | T29: 0 | U29: 3.1 | V29: 12.5 | W29: 12.5 | X29: =(K29+L29)/2*M29*O29 -> 0 | Y29: =(P29+Q29)/2*R29*T29 -> 0
A30: 26 | B30: 西U3-1 | C30: 251.8691 | D30: 271.8691 | E30: =ABS(D30-C30) -> 20 | F30: =E30 -> 20 | G30: 3.348 | H30: 3.348 | I30: -2.78233 | J30: -3.34525 | K30: -0.05214 | L30: -0.55214 | M30: 1.75 | N30: 1.75 | O30: 0 | P30: -1.61884 | Q30: -2.12974 | R30: 0.45 | S30: 0.45 | T30: 0 | U30: 3.1 | V30: 12.5 | W30: 12.5 | X30: =(K30+L30)/2*M30*O30 -> 0 | Y30: =(P30+Q30)/2*R30*T30 -> 0
A31: 27 | B31: 西U2-1 | C31: 271.8991 | D31: 291.8991 | E31: =ABS(D31-C31) -> 20 | F31: =E31 -> 20 | G31: 3.348 | H31: 3.348 | I31: -3.3461 | J31: -3.90902 | K31: -0.55289 | L31: -0.95704 | M31: 1.75 | N31: 1.75 | O31: 1 | P31: -2.13034 | Q31: -2.41868 | R31: 0.45 | S31: 0.45 | T31: 0 | U31: 3.1 | V31: 28.29 | W31: 22.25 | X31: =(K31+L31)/2*M31*O31 -> -1.3211887 | Y31: =(P31+Q31)/2*R31*T31 -> 0
A32: 28 | B32: 西U6-2 | C32: 191.7791 | D32: 211.7791 | E32: 20 | F32: 20 | G32: 3.348 | H32: 3.348 | I32: -0.40882 | J32: -1.19881 | K32: 1.45011 | L32: 0.95011 | M32: 1.75 | N32: 1.75 | O32: 0 | P32: 0.69122 | Q32: -0.09878 | R32: 0.45 | S32: 0.45 | T32: 0 | U32: 3.1 | V32: 8 | W32: 9.09 | X32: =(K32+L32)/2*M32*O32 -> 0 | Y32: =(P32+Q32)/2*R32*T32 -> 0
A33: 29 | B33: 西U5-2 | C33: 211.8091 | D33: 231.8091 | E33: 20 | F33: 20 | G33: 3.348 | H33: 3.348 | I33: -1.19999 | J33: -1.98997 | K33: 0.94936 | L33: 0.44936 | M33: 1.75 | N33: 1.75 | O33: 0 | P33: -0.09997 | Q33: -0.88997 | R33: 0.45 | S33: 0.45 | T33: 0 | U33: 3.1 | V33: 9.09 | W33: 8 | X33: =(K33+L33)/2*M33*O33 -> 0 | Y33: =(P33+Q33)/2*R33*T33 -> 0
A34: 30 | B34: 西U4-2 | C34: 231.8391 | D34: 251.8391 | E34: 20 | F34: 20 | G34: 3.348 | H34: 3.348 | I34: -1.99116 | J34: -2.78114 | K34: 0.44861 | L34: -0.05139 | M34: 1.75 | N34: 1.75 | O34: 0 | P34: -0.89115 | Q34: -1.61791 | R34: 0.45 | S34: 0.45 | T34: 0 | U34: 3.1 | V34: 8 | W34: 8 | X34: =(K34+L34)/2*M34*O34 -> 0 | Y34: =(P34+Q34)/2*R34*T34 -> 0
A35: 31 | B35: 西U3-2 | C35: 251.8691 | D35: 271.8691 | E35: 20 | F35: 20 | G35: 3.348 | H35: 3.348 | I35: -2.78233 | J35: -3.34525 | K35: -0.05214 | L35: -0.55214 | M35: 1.75 | N35: 1.75 | O35: 0 | P35: -1.61884 | Q35: -2.12974 | R35: 0.45 | S35: 0.45 | T35: 0 | U35: 3.1 | V35: 8 | W35: 14.06 | X35: =(K35+L35)/2*M35*O35 -> 0 | Y35: =(P35+Q35)/2*R35*T35 -> 0
A36: 32
X37: =SUM(X5:X36) -> 27.275757
B38: 二、命名并形成U型槽结构参数表 单位：m
A39: U型槽编号 | B39: 起讫点里程 | D39: 中心长度L | E39: 顶高程E1 | G39: 底板顶高程E2 | I39: 结构净高H | K39: 底板厚T | L39: 边墙厚B | M39: D | O39: 机非分隔带 | T39: 中央分隔带
O40: 高度h1 | Q40: 宽度b1 | S40: 数量 | T40: 高度h2 | V40: 宽度b2 | X40: 数量
A41: =B5 -> YU1 | B41: =C5 -> 109.94 | C41: =D5 -> 129.94 | D41: =ABS(C41-B41) -> 20 | E41: =G5 -> 3.61863 | F41: =H5 -> 3.348 | G41: =I5 -> 1.82747 | H41: =J5 -> 1.23285 | I41: =E41-G41 -> 1.79116 | J41: =F41-H41 -> 2.11515 | K41: =L41+0.1 -> 0.4 | L41: =LOOKUP(MAX(J41,I41),{0,3,4,5,6.5,7.5,9,10},{0.3,0.4,0.5,0.6,0.7,0.8,0.9}) -> 0.3 | M41: =V5+L41*2 -> 21.7 | N41: =W5+L41*2 -> 21.7 | O41: =IF((K5+0.2-P5)<=0.81,(P5-I5+0.81),(K5-I5+0.2)) -> 2.41 | P41: =IF((L5+0.2-Q5)<=0.81,(Q5-J5+0.81),(L5-J5+0.2)) -> 2.56022 | Q41: =M5 -> 0.6 | R41: =N5 -> 0.6 | S41: =O5 -> 1 | T41: =P5-I5+0.81 -> 2.41 | U41: =Q5-J5+0.81 -> 2.56022 | V41: =R5 -> 0.45 | W41: =S5 -> 0.45 | X41: =T5 -> 0 | Y41: =(O41+P41)/2*Q41*S41 -> 1.491066 | Z41: =(T41+U41)/2*V41*X41 -> 0 | AA41: =K5 -> 3.42747 | AB41: =L5 -> 2.98771 | AC41: =P5 -> 3.42747 | AD41: =Q5 -> 2.98307
A42: =B6 -> YU2 | B42: =C6 -> 129.97 | C42: =D6 -> 149.97 | D42: =ABS(C42-B42) -> 20 | E42: =G6 -> 3.348 | F42: =H6 -> 3.348 | G42: =I6 -> 1.23196 | H42: =J6 -> 0.63735 | I42: =E42-G42 -> 2.11604 | J42: =F42-H42 -> 2.71065 | K42: =L42+0.1 -> 0.4 | L42: =LOOKUP(MAX(J42,I42),{0,3,4,5,6.5,7.5,9,10},{0.3,0.4,0.5,0.6,0.7,0.8,0.9}) -> 0.3 | M42: =V6+L42*2 -> 21.7 | N42: =W6+L42*2 -> 21.7 | O42: =IF((K6+0.2-P6)<=0.81,(P6-I6+0.81),(K6-I6+0.2)) -> 2.5603 | P42: =IF((L6+0.2-Q6)<=0.81,(Q6-J6+0.81),(L6-J6+0.2)) -> 2.5102 | Q42: =M6 -> 0.6 | R42: =N6 -> 0.6 | S42: =O6 -> 1 | T42: =P6-I6+0.81 -> 2.5603 | U42: =Q6-J6+0.81 -> 2.5102 | V42: =R6 -> 0.45 | W42: =S6 -> 0.45 | X42: =T6 -> 0 | Y42: =(O42+P42)/2*Q42*S42 -> 1.52115 | Z42: =(T42+U42)/2*V42*X42 -> 0 | AA42: =K6 -> 2.98696 | AB42: =L6 -> 2.48696 | AC42: =P6 -> 2.98226 | AD42: =Q6 -> 2.33755
A43: =B7 -> YU3 | B43: =C7 -> 150 | C43: =D7 -> 170 | D43: =ABS(C43-B43) -> 20 | E43: =G7 -> 3.348 | F43: =H7 -> 3.348 | G43: =I7 -> 0.63646 | H43: =J7 -> 0.04185 | I43: =E43-G43 -> 2.71154 | J43: =F43-H43 -> 3.30615 | K43: =L43+0.1 -> 0.5 | L43: =LOOKUP(MAX(J43,I43),{0,3,4,5,6.5,7.5,9,10},{0.3,0.4,0.5,0.6,0.7,0.8,0.9}) -> 0.4 | M43: =V7+L43*2 -> 21.9 | N43: =W7+L43*2 -> 21.9 | O43: =IF((K7+0.2-P7)<=0.81,(P7-I7+0.81),(K7-I7+0.2)) -> 2.50998 | P43: =IF((L7+0.2-Q7)<=0.81,(Q7-J7+0.81),(L7-J7+0.2)) -> 2.31965 | Q43: =M7 -> 0.6 | R43: =N7 -> 0.6 | S43: =O7 -> 1 | T43: =P7-I7+0.81 -> 2.50998 | U43: =Q7-J7+0.81 -> 2.31965 | V43: =R7 -> 0.45 | W43: =S7 -> 0.45 | X43: =T7 -> 0 | Y43: =(O43+P43)/2*Q43*S43 -> 1.448889 | Z43: =(T43+U43)/2*V43*X43 -> 0 | AA43: =K7 -> 2.48621 | AB43: =L7 -> 1.98621 | AC43: =P7 -> 2.33644 | AD43: =Q7 -> 1.5515
A44: =B8 -> YU4 | B44: =C8 -> 170.03 | C44: =D8 -> 190.03 | D44: =ABS(C44-B44) -> 20 | E44: =G8 -> 3.348 | F44: =H8 -> 3.348 | G44: =I8 -> 0.04096 | H44: =J8 -> -0.55365 | I44: =E44-G44 -> 3.30704 | J44: =F44-H44 -> 3.90165 | K44: =L44+0.1 -> 0.5 | L44: =LOOKUP(MAX(J44,I44),{0,3,4,5,6.5,7.5,9,10},{0.3,0.4,0.5,0.6,0.7,0.8,0.9}) -> 0.4 | M44: =V8+L44*2 -> 21.9 | N44: =W8+L44*2 -> 21.9 | O44: =IF((K8+0.2-P8)<=0.81,(P8-I8+0.81),(K8-I8+0.2)) -> 2.31936 | P44: =IF((L8+0.2-Q8)<=0.81,(Q8-J8+0.81),(L8-J8+0.2)) -> 2.23911 | Q44: =M8 -> 0.6 | R44: =N8 -> 0.6 | S44: =O8 -> 1 | T44: =P8-I8+0.81 -> 2.31936 | U44: =Q8-J8+0.81 -> 2.12397 | V44: =R8 -> 0.45 | W44: =S8 -> 0.45 | X44: =T8 -> 0 | Y44: =(O44+P44)/2*Q44*S44 -> 1.367541 | Z44: =(T44+U44)/2*V44*X44 -> 0 | AA44: =K8 -> 1.98546 | AB44: =L8 -> 1.48546 | AC44: =P8 -> 1.55032 | AD44: =Q8 -> 0.76032
A45: =B9 -> YU5 | B45: =C9 -> 190.06 | C45: =D9 -> 210.06 | D45: =ABS(C45-B45) -> 20 | E45: =G9 -> 3.348 | F45: =H9 -> 3.348 | G45: =I9 -> -0.55455 | H45: =J9 -> -1.14916 | I45: =E45-G45 -> 3.90255 | J45: =F45-H45 -> 4.49716 | K45: =L45+0.1 -> 0.6 | L45: =LOOKUP(MAX(J45,I45),{0,3,4,5,6.5,7.5,9,10},{0.3,0.4,0.5,0.6,0.7,0.8,0.9}) -> 0.5 | M45: =V9+L45*2 -> 22.1 | N45: =W9+L45*2 -> 22.1 | O45: =IF((K9+0.2-P9)<=0.81,(P9-I9+0.81),(K9-I9+0.2)) -> 2.23926 | P45: =IF((L9+0.2-Q9)<=0.81,(Q9-J9+0.81),(L9-J9+0.2)) -> 2.33387 | Q45: =M9 -> 0.6 | R45: =N9 -> 0.6 | S45: =O9 -> 1 | T45: =P9-I9+0.81 -> 2.12368 | U45: =Q9-J9+0.81 -> 1.92829 | V45: =R9 -> 0.45 | W45: =S9 -> 0.45 | X45: =T9 -> 0 | Y45: =(O45+P45)/2*Q45*S45 -> 1.371939 | Z45: =(T45+U45)/2*V45*X45 -> 0 | AA45: =K9 -> 1.48471 | AB45: =L9 -> 0.98471 | AC45: =P9 -> 0.75913 | AD45: =Q9 -> -0.03087
A46: =B10 -> YU6 | B46: =C10 -> 210.09 | C46: =D10 -> 230.09 | D46: =ABS(C46-B46) -> 20 | E46: =G10 -> 3.348 | F46: =H10 -> 3.348 | G46: =I10 -> -1.15032 | H46: =J10 -> -1.928 | I46: =E46-G46 -> 4.49832 | J46: =F46-H46 -> 5.276 | K46: =L46+0.1 -> 0.7 | L46: =LOOKUP(MAX(J46,I46),{0,3,4,5,6.5,7.5,9,10},{0.3,0.4,0.5,0.6,0.7,0.8,0.9}) -> 0.6 | M46: =V10+L46*2 -> 22.3 | N46: =W10+L46*2 -> 22.3 | O46: =IF((K10+0.2-P10)<=0.81,(P10-I10+0.81),(K10-I10+0.2)) -> 2.33428 | P46: =IF((L10+0.2-Q10)<=0.81,(Q10-J10+0.81),(L10-J10+0.2)) -> 2.61196 | Q46: =M10 -> 0.6 | R46: =N10 -> 0.6 | S46: =O10 -> 1 | T46: =P10-I10+0.81 -> 1.92827 | U46: =Q10-J10+0.81 -> 1.91595 | V46: =R10 -> 0.45 | W46: =S10 -> 0.45 | X46: =T10 -> 0 | Y46: =(O46+P46)/2*Q46*S46 -> 1.483872 | Z46: =(T46+U46)/2*V46*X46 -> 0 | AA46: =K10 -> 0.98396 | AB46: =L10 -> 0.48396 | AC46: =P10 -> -0.03205 | AD46: =Q10 -> -0.82205
A47: =B11 -> YU7 | B47: =C11 -> 230.12 | C47: =D11 -> 250.12 | D47: =ABS(C47-B47) -> 20 | E47: =G11 -> 3.348 | F47: =H11 -> 3.348 | G47: =I11 -> -1.92917 | H47: =J11 -> -2.70684 | I47: =E47-G47 -> 5.27717 | J47: =F47-H47 -> 6.05484 | K47: =L47+0.1 -> 0.6 | L47: 0.5 | M47: =V11+L47*2 -> 16.6 | N47: =W11+L47*2 -> 16.6 | O47: =IF((K11+0.2-P11)<=0.81,(P11-I11+0.81),(K11-I11+0.2)) -> 2.61238 | P47: =IF((L11+0.2-Q11)<=0.81,(Q11-J11+0.81),(L11-J11+0.2)) -> 2.89005 | Q47: =M11 -> 0.6 | R47: =N11 -> 0.6 | S47: =O11 -> 1 | T47: =P11-I11+0.81 -> 1.91593 | U47: =Q11-J11+0.81 -> 1.93347 | V47: =R11 -> 0.45 | W47: =S11 -> 0.45 | X47: =T11 -> 0 | Y47: =(O47+P47)/2*Q47*S47 -> 1.650729 | Z47: =(T47+U47)/2*V47*X47 -> 0 | AA47: =K11 -> 0.48321 | AB47: =L11 -> -0.01679 | AC47: =P11 -> -0.82324 | AD47: =Q11 -> -1.58337
A48: =B12 -> YU8 | B48: =C12 -> 250.15 | C48: =D12 -> 270.15 | D48: =ABS(C48-B48) -> 20 | E48: =G12 -> 3.348 | F48: =H12 -> 3.348 | G48: =I12 -> -2.70774 | H48: =J12 -> -3.30793 | I48: =E48-G48 -> 6.05574 | J48: =F48-H48 -> 6.65593 | K48: =L48+0.1 -> 0.8 | L48: =LOOKUP(MAX(J48,I48),{0,3,4,5,6.5,7.5,9,10},{0.3,0.4,0.5,0.6,0.7,0.8,0.9}) -> 0.7 | M48: =V12+L48*2 -> 22.5 | N48: =W12+L48*2 -> 22.883 | O48: =IF((K12+0.2-P12)<=0.81,(P12-I12+0.81),(K12-I12+0.2)) -> 2.8902 | P48: =IF((L12+0.2-Q12)<=0.81,(Q12-J12+0.81),(L12-J12+0.2)) -> 2.99039 | Q48: =M12 -> 0.6 | R48: =N12 -> 0.983 | S48: =O12 -> 1 | T48: =P12-I12+0.81 -> 1.93336 | U48: =Q12-J12+0.81 -> 1.97021 | V48: =R12 -> 0.45 | W48: =S12 -> 0.45 | X48: =T12 -> 0 | Y48: =(O48+P48)/2*Q48*S48 -> 1.764177 | Z48: =(T48+U48)/2*V48*X48 -> 0 | AA48: =K12 -> -0.01754 | AB48: =L12 -> -0.51754 | AC48: =P12 -> -1.58438 | AD48: =Q12 -> -2.14772
A49: =B13 -> YU9 | B49: =C13 -> 270.18 | C49: =D13 -> 290.18 | D49: =ABS(C49-B49) -> 20 | E49: =G13 -> 3.348 | F49: =H13 -> 3.348 | G49: =I13 -> -3.30883 | H49: =J13 -> -3.90902 | I49: =E49-G49 -> 6.65683 | J49: =F49-H49 -> 7.25702 | K49: =L49+0.1 -> 0.8 | L49: =LOOKUP(MAX(J49,I49),{0,3,4,5,6.5,7.5,9,10},{0.3,0.4,0.5,0.6,0.7,0.8,0.9}) -> 0.7 | M49: =V13+L49*2 -> 22.884 | N49: =W13+L49*2 -> 23.267 | O49: =IF((K13+0.2-P13)<=0.81,(P13-I13+0.81),(K13-I13+0.2)) -> 2.99054 | P49: =IF((L13+0.2-Q13)<=0.81,(Q13-J13+0.81),(L13-J13+0.2)) -> 3.19029 | Q49: =M13 -> 0.984 | R49: =N13 -> 1.367 | S49: =O13 -> 1 | T49: =P13-I13+0.81 -> 1.97044 | U49: =Q13-J13+0.81 -> 2.22984 | V49: =R13 -> 0.45 | W49: =S13 -> 0.45 | X49: =T13 -> 0 | Y49: =(O49+P49)/2*Q49*S49 -> 3.0409684 | Z49: =(T49+U49)/2*V49*X49 -> 0 | AA49: =K13 -> -0.51829 | AB49: =L13 -> -0.91873 | AC49: =P13 -> -2.14839 | AD49: =Q13 -> -2.48918
A50: =B14 -> YU10 | B50: =C14 -> 290.21 | C50: =D14 -> 310.21 | D50: =ABS(C50-B50) -> 20 | E50: =G14 -> 3.348 | F50: =H14 -> 3.348 | G50: =I14 -> -3.90902 | H50: =J14 -> -3.90902 | I50: =E50-G50 -> 7.25702 | J50: =F50-H50 -> 7.25702 | K50: =L50+0.1 -> 0.8 | L50: =LOOKUP(MAX(J50,I50),{0,3,4,5,6.5,7.5,9,10},{0.3,0.4,0.5,0.6,0.7,0.8,0.9}) -> 0.7 | M50: =V14+L50*2 -> 23.267 | N50: =W14+L50*2 -> 23.65 | O50: =IF((K14+0.2-P14)<=0.81,(P14-I14+0.81),(K14-I14+0.2)) -> 3.18984 | P50: =IF((L14+0.2-Q14)<=0.81,(Q14-J14+0.81),(L14-J14+0.2)) -> 2.98969 | Q50: =M14 -> 1.367 | R50: =N14 -> 1.75 | S50: =O14 -> 1 | T50: =P14-I14+0.81 -> 2.2295 | U50: =Q14-J14+0.81 -> 2.11127 | V50: =R14 -> 0.45 | W50: =S14 -> 0.45 | X50: =T14 -> 0 | Y50: =(O50+P50)/2*Q50*S50 -> 4.2237088 | Z50: =(T50+U50)/2*V50*X50 -> 0 | AA50: =K14 -> -0.91918 | AB50: =L14 -> -1.11933 | AC50: =P14 -> -2.48952 | AD50: =Q14 -> -2.60775
A51: =B15 -> YU11 | B51: =C15 -> 429.29 | C51: =D15 -> 449.29 | D51: =ABS(C51-B51) -> 20 | E51: =G15 -> 3.348 | F51: =H15 -> 3.348 | G51: =I15 -> -4.252 | H51: =J15 -> -3.62343 | I51: =E51-G51 -> 7.6 | J51: =F51-H51 -> 6.97143 | K51: =L51+0.1 -> 0.9 | L51: =LOOKUP(MAX(J51,I51),{0,3,4,5,6.5,7.5,9,10},{0.3,0.4,0.5,0.6,0.7,0.8,0.9}) -> 0.8 | M51: =V15+L51*2 -> 23.1448 | N51: =W15+L51*2 -> 22.8053 | O51: =IF((K15+0.2-P15)<=0.81,(P15-I15+0.81),(K15-I15+0.2)) -> 3.6258 | P51: =IF((L15+0.2-Q15)<=0.81,(Q15-J15+0.81),(L15-J15+0.2)) -> 3.09149 | Q51: =M15 -> 1.0448 | R51: =N15 -> 0.7053 | S51: =O15 -> 1 | T51: =P15-I15+0.81 -> 2.80136 | U51: =Q15-J15+0.81 -> 2.28832 | V51: =R15 -> 0.45 | W51: =S15 -> 0.45 | X51: =T15 -> 0 | Y51: =(O51+P51)/2*Q51*S51 -> 3.5091123 | Z51: =(T51+U51)/2*V51*X51 -> 0 | AA51: =K15 -> -0.8262 | AB51: =L15 -> -0.73194 | AC51: =P15 -> -2.26064 | AD51: =Q15 -> -2.14511
A52: =B16 -> YU12 | B52: =C16 -> 449.32 | C52: =D16 -> 469.32 | D52: =ABS(C52-B52) -> 20 | E52: =G16 -> 3.348 | F52: =H16 -> 3.348 | G52: =I16 -> -3.62249 | H52: =J16 -> -2.99392 | I52: =E52-G52 -> 6.97049 | J52: =F52-H52 -> 6.34192 | K52: =L52+0.1 -> 0.7 | L52: 0.6 | M52: =V16+L52*2 -> 22.405 | N52: =W16+L52*2 -> 22.3 | O52: =IF((K16+0.2-P16)<=0.81,(P16-I16+0.81),(K16-I16+0.2)) -> 3.09082 | P52: =IF((L16+0.2-Q16)<=0.81,(Q16-J16+0.81),(L16-J16+0.2)) -> 2.73963 | Q52: =M16 -> 0.705 | R52: =N16 -> 0.6 | S52: =O16 -> 1 | T52: =P16-I16+0.81 -> 2.28771 | U52: =Q16-J16+0.81 -> 1.98769 | V52: =R16 -> 0.45 | W52: =S16 -> 0.45 | X52: =T16 -> 0 | Y52: =(O52+P52)/2*Q52*S52 -> 2.0552336 | Z52: =(T52+U52)/2*V52*X52 -> 0 | AA52: =K16 -> -0.73167 | AB52: =L16 -> -0.45429 | AC52: =P16 -> -2.14478 | AD52: =Q16 -> -1.81623
A53: =B17 -> YU13 | B53: =C17 -> 469.35 | C53: =D17 -> 489.35 | D53: =ABS(C53-B53) -> 20 | E53: =G17 -> 3.348 | F53: =H17 -> 3.348 | G53: =I17 -> -2.99298 | H53: =J17 -> -2.36441 | I53: =E53-G53 -> 6.34098 | J53: =F53-H53 -> 5.71241 | K53: =L53+0.1 -> 0.7 | L53: =LOOKUP(MAX(J53,I53),{0,3,4,5,6.5,7.5,9,10},{0.3,0.4,0.5,0.6,0.7,0.8,0.9}) -> 0.6 | M53: =V17+L53*2 -> 22.3 | N53: =W17+L53*2 -> 22.3 | O53: =IF((K17+0.2-P17)<=0.81,(P17-I17+0.81),(K17-I17+0.2)) -> 2.73925 | P53: =IF((L17+0.2-Q17)<=0.81,(Q17-J17+0.81),(L17-J17+0.2)) -> 2.57327 | Q53: =M17 -> 0.6 | R53: =N17 -> 0.6 | S53: =O17 -> 1 | T53: =P17-I17+0.81 -> 1.98741 | U53: =Q17-J17+0.81 -> 1.90995 | V53: =R17 -> 0.45 | W53: =S17 -> 0.45 | X53: =T17 -> 0 | Y53: =(O53+P53)/2*Q53*S53 -> 1.593756 | Z53: =(T53+U53)/2*V53*X53 -> 0 | AA53: =K17 -> -0.45373 | AB53: =L17 -> 0.00886 | AC53: =P17 -> -1.81557 | AD53: =Q17 -> -1.26446
A54: =B18 -> YU14 | B54: =C18 -> 489.38 | C54: =D18 -> 509.38 | D54: =ABS(C54-B54) -> 20 | E54: =G18 -> 3.348 | F54: =H18 -> 3.348 | G54: =I18 -> -2.36347 | H54: =J18 -> -1.80614 | I54: =E54-G54 -> 5.71147 | J54: =F54-H54 -> 5.15414 | K54: =L54+0.1 -> 0.7 | L54: =LOOKUP(MAX(J54,I54),{0,3,4,5,6.5,7.5,9,10},{0.3,0.4,0.5,0.6,0.7,0.8,0.9}) -> 0.6 | M54: =V18+L54*2 -> 22.3 | N54: =W18+L54*2 -> 22.3 | O54: =IF((K18+0.2-P18)<=0.81,(P18-I18+0.81),(K18-I18+0.2)) -> 2.57308 | P54: =IF((L18+0.2-Q18)<=0.81,(Q18-J18+0.81),(L18-J18+0.2)) -> 2.51575 | Q54: =M18 -> 0.6 | R54: =N18 -> 0.6 | S54: =O18 -> 1 | T54: =P18-I18+0.81 -> 1.91 | U54: =Q18-J18+0.81 -> 2.10612 | V54: =R18 -> 0.45 | W54: =S18 -> 0.45 | X54: =T18 -> 0 | Y54: =(O54+P54)/2*Q54*S54 -> 1.526649 | Z54: =(T54+U54)/2*V54*X54 -> 0 | AA54: =K18 -> 0.00961 | AB54: =L18 -> 0.50961 | AC54: =P18 -> -1.26347 | AD54: =Q18 -> -0.51002
A55: =B19 -> YU15 | B55: =C19 -> 509.41 | C55: =D19 -> 529.41 | D55: =ABS(C55-B55) -> 20 | E55: =G19 -> 3.348 | F55: =H19 -> 3.348 | G55: =I19 -> -1.8053 | H55: =J19 -> -1.24798 | I55: =E55-G55 -> 5.1533 | J55: =F55-H55 -> 4.59598 | K55: =L55+0.1 -> 0.7 | L55: =LOOKUP(MAX(J55,I55),{0,3,4,5,6.5,7.5,9,10},{0.3,0.4,0.5,0.6,0.7,0.8,0.9}) -> 0.6 | M55: =V19+L55*2 -> 22.3 | N55: =W19+L55*2 -> 22.3194 | O55: =IF((K19+0.2-P19)<=0.81,(P19-I19+0.81),(K19-I19+0.2)) -> 2.51566 | P55: =IF((L19+0.2-Q19)<=0.81,(Q19-J19+0.81),(L19-J19+0.2)) -> 2.45834 | Q55: =M19 -> 0.6 | R55: =N19 -> 0.6194 | S55: =O19 -> 1 | T55: =P19-I19+0.81 -> 2.10647 | U55: =Q19-J19+0.81 -> 2.33915 | V55: =R19 -> 0.45 | W55: =S19 -> 0.45 | X55: =T19 -> 0 | Y55: =(O55+P55)/2*Q55*S55 -> 1.4922 | Z55: =(T55+U55)/2*V55*X55 -> 0 | AA55: =K19 -> 0.51036 | AB55: =L19 -> 1.01036 | AC55: =P19 -> -0.50883 | AD55: =Q19 -> 0.28117
A56: =B20 -> YU16 | B56: =C20 -> 529.44 | C56: =D20 -> 549.44 | D56: =ABS(C56-B56) -> 20 | E56: =G20 -> 3.348 | F56: =H20 -> 3.348 | G56: =I20 -> -1.24714 | H56: =J20 -> -0.68981 | I56: =E56-G56 -> 4.59514 | J56: =F56-H56 -> 4.03781 | K56: =L56+0.1 -> 0.6 | L56: =LOOKUP(MAX(J56,I56),{0,3,4,5,6.5,7.5,9,10},{0.3,0.4,0.5,0.6,0.7,0.8,0.9}) -> 0.5 | M56: =V20+L56*2 -> 22.1195 | N56: =W20+L56*2 -> 22.2518 | O56: =IF((K20+0.2-P20)<=0.81,(P20-I20+0.81),(K20-I20+0.2)) -> 2.45825 | P56: =IF((L20+0.2-Q20)<=0.81,(Q20-J20+0.81),(L20-J20+0.2)) -> 2.57216 | Q56: =M20 -> 0.6195 | R56: =N20 -> 0.7518 | S56: =O20 -> 1 | T56: =P20-I20+0.81 -> 2.33949 | U56: =Q20-J20+0.81 -> 2.57216 | V56: =R20 -> 0.45 | W56: =S20 -> 0.45 | X56: =T20 -> 0 | Y56: =(O56+P56)/2*Q56*S56 -> 1.5581695 | Z56: =(T56+U56)/2*V56*X56 -> 0 | AA56: =K20 -> 1.01111 | AB56: =L20 -> 1.51111 | AC56: =P20 -> 0.28235 | AD56: =Q20 -> 1.07235
A57: =B21 -> YU17 | B57: =C21 -> 549.47 | C57: =D21 -> 569.47 | D57: =ABS(C57-B57) -> 20 | E57: =G21 -> 3.348 | F57: =H21 -> 3.348 | G57: =I21 -> -0.68898 | H57: =J21 -> -0.13165 | I57: =E57-G57 -> 4.03698 | J57: =F57-H57 -> 3.47965 | K57: =L57+0.1 -> 0.6 | L57: =LOOKUP(MAX(J57,I57),{0,3,4,5,6.5,7.5,9,10},{0.3,0.4,0.5,0.6,0.7,0.8,0.9}) -> 0.5 | M57: =V21+L57*2 -> 22.252 | N57: =W21+L57*2 -> 22.5092 | O57: =IF((K21+0.2-P21)<=0.81,(P21-I21+0.81),(K21-I21+0.2)) -> 2.57252 | P57: =IF((L21+0.2-Q21)<=0.81,(Q21-J21+0.81),(L21-J21+0.2)) -> 2.80298 | Q57: =M21 -> 0.752 | R57: =N21 -> 1.0092 | S57: =O21 -> 1 | T57: =P21-I21+0.81 -> 2.57252 | U57: =Q21-J21+0.81 -> 2.80298 | V57: =R21 -> 0.45 | W57: =S21 -> 0.45 | X57: =T21 -> 0 | Y57: =(O57+P57)/2*Q57*S57 -> 2.021188 | Z57: =(T57+U57)/2*V57*X57 -> 0 | AA57: =K21 -> 1.51186 | AB57: =L21 -> 2.01186 | AC57: =P21 -> 1.07354 | AD57: =Q21 -> 1.86133
A58: =B22 -> YU18 | B58: =C22 -> 569.5 | C58: =D22 -> 589.5 | D58: =ABS(C58-B58) -> 20 | E58: =G22 -> 3.348 | F58: =H22 -> 3.348 | G58: =I22 -> -0.13081 | H58: =J22 -> 0.42651 | I58: =E58-G58 -> 3.47881 | J58: =F58-H58 -> 2.92149 | K58: =L58+0.1 -> 0.5 | L58: =LOOKUP(MAX(J58,I58),{0,3,4,5,6.5,7.5,9,10},{0.3,0.4,0.5,0.6,0.7,0.8,0.9}) -> 0.4 | M58: =V22+L58*2 -> 22.3097 | N58: =W22+L58*2 -> 22.6575 | O58: =IF((K22+0.2-P22)<=0.81,(P22-I22+0.81),(K22-I22+0.2)) -> 2.80328 | P58: =IF((L22+0.2-Q22)<=0.81,(Q22-J22+0.81),(L22-J22+0.2)) -> 2.89319 | Q58: =M22 -> 1.0097 | R58: =N22 -> 1.3575 | S58: =O22 -> 1 | T58: =P22-I22+0.81 -> 2.80328 | U58: =Q22-J22+0.81 -> 2.89319 | V58: =R22 -> 0.45 | W58: =S22 -> 0.45 | X58: =T22 -> 0 | Y58: =(O58+P58)/2*Q58*S58 -> 2.8758629 | Z58: =(T58+U58)/2*V58*X58 -> 0 | AA58: =K22 -> 2.01261 | AB58: =L22 -> 2.51261 | AC58: =P22 -> 1.86247 | AD58: =Q22 -> 2.5097
A59: =B23 -> YU19 | B59: =C23 -> 589.53 | C59: =D23 -> 605.0005 | D59: =ABS(C59-B59) -> 15.4705 | E59: =G23 -> 3.348 | F59: =H23 -> 3.348 | G59: =I23 -> 0.42735 | H59: =J23 -> 0.85846 | I59: =E59-G59 -> 2.92065 | J59: =F59-H59 -> 2.48954 | K59: =L59+0.1 -> 0.4 | L59: =LOOKUP(MAX(J59,I59),{0,3,4,5,6.5,7.5,9,10},{0.3,0.4,0.5,0.6,0.7,0.8,0.9}) -> 0.3 | M59: =V23+L59*2 -> 22.458 | N59: =W23+L59*2 -> 22.6629 | O59: =IF((K23+0.2-P23)<=0.81,(P23-I23+0.81),(K23-I23+0.2)) -> 2.89315 | P59: =IF((L23+0.2-Q23)<=0.81,(Q23-J23+0.81),(L23-J23+0.2)) -> 2.81 | Q59: =M23 -> 1.358 | R59: =N23 -> 1.5629 | S59: =O23 -> 1 | T59: =P23-I23+0.81 -> 2.89315 | U59: =Q23-J23+0.81 -> 2.81 | V59: =R23 -> 0.45 | W59: =S23 -> 0.45 | X59: =T23 -> 0 | Y59: =(O59+P59)/2*Q59*S59 -> 3.8724388 | Z59: =(T59+U59)/2*V59*X59 -> 0 | AA59: =K23 -> 2.51336 | AB59: =L23 -> 2.85846 | AC59: =P23 -> 2.5105 | AD59: =Q23 -> 2.85846
A60: =B24 -> 东U10 | B60: =C24 -> 594.2491 | C60: =D24 -> 614.2491 | D60: =ABS(C60-B60) -> 20 | E60: =G24 -> 3.914 | F60: =H24 -> 3.914 | G60: =I24 -> 2.27743 | H60: =J24 -> 2.65934 | I60: =E60-G60 -> 1.63657 | J60: =F60-H60 -> 1.25466 | K60: =L60+0.1 -> 0.4 | L60: =LOOKUP(MAX(J60,I60),{0,3.5,4,5,6.5,7.5,9,10},{0.3,0.4,0.5,0.6,0.7,0.8,0.9}) -> 0.3 | M60: =V24+L60*2 -> 8.6 | N60: =W24+L60*2 -> 8.6 | O60: =K24-I24+0.2 -> 1.12115 | P60: =L24-J24+0.2 -> 1.21711 | Q60: =M24 -> 1.75 | R60: =N24 -> 1.75 | S60: =O24 -> 1 | T60: =P24-I24+1 -> 1.89652 | U60: =Q24-J24 -> 1.01711 | V60: =R24 -> 0.45 | W60: =S24 -> 0.45 | X60: =T24 -> 0 | Y60: =(O60+P60)/2*Q60*S60 -> 2.0459775 | Z60: =(T60+U60)/2*V60*X60 -> 0 | AA60: =K24 -> 3.19858 | AB60: =L24 -> 3.67645 | AC60: =P24 -> 3.17395 | AD60: =Q24 -> 3.67645
A61: =B25 -> 西U10-1 | B61: =C25 -> 111.6591 | C61: =D25 -> 131.6591 | D61: =ABS(C61-B61) -> 20 | E61: =G25 -> 3.59828 | F61: =H25 -> 3.348 | G61: =I25 -> 2.29828 | H61: =J25 -> 1.73674 | I61: =E61-G61 -> 1.3 | J61: =F61-H61 -> 1.61126 | K61: =L61+0.1 -> 0.4 | L61: =LOOKUP(MAX(J61,I61),{0,3.5,4,5,6.5,7.5,9,10},{0.3,0.4,0.5,0.6,0.7,0.8,0.9}) -> 0.3 | M61: =V25+L61*2 -> 22.85 | N61: =W25+L61*2 -> 22.85 | O61: =K25-I25+0.2 -> 1.3 | P61: =L25-J25+0.2 -> 1.41637 | Q61: =M25 -> 1.75 | R61: =N25 -> 1.75 | S61: =O25 -> 1 | T61: =P25-I25+1 -> 2.1 | U61: =Q25-J25 -> 1.21144 | V61: =R25 -> 0.45 | W61: =S25 -> 0.45 | X61: =T25 -> 0 | Y61: =(O61+P61)/2*Q61*S61 -> 2.3768237 | Z61: =(T61+U61)/2*V61*X61 -> 0 | AA61: =K25 -> 3.39828 | AB61: =L25 -> 2.95311 | AC61: =P25 -> 3.39828 | AD61: =Q25 -> 2.94818
A62: =B26 -> 西U9-1 | B62: =C26 -> 131.6891 | C62: =D26 -> 151.6891 | D62: =ABS(C62-B62) -> 20 | E62: =G26 -> 3.348 | F62: =H26 -> 3.348 | G62: =I26 -> 1.7359 | H62: =J26 -> 1.17435 | I62: =E62-G62 -> 1.6121 | J62: =F62-H62 -> 2.17365 | K62: =L62+0.1 -> 0.4 | L62: =LOOKUP(MAX(J62,I62),{0,3.5,4,5,6.5,7.5,9,10},{0.3,0.4,0.5,0.6,0.7,0.8,0.9}) -> 0.3 | M62: =V26+L62*2 -> 22.85 | N62: =W26+L62*2 -> 22.85 | O62: =K26-I26+0.2 -> 1.41646 | P62: =L26-J26+0.2 -> 1.47801 | Q62: =M26 -> 1.75 | R62: =N26 -> 1.75 | S62: =O26 -> 1 | T62: =P26-I26+1 -> 2.21144 | U62: =Q26-J26 -> 1.10034 | V62: =R26 -> 0.45 | W62: =S26 -> 0.45 | X62: =T26 -> 0 | Y62: =(O62+P62)/2*Q62*S62 -> 2.5326612 | Z62: =(T62+U62)/2*V62*X62 -> 0 | AA62: =K26 -> 2.95236 | AB62: =L26 -> 2.45236 | AC62: =P26 -> 2.94734 | AD62: =Q26 -> 2.27469
A63: =B27 -> 西U6-1 | B63: =C27 -> 191.7791 | C63: =D27 -> 211.7791 | D63: =ABS(C63-B63) -> 20 | E63: =G27 -> 3.348 | F63: =H27 -> 3.348 | G63: =I27 -> -0.40882 | H63: =J27 -> -1.19881 | I63: =E63-G63 -> 3.75682 | J63: =F63-H63 -> 4.54681 | K63: =L63+0.1 -> 0.6 | L63: =LOOKUP(MAX(J63,I63),{0,3.5,4,5,6.5,7.5,9,10},{0.3,0.4,0.5,0.6,0.7,0.8,0.9}) -> 0.5 | M63: =V27+L63*2 -> 13.5 | N63: =W27+L63*2 -> 13.5 | O63: =K27-I27+0.2 -> 2.05893 | P63: =L27-J27+0.2 -> 2.34892 | Q63: =M27 -> 1.75 | R63: =N27 -> 1.75 | S63: =O27 -> 0 | T63: =P27-I27+1 -> 2.10004 | U63: =Q27-J27 -> 1.10003 | V63: =R27 -> 0.45 | W63: =S27 -> 0.45 | X63: =T27 -> 0 | Y63: =(O63+P63)/2*Q63*S63 -> 0 | Z63: =(T63+U63)/2*V63*X63 -> 0 | AA63: =K27 -> 1.45011 | AB63: =L27 -> 0.95011 | AC63: =P27 -> 0.69122 | AD63: =Q27 -> -0.09878
A64: =B28 -> 西U5-1 | B64: =C28 -> 211.8091 | C64: =D28 -> 231.8091 | D64: =ABS(C64-B64) -> 20 | E64: =G28 -> 3.348 | F64: =H28 -> 3.348 | G64: =I28 -> -1.19999 | H64: =J28 -> -1.98997 | I64: =E64-G64 -> 4.54799 | J64: =F64-H64 -> 5.33797 | K64: =L64+0.1 -> 0.7 | L64: =LOOKUP(MAX(J64,I64),{0,3.5,4,5,6.5,7.5,9,10},{0.3,0.4,0.5,0.6,0.7,0.8,0.9}) -> 0.6 | M64: =V28+L64*2 -> 13.7 | N64: =W28+L64*2 -> 13.7 | O64: =K28-I28+0.2 -> 2.34935 | P64: =L28-J28+0.2 -> 2.63933 | Q64: =M28 -> 1.75 | R64: =N28 -> 1.75 | S64: =O28 -> 0 | T64: =P28-I28+1 -> 2.10002 | U64: =Q28-J28 -> 1.1 | V64: =R28 -> 0.45 | W64: =S28 -> 0.45 | X64: =T28 -> 0 | Y64: =(O64+P64)/2*Q64*S64 -> 0 | Z64: =(T64+U64)/2*V64*X64 -> 0 | AA64: =K28 -> 0.94936 | AB64: =L28 -> 0.44936 | AC64: =P28 -> -0.09997 | AD64: =Q28 -> -0.88997
A65: =B29 -> 西U4-1 | B65: =C29 -> 231.8391 | C65: =D29 -> 251.8391 | D65: =ABS(C65-B65) -> 20 | E65: =G29 -> 3.348 | F65: =H29 -> 3.348 | G65: =I29 -> -1.99116 | H65: =J29 -> -2.78114 | I65: =E65-G65 -> 5.33916 | J65: =F65-H65 -> 6.12914 | K65: =L65+0.1 -> 0.7 | L65: =LOOKUP(MAX(J65,I65),{0,3.5,4,5,6.5,7.5,9,10},{0.3,0.4,0.5,0.6,0.7,0.8,0.9}) -> 0.6 | M65: =V29+L65*2 -> 13.7 | N65: =W29+L65*2 -> 13.7 | O65: =K29-I29+0.2 -> 2.63977 | P65: =L29-J29+0.2 -> 2.92975 | Q65: =M29 -> 1.75 | R65: =N29 -> 1.75 | S65: =O29 -> 0 | T65: =P29-I29+1 -> 2.10001 | U65: =Q29-J29 -> 1.16323 | V65: =R29 -> 0.45 | W65: =S29 -> 0.45 | X65: =T29 -> 0 | Y65: =(O65+P65)/2*Q65*S65 -> 0 | Z65: =(T65+U65)/2*V65*X65 -> 0 | AA65: =K29 -> 0.44861 | AB65: =L29 -> -0.05139 | AC65: =P29 -> -0.89115 | AD65: =Q29 -> -1.61791
A66: =B30 -> 西U3-1 | B66: =C30 -> 251.8691 | C66: =D30 -> 271.8691 | D66: =ABS(C66-B66) -> 20 | E66: =G30 -> 3.348 | F66: =H30 -> 3.348 | G66: =I30 -> -2.78233 | H66: =J30 -> -3.34525 | I66: =E66-G66 -> 6.13033 | J66: =F66-H66 -> 6.69325 | K66: =L66+0.1 -> 0.8 | L66: =LOOKUP(MAX(J66,I66),{0,3.5,4,5,6.5,7.5,9,10},{0.3,0.4,0.5,0.6,0.7,0.8,0.9}) -> 0.7 | M66: =V30+L66*2 -> 13.9 | N66: =W30+L66*2 -> 13.9 | O66: =K30-I30+0.2 -> 2.93019 | P66: =L30-J30+0.2 -> 2.99311 | Q66: =M30 -> 1.75 | R66: =N30 -> 1.75 | S66: =O30 -> 0 | T66: =P30-I30+1 -> 2.16349 | U66: =Q30-J30 -> 1.21551 | V66: =R30 -> 0.45 | W66: =S30 -> 0.45 | X66: =T30 -> 0 | Y66: =(O66+P66)/2*Q66*S66 -> 0 | Z66: =(T66+U66)/2*V66*X66 -> 0 | AA66: =K30 -> -0.05214 | AB66: =L30 -> -0.55214 | AC66: =P30 -> -1.61884 | AD66: =Q30 -> -2.12974
A67: =B31 -> 西U2-1 | B67: =C31 -> 271.8991 | C67: =D31 -> 291.8991 | D67: =ABS(C67-B67) -> 20 | E67: =G31 -> 3.348 | F67: =H31 -> 3.348 | G67: =I31 -> -3.3461 | H67: =J31 -> -3.90902 | I67: =E67-G67 -> 6.6941 | J67: =F67-H67 -> 7.25702 | K67: =L67+0.1 -> 0.8 | L67: =LOOKUP(MAX(J67,I67),{0,3.5,4,5,6.5,7.5,9,10},{0.3,0.4,0.5,0.6,0.7,0.8,0.9}) -> 0.7 | M67: =V31+L67*2 -> 29.69 | N67: =W31+L67*2 -> 23.65 | O67: =K31-I31+0.2 -> 2.99321 | P67: =L31-J31+0.2 -> 3.15198 | Q67: =M31 -> 1.75 | R67: =N31 -> 1.75 | S67: =O31 -> 1 | T67: =P31-I31+1 -> 2.21576 | U67: =Q31-J31 -> 1.49034 | V67: =R31 -> 0.45 | W67: =S31 -> 0.45 | X67: =T31 -> 0 | Y67: =(O67+P67)/2*Q67*S67 -> 5.3770413 | Z67: =(T67+U67)/2*V67*X67 -> 0 | AA67: =K31 -> -0.55289 | AB67: =L31 -> -0.95704 | AC67: =P31 -> -2.13034 | AD67: =Q31 -> -2.41868
A68: =B32 -> 西U6-2 | B68: =C32 -> 191.7791 | C68: =D32 -> 211.7791 | D68: =ABS(C68-B68) -> 20 | E68: =G32 -> 3.348 | F68: =H32 -> 3.348 | G68: =I32 -> -0.40882 | H68: =J32 -> -1.19881 | I68: =E68-G68 -> 3.75682 | J68: =F68-H68 -> 4.54681 | K68: =L68+0.1 -> 0.6 | L68: =LOOKUP(MAX(J68,I68),{0,3.5,4,5,6.5,7.5,9,10},{0.3,0.4,0.5,0.6,0.7,0.8,0.9}) -> 0.5 | M68: =V32+L68*2 -> 9 | N68: =W32+L68*2 -> 10.09 | O68: =K32-I32+0.2 -> 2.05893 | P68: =L32-J32+0.2 -> 2.34892 | Q68: =M32 -> 1.75 | R68: =N32 -> 1.75 | S68: =O32 -> 0 | T68: =P32-I32+1 -> 2.10004 | U68: =Q32-J32 -> 1.10003 | V68: =R32 -> 0.45 | W68: =S32 -> 0.45 | X68: =T32 -> 0 | Y68: =(O68+P68)/2*Q68*S68 -> 0 | Z68: =(T68+U68)/2*V68*X68 -> 0 | AA68: =K32 -> 1.45011 | AB68: =L32 -> 0.95011 | AC68: =P32 -> 0.69122 | AD68: =Q32 -> -0.09878
A69: =B33 -> 西U5-2 | B69: =C33 -> 211.8091 | C69: =D33 -> 231.8091 | D69: =ABS(C69-B69) -> 20 | E69: =G33 -> 3.348 | F69: =H33 -> 3.348 | G69: =I33 -> -1.19999 | H69: =J33 -> -1.98997 | I69: =E69-G69 -> 4.54799 | J69: =F69-H69 -> 5.33797 | K69: =L69+0.1 -> 0.7 | L69: =LOOKUP(MAX(J69,I69),{0,3.5,4,5,6.5,7.5,9,10},{0.3,0.4,0.5,0.6,0.7,0.8,0.9}) -> 0.6 | M69: =V33+L69*2 -> 10.29 | N69: =W33+L69*2 -> 9.2 | O69: =K33-I33+0.2 -> 2.34935 | P69: =L33-J33+0.2 -> 2.63933 | Q69: =M33 -> 1.75 | R69: =N33 -> 1.75 | S69: =O33 -> 0 | T69: =P33-I33+1 -> 2.10002 | U69: =Q33-J33 -> 1.1 | V69: =R33 -> 0.45 | W69: =S33 -> 0.45 | X69: =T33 -> 0 | Y69: =(O69+P69)/2*Q69*S69 -> 0 | Z69: =(T69+U69)/2*V69*X69 -> 0 | AA69: =K33 -> 0.94936 | AB69: =L33 -> 0.44936 | AC69: =P33 -> -0.09997 | AD69: =Q33 -> -0.88997
A70: =B34 -> 西U4-2 | B70: =C34 -> 231.8391 | C70: =D34 -> 251.8391 | D70: =ABS(C70-B70) -> 20 | E70: =G34 -> 3.348 | F70: =H34 -> 3.348 | G70: =I34 -> -1.99116 | H70: =J34 -> -2.78114 | I70: =E70-G70 -> 5.33916 | J70: =F70-H70 -> 6.12914 | K70: =L70+0.1 -> 0.7 | L70: =LOOKUP(MAX(J70,I70),{0,3.5,4,5,6.5,7.5,9,10},{0.3,0.4,0.5,0.6,0.7,0.8,0.9}) -> 0.6 | M70: =V34+L70*2 -> 9.2 | N70: =W34+L70*2 -> 9.2 | O70: =K34-I34+0.2 -> 2.63977 | P70: =L34-J34+0.2 -> 2.92975 | Q70: =M34 -> 1.75 | R70: =N34 -> 1.75 | S70: =O34 -> 0 | T70: =P34-I34+1 -> 2.10001 | U70: =Q34-J34 -> 1.16323 | V70: =R34 -> 0.45 | W70: =S34 -> 0.45 | X70: =T34 -> 0 | Y70: =(O70+P70)/2*Q70*S70 -> 0 | Z70: =(T70+U70)/2*V70*X70 -> 0 | AA70: =K34 -> 0.44861 | AB70: =L34 -> -0.05139 | AC70: =P34 -> -0.89115 | AD70: =Q34 -> -1.61791
A71: =B35 -> 西U3-2 | B71: =C35 -> 251.8691 | C71: =D35 -> 271.8691 | D71: =ABS(C71-B71) -> 20 | E71: =G35 -> 3.348 | F71: =H35 -> 3.348 | G71: =I35 -> -2.78233 | H71: =J35 -> -3.34525 | I71: =E71-G71 -> 6.13033 | J71: =F71-H71 -> 6.69325 | K71: =L71+0.1 -> 0.8 | L71: =LOOKUP(MAX(J71,I71),{0,3.5,4,5,6.5,7.5,9,10},{0.3,0.4,0.5,0.6,0.7,0.8,0.9}) -> 0.7 | M71: =V35+L71*2 -> 9.4 | N71: =W35+L71*2 -> 15.46 | O71: =K35-I35+0.2 -> 2.93019 | P71: =L35-J35+0.2 -> 2.99311 | Q71: =M35 -> 1.75 | R71: =N35 -> 1.75 | S71: =O35 -> 0 | T71: =P35-I35+1 -> 2.16349 | U71: =Q35-J35 -> 1.21551 | V71: =R35 -> 0.45 | W71: =S35 -> 0.45 | X71: =T35 -> 0 | Y71: =(O71+P71)/2*Q71*S71 -> 0 | Z71: =(T71+U71)/2*V71*X71 -> 0 | AA71: =K35 -> -0.05214 | AB71: =L35 -> -0.55214 | AC71: =P35 -> -1.61884 | AD71: =Q35 -> -2.12974
A72: =B36 -> 0 | B72: =C36 -> 0 | C72: =D36 -> 0 | D72: =ABS(C72-B72) -> 0 | E72: =G36 -> 0 | F72: =H36 -> 0 | G72: =I36 -> 0 | H72: =J36 -> 0 | I72: =E72-G72 -> 0 | J72: =F72-H72 -> 0 | K72: =L72+0.1 -> 0.4 | L72: =LOOKUP(MAX(J72,I72),{0,3,4,5,6.5,7.5,9,10},{0.3,0.4,0.5,0.6,0.7,0.8,0.9}) -> 0.3 | M72: =V36+L72*2 -> 0.6 | N72: =W36+L72*2 -> 0.6 | O72: =K36-I36+0.2 -> 0.2 | P72: =L36-J36+0.2 -> 0.2 | Q72: =M36 -> 0 | R72: =N36 -> 0 | S72: =O36 -> 0 | T72: =P36-I36+1 -> 1 | U72: =Q36-J36 -> 0 | V72: =R36 -> 0 | W72: =S36 -> 0 | X72: =T36 -> 0
Y73: =SUM(Y41:Y59) -> 39.86865
B74: 三、边墙及底板厚度及钢筋选用原则（试算结果取值，作为结构推荐值使用）
B75: 结构净高 | C75: N1试算取值 | D75: 边墙厚度 | E75: 底板厚度 | G75: 6m以上双根一束
B76: 2.5m以下 | C76: 8根12 | D76: 0.3 | E76: 0.3
B77: 3m以下 | C77: 8根14 | D77: 0.3 | E77: 0.3
B78: 3.5m以下 | C78: 8根16 | D78: 0.4 | E78: 0.4
B79: 4m以下 | C79: 8根18 | D79: 0.4 | E79: 0.4
B80: 4.5m以下 | C80: 8根20 | D80: 0.5 | E80: 0.5
B81: 5m以下 | C81: 8根22 | D81: 0.5 | E81: 0.5
B82: 5.5m以下 | C82: 8根25 | D82: 0.6 | E82: 0.6
B83: 6m以下 | C83: 8根28 | D83: 0.6 | E83: 0.6
B84: 6.5m以下 | C84: 16根22 | D84: 0.6 | E84: 0.6
B85: 7m以下 | C85: 16根25 | D85: 0.7 | E85: 0.6
B86: 7.5m以下 | C86: 16根25 | D86: 0.7 | E86: 0.7
B87: 8m以下 | C87: 16根28 | D87: 0.8 | E87: 0.8
B88: 9m以下 | C88: 16根28 | D88: 0.8 | E88: 0.8
B89: 10m以下 | D89: 0.9 | E89: 0.9

Sheet 1.U型槽主筋验算
H1: 边墙厚度 | I1: 结构净高 | J1: 水位高 | K1: 钢筋
H2: ='0.结构参数'!L41 -> 0.3 | I2: =MAX('0.结构参数'!I41,'0.结构参数'!J41) -> 2.11515 | J2: =3.1-MIN('0.结构参数'!I5,'0.结构参数'!J5) -> 1.86715 | K2: 14 | L2: YU1 | M2: 14
H3: ='0.结构参数'!L42 -> 0.3 | I3: =MAX('0.结构参数'!I42,'0.结构参数'!J42) -> 2.71065 | J3: =3.1-MIN('0.结构参数'!I6,'0.结构参数'!J6) -> 2.46265 | K3: 16 | L3: YU2 | M3: 18
H4: ='0.结构参数'!L43 -> 0.4 | I4: =MAX('0.结构参数'!I43,'0.结构参数'!J43) -> 3.30615 | J4: =3.1-MIN('0.结构参数'!I7,'0.结构参数'!J7) -> 3.05815 | K4: 18 | L4: YU3 | M4: 20
H5: ='0.结构参数'!L44 -> 0.4 | I5: =MAX('0.结构参数'!I44,'0.结构参数'!J44) -> 3.90165 | J5: =3.1-MIN('0.结构参数'!I8,'0.结构参数'!J8) -> 3.65365 | K5: 22 | L5: YU4 | M5: 22
H6: ='0.结构参数'!L45 -> 0.5 | I6: =MAX('0.结构参数'!I45,'0.结构参数'!J45) -> 4.49716 | J6: =3.1-MIN('0.结构参数'!I9,'0.结构参数'!J9) -> 4.24916 | K6: 25 | L6: YU5 | M6: 25
G7: 2根 | H7: ='0.结构参数'!L46 -> 0.6 | I7: =MAX('0.结构参数'!I46,'0.结构参数'!J46) -> 5.276 | J7: =3.1-MIN('0.结构参数'!I10,'0.结构参数'!J10) -> 5.028 | K7: 20 | L7: YU6 | M7: 28
G8: 2根 | H8: ='0.结构参数'!L47 -> 0.5 | I8: =MAX('0.结构参数'!I47,'0.结构参数'!J47) -> 6.05484 | J8: =3.1-MIN('0.结构参数'!I11,'0.结构参数'!J11) -> 5.80684 | K8: 25 | L8: YU7 | M8: 25 | N8: 2.5G25
G9: 3根 | H9: ='0.结构参数'!L48 -> 0.7 | I9: =MAX('0.结构参数'!I48,'0.结构参数'!J48) -> 6.65593 | J9: =3.1-MIN('0.结构参数'!I12,'0.结构参数'!J12) -> 6.40793 | K9: 22 | L9: YU8 | M9: 25
G10: 3根 | H10: ='0.结构参数'!L49 -> 0.7 | I10: =MAX('0.结构参数'!I49,'0.结构参数'!J49) -> 7.25702 | J10: =3.1-MIN('0.结构参数'!I13,'0.结构参数'!J13) -> 7.00902 | K10: 25 | L10: YU9 | M10: 28
B11: YU19计算书 | G11: 3根 | H11: ='0.结构参数'!L50 -> 0.7 | I11: =MAX('0.结构参数'!I50,'0.结构参数'!J50) -> 7.25702 | J11: =3.1-MIN('0.结构参数'!I14,'0.结构参数'!J14) -> 7.00902 | K11: 25 | L11: YU10 | M11: 28
G12: 3根 | H12: ='0.结构参数'!L51 -> 0.8 | I12: =MAX('0.结构参数'!I51,'0.结构参数'!J51) -> 7.6 | J12: =3.1-MIN('0.结构参数'!I15,'0.结构参数'!J15) -> 7.352 | K12: 25 | L12: YU11 | M12: 28
B13: 1、 | C13: 结构描述 | G13: 3根 | H13: ='0.结构参数'!L52 -> 0.6 | I13: =MAX('0.结构参数'!I52,'0.结构参数'!J52) -> 6.97049 | J13: =3.1-MIN('0.结构参数'!I16,'0.结构参数'!J16) -> 6.72249 | K13: 22 | L13: YU12 | M13: 28 | N13: 3g25
G14: 3根 | H14: ='0.结构参数'!L53 -> 0.6 | I14: =MAX('0.结构参数'!I53,'0.结构参数'!J53) -> 6.34098 | J14: =3.1-MIN('0.结构参数'!I17,'0.结构参数'!J17) -> 6.09298 | K14: 20 | L14: YU13 | M14: 25
G15: 2根 | H15: ='0.结构参数'!L54 -> 0.6 | I15: =MAX('0.结构参数'!I54,'0.结构参数'!J54) -> 5.71147 | J15: =3.1-MIN('0.结构参数'!I18,'0.结构参数'!J18) -> 5.46347 | K15: 22 | L15: YU14 | M15: 22
G16: 2根 | H16: ='0.结构参数'!L55 -> 0.6 | I16: =MAX('0.结构参数'!I55,'0.结构参数'!J55) -> 5.1533 | J16: =3.1-MIN('0.结构参数'!I19,'0.结构参数'!J19) -> 4.9053 | K16: 20 | L16: YU15 | M16: 28
G17: 2根 | H17: ='0.结构参数'!L56 -> 0.5 | I17: =MAX('0.结构参数'!I56,'0.结构参数'!J56) -> 4.59514 | J17: =3.1-MIN('0.结构参数'!I20,'0.结构参数'!J20) -> 4.34714 | K17: 18 | L17: YU16 | M17: 25
H18: ='0.结构参数'!L57 -> 0.5 | I18: =MAX('0.结构参数'!I57,'0.结构参数'!J57) -> 4.03698 | J18: =3.1-MIN('0.结构参数'!I21,'0.结构参数'!J21) -> 3.78898 | K18: 22 | L18: YU17 | M18: 22
H19: ='0.结构参数'!L58 -> 0.4 | I19: =MAX('0.结构参数'!I58,'0.结构参数'!J58) -> 3.47881 | J19: =3.1-MIN('0.结构参数'!I22,'0.结构参数'!J22) -> 3.23081 | K19: 20 | L19: YU18 | M19: 20
H20: ='0.结构参数'!L59 -> 0.3 | I20: =MAX('0.结构参数'!I59,'0.结构参数'!J59) -> 2.92065 | J20: =3.1-MIN('0.结构参数'!I23,'0.结构参数'!J23) -> 2.67265 | K20: 18 | L20: YU19 | M20: 18
H21: ='0.结构参数'!L60 -> 0.3 | I21: =MAX('0.结构参数'!I60,'0.结构参数'!J60) -> 1.63657 | J21: =3.15-MIN('0.结构参数'!I24,'0.结构参数'!J24) -> 0.87257 | K21: 14 | L21: 东U10
H22: ='0.结构参数'!L61 -> 0.3 | I22: =MAX('0.结构参数'!I61,'0.结构参数'!J61) -> 1.61126 | J22: =3.15-MIN('0.结构参数'!I25,'0.结构参数'!J25) -> 1.41326 | K22: 14 | L22: 西U10-1
H23: ='0.结构参数'!L62 -> 0.3 | I23: =MAX('0.结构参数'!I62,'0.结构参数'!J62) -> 2.17365 | J23: =3.15-MIN('0.结构参数'!I26,'0.结构参数'!J26) -> 1.97565 | K23: 14 | L23: 西U9-1
H24: ='0.结构参数'!L63 -> 0.5 | I24: =MAX('0.结构参数'!I63,'0.结构参数'!J63) -> 4.54681 | J24: =3.15-MIN('0.结构参数'!I27,'0.结构参数'!J27) -> 4.34881 | K24: 22 | L24: 西U6-1
H25: ='0.结构参数'!L64 -> 0.6 | I25: =MAX('0.结构参数'!I64,'0.结构参数'!J64) -> 5.33797 | J25: =3.15-MIN('0.结构参数'!I28,'0.结构参数'!J28) -> 5.13997 | K25: 25 | L25: 西U5-1
H26: ='0.结构参数'!L65 -> 0.6 | I26: =MAX('0.结构参数'!I65,'0.结构参数'!J65) -> 6.12914 | J26: =3.15-MIN('0.结构参数'!I29,'0.结构参数'!J29) -> 5.93114 | K26: 20 | L26: 西U4-1
H27: ='0.结构参数'!L66 -> 0.7 | I27: =MAX('0.结构参数'!I66,'0.结构参数'!J66) -> 6.69325 | J27: =3.15-MIN('0.结构参数'!I30,'0.结构参数'!J30) -> 6.49525 | K27: 22 | L27: 西U3-1
H28: ='0.结构参数'!L67 -> 0.7 | I28: =MAX('0.结构参数'!I67,'0.结构参数'!J67) -> 7.25702 | J28: =3.15-MIN('0.结构参数'!I31,'0.结构参数'!J31) -> 7.05902 | K28: 25 | L28: 西U2-1
H29: ='0.结构参数'!L68 -> 0.5 | I29: =MAX('0.结构参数'!I68,'0.结构参数'!J68) -> 4.54681 | J29: =3.15-MIN('0.结构参数'!I32,'0.结构参数'!J32) -> 4.34881 | K29: 22 | L29: 西U6-2
B30: 结构尺寸 | C30: 顶宽： | D30: b1= | E30: 0.5 | H30: ='0.结构参数'!L69 -> 0.6 | I30: =MAX('0.结构参数'!I69,'0.结构参数'!J69) -> 5.33797 | J30: =3.15-MIN('0.结构参数'!I33,'0.结构参数'!J33) -> 5.13997 | K30: 25 | L30: 西U5-2
C31: 底宽： | D31: b2= | E31: =E30 -> 0.5 | H31: ='0.结构参数'!L70 -> 0.6 | I31: =MAX('0.结构参数'!I70,'0.结构参数'!J70) -> 6.12914 | J31: =3.15-MIN('0.结构参数'!I34,'0.结构参数'!J34) -> 5.93114 | K31: 20 | L31: 西U4-2
C32: 桥高： | D32: h= | E32: 7 | H32: ='0.结构参数'!L71 -> 0.7 | I32: =MAX('0.结构参数'!I71,'0.结构参数'!J71) -> 6.69325 | J32: =3.15-MIN('0.结构参数'!I35,'0.结构参数'!J35) -> 6.49525 | K32: 22 | L32: 西U3-2
C33: 水高： | D33: H= | E33: 6.7
E34: 0.7
B35: 2、 | C35: 荷载计算
C37: 结构重要性系数： | D37: r0= | E37: =IF(E32>5,IF(F37="二级及以下公路",1,1.05),IF(F37="二级及以下公路",0.95,1)) -> 1.05 | F37: 高速公路、一级公路 | G37: 结构重要性系数
C38: 土压力分项系数： | D38: γt= | E38: 1.4 | G38: 墙高 | H38: 高速公路、一级公路 | I38: 二级及以下公路
C39: 水压力分项系数： | D39: γs= | E39: 1 | G39: ≤5.0m | H39: 1 | I39: 0.95
C40: 活载分项系数： | D40: γQ= | E40: 1.4 | G40: >5.0m | H40: 1.05 | I40: 1
B42: 2.1 | C42: 土压力计算
B44: 土压力 参数 | C44: 填土坡角 | D44: β= | E44: 0
C45: 内摩擦角 | D45: φ= | E45: 23
C46: 墙与填土摩擦角 | D46: δ= | E46: 11.5
C47: 墙背俯斜 | D47: α= | E47: 0
C48: 墙后土容重 | D48: r1= | E48: 18
C49: 墙后土饱和容重 | D49: r2= | E49: 20
C50: 墙后土浮容重 | D50: r3= | E50: 10
B52: 土压力 中间值 | C52: cos(φ-α) | E52: =COS(RADIANS(E45-E47)) -> 0.92050485
C53: cosα | E53: =COS(RADIANS(E47)) -> 1
C54: cos（α+δ） | E54: =COS(RADIANS(E47+E46)) -> 0.9799247
C55: sin（φ+δ） | E55: =SIN(RADIANS(E45+E46)) -> 0.56640624
C56: sin（φ-β） | E56: =SIN(RADIANS(E45-E44)) -> 0.39073113
C57: cos（α-β） | E57: =COS(RADIANS(E47-E44)) -> 1
C58: 库仑系数u | E58: =E52^2/(E53^2*E54*(1+SQRT(E55*E56/(E54*E57)))^2) -> 0.39731794
B59: 主动土压力附加安全系数 | E59: 1.3
B61: 土压力 | C61: 土压应力：墙顶kPa | E61: 0
C62: 土压应力：水面kPa | E62: =E59*E58*E48*(E32-E33) -> 2.7891719
C63: 土压应力：墙底kPa | E63: =E59*E58*E50*E33+E62 -> 37.395564
C64: 无水部分的土压力kN | E64: =1/2*1*E62*(E32-E33) -> 0.41837579
C65: 有水部分的土压力kN | E65: =1/2*1*(E62+E63)*E33 -> 134.61887
C66: 无水土压力作用点m | E66: =E33+1/3*(E32-E33) -> 6.8
C67: 有水土压力作用点m | E67: =1/3*E33*(2*E62+E63)/(E62+E63) -> 2.3883462
C68: 边墙底截面土压力kN | E68: =E64+E65 -> 135.03724
C69: 墙底土压力力矩：kN*m | E69: =E64*E66+E65*E67 -> 324.36141
B71: 2.2 | C71: 水压力计算
B73: 水压力 | C73: 水压应力:水面kPa | E73: 0
C74: 水压应力:墙底kPa | E74: =10*E33 -> 67
C75: 水压力 kN | E75: =1/2*E74*E33 -> 224.45
C76: 水压力作用点m | E76: =E33/3 -> 2.2333333
C77: 边墙底截面水压力kN | E77: =E75 -> 224.45
C78: 墙底水压力力矩：kN*m | E78: =E75*E76 -> 501.27167
B81: 2.3 | C81: 活载
B83: 活载 | C83: 车辆荷载附加荷载强度kPa | E83: =IF(E32<2,20,(IF(E32>10,10,(20-(E32-2)/(10-2)*(20-10))))) -> 13.75
C84: 换算土层厚度m | E84: =E83/E48 -> 0.76388889
C85: 活载换算土压力 | E85: =1/2*1*E59*E58*E48*(E32+2*E84) -> 39.642397
C86: 作用点m | E86: =E32/3*((E32+E84/3)/(E32+E84/2)) -> 2.2930908
C87: 活载对边墙底力矩 | E87: =E85*E86 -> 90.903618
B89: 2.4 | C89: 荷载组合
C91: 基本组合：
C92: 边墙底弯矩（kN*m） | E92: =E37*(E38*E69+E39*E78+E40*E87) -> 1136.7748
C93: 边墙底剪力(kN) | E93: =E37*(E38*E68+E39*E77+E40*E85) -> 492.45157
C95: 长期效应组合：
C96: 边墙底弯矩：（kN*m） | E96: =E69+E78+0.4*E87 -> 861.99453
C97: 边墙底剪力：(kN) | E97: =E68+E77+0.4*E85 -> 375.3442
C99: 短期效应组合：
C100: 边墙底弯矩：（kN*m） | E100: =E69+E78+0.7*E87 -> 889.26561
C101: 边墙底剪力：(kN) | E101: =E68+E77+0.7*E85 -> 387.23692
B104: 2.5 | C104: 边墙截面验算
H105: fcd | I105: ftd | J105: Ec
B106: 已知 | C106: 混凝土fcd | D106: C35 | E106: =VLOOKUP(D106,G106:I109,2,1) -> 16.1 | F106: Mpa | G106: C35 | H106: 16.1 | I106: 1.52 | J106: 3.15
C107: 混凝土ftd | D107: C35 | E107: =VLOOKUP(D107,G106:I109,3,1) -> 1.52 | F107: Mpa | G107: C40 | H107: 18.1 | I107: 1.65 | J107: 3.25
C108: HRB400钢筋fsd | E108: 330 | F108: Mpa | G108: C45 | H108: 20.5 | I108: 1.74 | J108: 3.35
C109: HRB400钢筋fsd' | E109: 330 | F109: Mpa | G109: C50 | H109: 22.4 | I109: 1.83 | J109: 3.45
C110: 外侧钢筋根数 | E110: 24
C111: 外侧钢筋直径mm | E111: 25 | F111: mm
C112: 外侧钢筋面积As | E112: =E110*PI()*E111^2/4 -> 11780.972 | F112: mm2
C113: 内侧钢筋根数 | E113: 8
C114: 内侧钢筋直径mm | E114: 12 | F114: mm
C115: 内侧钢筋面积As' | E115: =E113*PI()*E114^2/4 -> 904.77868 | F115: mm2
C116: a | E116: 65 | F116: mm
...

Sheet 1.U型槽主筋验算 (2)
H1: 边墙厚度 | I1: 结构净高 | J1: 水位高 | K1: 钢筋
G2: ='0.结构参数'!A41 -> YU1 | H2: ='0.结构参数'!L41 -> 0.3 | I2: =MAX('0.结构参数'!I41,'0.结构参数'!J41) -> 2.11515 | J2: =3.1-MIN('0.结构参数'!I5,'0.结构参数'!J5) -> 1.86715 | K2: 14 | L2: 14 | M2: YU1 | N2: U1 | O2: 0.3 | P2: 2.62632 | Q2: 1.81787 | R2: ='[6]0.结构参数'!L41 -> 0.3 | S2: ='[6]0.结构参数'!W41 -> 0.45 | T2: =MAX('[6]0.结构参数'!T41,'[6]0.结构参数'!U41) -> 2.14301 | U2: =3.5-MIN('[6]0.结构参数'!T5,'[6]0.结构参数'!U5) -> 1.5 | V2: 14 | W2: 14 | X2: 14
G3: ='0.结构参数'!A42 -> YU2 | H3: ='0.结构参数'!L42 -> 0.3 | I3: =MAX('0.结构参数'!I42,'0.结构参数'!J42) -> 2.71065 | J3: =3.1-MIN('0.结构参数'!I6,'0.结构参数'!J6) -> 2.46265 | K3: 14 | L3: 14 | M3: YU2 | N3: U2 | O3: 0.4 | P3: 3.3273 | Q3: 2.51885 | R3: ='[6]0.结构参数'!L42 -> 0.4 | S3: ='[6]0.结构参数'!W42 -> 0.45 | T3: =MAX('[6]0.结构参数'!T42,'[6]0.结构参数'!U42) -> 2.1 | U3: =3.5-MIN('[6]0.结构参数'!T6,'[6]0.结构参数'!U6) -> 1.5 | V3: 14 | W3: 16 | X3: 16
G4: ='0.结构参数'!A43 -> YU3 | H4: ='0.结构参数'!L43 -> 0.4 | I4: =MAX('0.结构参数'!I43,'0.结构参数'!J43) -> 3.30615 | J4: =3.1-MIN('0.结构参数'!I7,'0.结构参数'!J7) -> 3.05815 | K4: 14 | L4: 16 | M4: YU3 | N4: U3 | O4: 0.5 | P4: 4.02835 | Q4: 3.2199 | R4: ='[6]0.结构参数'!L43 -> 0.5 | S4: ='[6]0.结构参数'!W43 -> 0.45 | T4: =MAX('[6]0.结构参数'!T43,'[6]0.结构参数'!U43) -> 2.1 | U4: =3.5-MIN('[6]0.结构参数'!T7,'[6]0.结构参数'!U7) -> 1.5 | V4: 18 | W4: 20 | X4: 18
G5: ='0.结构参数'!A44 -> YU4 | H5: ='0.结构参数'!L44 -> 0.4 | I5: =MAX('0.结构参数'!I44,'0.结构参数'!J44) -> 3.90165 | J5: =3.1-MIN('0.结构参数'!I8,'0.结构参数'!J8) -> 3.65365 | K5: 18 | L5: 18 | M5: YU4 | N5: U4 | O5: 0.5 | P5: 4.7294 | Q5: 3.92095 | R5: ='[6]0.结构参数'!L44 -> 0.5 | S5: ='[6]0.结构参数'!W44 -> 0.45 | T5: =MAX('[6]0.结构参数'!T44,'[6]0.结构参数'!U44) -> 2.15679 | U5: =3.5-MIN('[6]0.结构参数'!T8,'[6]0.结构参数'!U8) -> 1.5 | V5: 22 | W5: 22 | X5: 22
G6: ='0.结构参数'!A45 -> YU5 | H6: ='0.结构参数'!L45 -> 0.5 | I6: =MAX('0.结构参数'!I45,'0.结构参数'!J45) -> 4.49716 | J6: =3.1-MIN('0.结构参数'!I9,'0.结构参数'!J9) -> 4.24916 | K6: 22 | L6: 22 | M6: YU5 | N6: U5 | O6: 0.6 | P6: 5.44638 | Q6: 4.63793 | R6: ='[6]0.结构参数'!L45 -> 0.6 | S6: ='[6]0.结构参数'!W45 -> 0.45 | T6: =MAX('[6]0.结构参数'!T45,'[6]0.结构参数'!U45) -> 2.42398 | U6: =3.5-MIN('[6]0.结构参数'!T9,'[6]0.结构参数'!U9) -> 1.5 | V6: 25 | W6: 25 | X6: 25
G7: ='0.结构参数'!A46 -> YU6 | H7: ='0.结构参数'!L46 -> 0.6 | I7: =MAX('0.结构参数'!I46,'0.结构参数'!J46) -> 5.276 | J7: =3.1-MIN('0.结构参数'!I10,'0.结构参数'!J10) -> 5.028 | K7: 25 | L7: 25 | M7: YU6 | N7: U6 | O7: 0.7 | P7: 7.19893 | Q7: 5.35493 | R7: ='[6]0.结构参数'!L46 -> 0.7 | S7: ='[6]0.结构参数'!W46 -> 0.45 | T7: =MAX('[6]0.结构参数'!T46,'[6]0.结构参数'!U46) -> 2.89179 | U7: =3.5-MIN('[6]0.结构参数'!T10,'[6]0.结构参数'!U10) -> 1.5 | V7: 22 | W7: 25 | X7: 25
G8: ='0.结构参数'!A47 -> YU7 | H8: ='0.结构参数'!L47 -> 0.5 | I8: =MAX('0.结构参数'!I47,'0.结构参数'!J47) -> 6.05484 | J8: =3.1-MIN('0.结构参数'!I11,'0.结构参数'!J11) -> 5.80684 | K8: 20 | L8: 22 | M8: YU7 | N8: U7 | O8: 0.7 | P8: 5.95 | Q8: 5.31 | R8: ='[6]0.结构参数'!L47 -> 0.7 | S8: ='[6]0.结构参数'!W47 -> 0.45 | T8: =MAX('[6]0.结构参数'!T47,'[6]0.结构参数'!U47) -> 3.33064 | U8: =3.5-MIN('[6]0.结构参数'!T11,'[6]0.结构参数'!U11) -> 1.5 | V8: 28 | W8: 28 | X8: 28
G9: ='0.结构参数'!A48 -> YU8 | H9: ='0.结构参数'!L48 -> 0.7 | I9: =MAX('0.结构参数'!I48,'0.结构参数'!J48) -> 6.65593 | J9: =3.1-MIN('0.结构参数'!I12,'0.结构参数'!J12) -> 6.40793 | K9: 22 | L9: 22 | M9: YU8 | N9: U8 | O9: 0.5 | P9: 4.94664 | Q9: 4.30664 | R9: ='[6]0.结构参数'!L48 -> 0.5 | S9: ='[6]0.结构参数'!W48 -> 0.45 | T9: =MAX('[6]0.结构参数'!T48,'[6]0.结构参数'!U48) -> 2.92818 | U9: =3.5-MIN('[6]0.结构参数'!T12,'[6]0.结构参数'!U12) -> 1.5 | V9: 22 | W9: 25 | X9: 25
G10: ='0.结构参数'!A49 -> YU9 | H10: ='0.结构参数'!L49 -> 0.7 | I10: =MAX('0.结构参数'!I49,'0.结构参数'!J49) -> 7.25702 | J10: =3.1-MIN('0.结构参数'!I13,'0.结构参数'!J13) -> 7.00902 | K10: 25 | L10: 25 | M10: YU9 | N10: U9 | O10: 0.4 | P10: 3.94328 | Q10: 3.30328 | R10: ='[6]0.结构参数'!L49 -> 0.4 | S10: ='[6]0.结构参数'!W49 -> 0.45 | T10: =MAX('[6]0.结构参数'!T49,'[6]0.结构参数'!U49) -> 2.52572 | U10: =3.5-MIN('[6]0.结构参数'!T13,'[6]0.结构参数'!U13) -> 1.5 | V10: 18 | W10: 20 | X10: 20
G11: ='0.结构参数'!A50 -> YU10 | H11: ='0.结构参数'!L50 -> 0.7 | I11: =MAX('0.结构参数'!I50,'0.结构参数'!J50) -> 7.25702 | J11: =3.1-MIN('0.结构参数'!I14,'0.结构参数'!J14) -> 7.00902 | K11: 25 | L11: 25 | M11: YU10 | N11: U10 | O11: 0.3 | P11: 2.94077 | Q11: 2.30077 | R11: ='[6]0.结构参数'!L50 -> 0.3 | S11: ='[6]0.结构参数'!W50 -> 0.45 | T11: =MAX('[6]0.结构参数'!T50,'[6]0.结构参数'!U50) -> 2.26988 | U11: =3.5-MIN('[6]0.结构参数'!T14,'[6]0.结构参数'!U14) -> 1.5 | V11: 14 | W11: 16 | X11: 16
G12: ='0.结构参数'!A51 -> YU11 | H12: ='0.结构参数'!L51 -> 0.8 | I12: =MAX('0.结构参数'!I51,'0.结构参数'!J51) -> 7.6 | J12: =3.1-MIN('0.结构参数'!I15,'0.结构参数'!J15) -> 7.352 | K12: 25 | L12: 25 | M12: YU11 | N12: U11 | O12: 0.3 | P12: 2.51013 | Q12: 1.87013 | R12: ='[6]0.结构参数'!L51 -> 0.3 | S12: ='[6]0.结构参数'!W51 -> 0.45 | T12: =MAX('[6]0.结构参数'!T51,'[6]0.结构参数'!U51) -> 2.29948 | U12: =3.5-MIN('[6]0.结构参数'!T15,'[6]0.结构参数'!U15) -> 1.5 | V12: 14 | W12: 14 | X12: 14
B13: 1、 | C13: 结构描述 | G13: ='0.结构参数'!A52 -> YU12 | H13: ='0.结构参数'!L52 -> 0.6 | I13: =MAX('0.结构参数'!I52,'0.结构参数'!J52) -> 6.97049 | J13: =3.1-MIN('0.结构参数'!I16,'0.结构参数'!J16) -> 6.72249 | K13: 22 | L13: 25 | M13: YU12
G14: ='0.结构参数'!A53 -> YU13 | H14: ='0.结构参数'!L53 -> 0.6 | I14: =MAX('0.结构参数'!I53,'0.结构参数'!J53) -> 6.34098 | J14: =3.1-MIN('0.结构参数'!I17,'0.结构参数'!J17) -> 6.09298 | K14: 22 | L14: 22 | M14: YU13
G15: ='0.结构参数'!A54 -> YU14 | H15: ='0.结构参数'!L54 -> 0.6 | I15: =MAX('0.结构参数'!I54,'0.结构参数'!J54) -> 5.71147 | J15: =3.1-MIN('0.结构参数'!I18,'0.结构参数'!J18) -> 5.46347 | K15: 28 | L15: 28 | M15: YU14
G16: ='0.结构参数'!A55 -> YU15 | H16: ='0.结构参数'!L55 -> 0.6 | I16: =MAX('0.结构参数'!I55,'0.结构参数'!J55) -> 5.1533 | J16: =3.1-MIN('0.结构参数'!I19,'0.结构参数'!J19) -> 4.9053 | K16: 25 | L16: 25 | M16: YU15
G17: ='0.结构参数'!A56 -> YU16 | H17: ='0.结构参数'!L56 -> 0.5 | I17: =MAX('0.结构参数'!I56,'0.结构参数'!J56) -> 4.59514 | J17: =3.1-MIN('0.结构参数'!I20,'0.结构参数'!J20) -> 4.34714 | K17: 20 | L17: 20 | M17: YU16
G18: ='0.结构参数'!A57 -> YU17 | H18: ='0.结构参数'!L57 -> 0.5 | I18: =MAX('0.结构参数'!I57,'0.结构参数'!J57) -> 4.03698 | J18: =3.1-MIN('0.结构参数'!I21,'0.结构参数'!J21) -> 3.78898 | K18: 16 | L18: 18 | M18: YU17
G19: ='0.结构参数'!A58 -> YU18 | H19: ='0.结构参数'!L58 -> 0.4 | I19: =MAX('0.结构参数'!I58,'0.结构参数'!J58) -> 3.47881 | J19: =3.1-MIN('0.结构参数'!I22,'0.结构参数'!J22) -> 3.23081 | K19: 14 | L19: 16 | M19: YU18
G20: ='0.结构参数'!A59 -> YU19 | H20: ='0.结构参数'!L59 -> 0.3 | I20: =MAX('0.结构参数'!I59,'0.结构参数'!J59) -> 2.92065 | J20: =3.1-MIN('0.结构参数'!I23,'0.结构参数'!J23) -> 2.67265 | K20: 14 | L20: 14 | M20: YU19
G21: ='0.结构参数'!A60 -> 东U10 | H21: ='0.结构参数'!L60 -> 0.3 | I21: =MAX('0.结构参数'!I60,'0.结构参数'!J60) -> 1.63657 | J21: =3.15-MIN('0.结构参数'!I24,'0.结构参数'!J24) -> 0.87257 | K21: 14
G22: ='0.结构参数'!A61 -> 西U10-1 | H22: ='0.结构参数'!L61 -> 0.3 | I22: =MAX('0.结构参数'!I61,'0.结构参数'!J61) -> 1.61126 | J22: =3.15-MIN('0.结构参数'!I25,'0.结构参数'!J25) -> 1.41326 | K22: 14
G23: ='0.结构参数'!A62 -> 西U9-1 | H23: ='0.结构参数'!L62 -> 0.3 | I23: =MAX('0.结构参数'!I62,'0.结构参数'!J62) -> 2.17365 | J23: =3.15-MIN('0.结构参数'!I26,'0.结构参数'!J26) -> 1.97565 | K23: 14
G24: ='0.结构参数'!A63 -> 西U6-1 | H24: ='0.结构参数'!L63 -> 0.5 | I24: =MAX('0.结构参数'!I63,'0.结构参数'!J63) -> 4.54681 | J24: =3.15-MIN('0.结构参数'!I27,'0.结构参数'!J27) -> 4.34881 | K24: 22
G25: ='0.结构参数'!A64 -> 西U5-1 | H25: ='0.结构参数'!L64 -> 0.6 | I25: =MAX('0.结构参数'!I64,'0.结构参数'!J64) -> 5.33797 | J25: =3.15-MIN('0.结构参数'!I28,'0.结构参数'!J28) -> 5.13997 | K25: 25
G26: ='0.结构参数'!A65 -> 西U4-1 | H26: ='0.结构参数'!L65 -> 0.6 | I26: =MAX('0.结构参数'!I65,'0.结构参数'!J65) -> 6.12914 | J26: =3.15-MIN('0.结构参数'!I29,'0.结构参数'!J29) -> 5.93114 | K26: 20
G27: ='0.结构参数'!A66 -> 西U3-1 | H27: ='0.结构参数'!L66 -> 0.7 | I27: =MAX('0.结构参数'!I66,'0.结构参数'!J66) -> 6.69325 | J27: =3.15-MIN('0.结构参数'!I30,'0.结构参数'!J30) -> 6.49525 | K27: 22
G28: ='0.结构参数'!A67 -> 西U2-1 | H28: ='0.结构参数'!L67 -> 0.7 | I28: =MAX('0.结构参数'!I67,'0.结构参数'!J67) -> 7.25702 | J28: =3.15-MIN('0.结构参数'!I31,'0.结构参数'!J31) -> 7.05902 | K28: 25
G29: ='0.结构参数'!A68 -> 西U6-2 | H29: ='0.结构参数'!L68 -> 0.5 | I29: =MAX('0.结构参数'!I68,'0.结构参数'!J68) -> 4.54681 | J29: =3.15-MIN('0.结构参数'!I32,'0.结构参数'!J32) -> 4.34881 | K29: 22
B30: 结构尺寸 | C30: 顶宽： | D30: b1= | E30: 0.8 | G30: ='0.结构参数'!A69 -> 西U5-2 | H30: ='0.结构参数'!L69 -> 0.6 | I30: =MAX('0.结构参数'!I69,'0.结构参数'!J69) -> 5.33797 | J30: =3.15-MIN('0.结构参数'!I33,'0.结构参数'!J33) -> 5.13997 | K30: 25
C31: 底宽： | D31: b2= | E31: =E30 -> 0.8 | G31: ='0.结构参数'!A70 -> 西U4-2 | H31: ='0.结构参数'!L70 -> 0.6 | I31: =MAX('0.结构参数'!I70,'0.结构参数'!J70) -> 6.12914 | J31: =3.15-MIN('0.结构参数'!I34,'0.结构参数'!J34) -> 5.93114 | K31: 20
C32: 桥高： | D32: h= | E32: 7.6 | G32: ='0.结构参数'!A71 -> 西U3-2 | H32: ='0.结构参数'!L71 -> 0.7 | I32: =MAX('0.结构参数'!I71,'0.结构参数'!J71) -> 6.69325 | J32: =3.15-MIN('0.结构参数'!I35,'0.结构参数'!J35) -> 6.49525 | K32: 22
C33: 水高： | D33: H= | E33: 7.4
B35: 2、 | C35: 荷载计算
C37: 结构重要性系数： | D37: r0= | E37: =IF(E32>5,IF(F37="二级及以下公路",1,1.05),IF(F37="二级及以下公路",0.95,1)) -> 1 | F37: 二级及以下公路 | G37: 结构重要性系数
C38: 土压力分项系数： | D38: γt= | E38: 1.4 | G38: 墙高 | H38: 高速公路、一级公路 | I38: 二级及以下公路
C39: 水压力分项系数： | D39: γs= | E39: 1 | G39: ≤5.0m | H39: 1 | I39: 0.95
C40: 活载分项系数： | D40: γQ= | E40: 1.4 | G40: >5.0m | H40: 1.05 | I40: 1
B42: 2.1 | C42: 土压力计算
B44: 土压力 参数 | C44: 填土坡角 | D44: β= | E44: 0
C45: 内摩擦角 | D45: φ= | E45: 23
C46: 墙与填土摩擦角 | D46: δ= | E46: 11.5
C47: 墙背俯斜 | D47: α= | E47: 0
C48: 墙后土容重 | D48: r1= | E48: 18
C49: 墙后土饱和容重 | D49: r2= | E49: 20
C50: 墙后土浮容重 | D50: r3= | E50: 10
B52: 土压力 中间值 | C52: cos(φ-α) | E52: =COS(RADIANS(E45-E47)) -> 0.92050485
C53: cosα | E53: =COS(RADIANS(E47)) -> 1
C54: cos（α+δ） | E54: =COS(RADIANS(E47+E46)) -> 0.9799247
C55: sin（φ+δ） | E55: =SIN(RADIANS(E45+E46)) -> 0.56640624
C56: sin（φ-β） | E56: =SIN(RADIANS(E45-E44)) -> 0.39073113
C57: cos（α-β） | E57: =COS(RADIANS(E47-E44)) -> 1
C58: 库仑系数u | E58: =E52^2/(E53^2*E54*(1+SQRT(E55*E56/(E54*E57)))^2) -> 0.39731794
B59: 主动土压力附加安全系数 | E59: 1.3
B61: 土压力 | C61: 土压应力：墙顶kPa | E61: 0
C62: 土压应力：水面kPa | E62: =E59*E58*E48*(E32-E33) -> 1.8594479
C63: 土压应力：墙底kPa | E63: =E59*E58*E50*E33+E62 -> 40.081434
C64: 无水部分的土压力kN | E64: =1/2*1*E62*(E32-E33) -> 0.18594479
C65: 有水部分的土压力kN | E65: =1/2*1*(E62+E63)*E33 -> 155.18126
C66: 无水土压力作用点m | E66: =E33+1/3*(E32-E33) -> 7.4666667
C67: 有水土压力作用点m | E67: =1/3*E33*(2*E62+E63)/(E62+E63) -> 2.5760263
C68: 边墙底截面土压力kN | E68: =E64+E65 -> 155.36721
C69: 墙底土压力力矩：kN*m | E69: =E64*E66+E65*E67 -> 401.13939
B71: 2.2 | C71: 水压力计算
B73: 水压力 | C73: 水压应力:水面kPa | E73: 0
C74: 水压应力:墙底kPa | E74: =10*E33 -> 74
C75: 水压力 kN | E75: =1/2*E74*E33 -> 273.8
C76: 水压力作用点m | E76: =E33/3 -> 2.4666667
C77: 边墙底截面水压力kN | E77: =E75 -> 273.8
C78: 墙底水压力力矩：kN*m | E78: =E75*E76 -> 675.37333
B81: 2.3 | C81: 活载
B83: 活载 | C83: 车辆荷载附加荷载强度kPa | E83: =IF(E32<2,20,(IF(E32>10,10,(20-(E32-2)/(10-2)*(20-10))))) -> 13
C84: 换算土层厚度m | E84: =E83/E48 -> 0.72222222
C85: 活载换算土压力 | E85: =1/2*1*E59*E58*E48*(E32+2*E84) -> 42.044184
C86: 作用点m | E86: =E32/3*((E32+E84/3)/(E32+E84/2)) -> 2.4950299
C87: 活载对边墙底力矩 | E87: =E85*E86 -> 104.90149
B89: 2.4 | C89: 荷载组合
C91: 基本组合：
C92: 边墙底弯矩（kN*m） | E92: =E37*(E38*E69+E39*E78+E40*E87) -> 1383.8306
C93: 边墙底剪力(kN) | E93: =E37*(E38*E68+E39*E77+E40*E85) -> 550.17595
C95: 长期效应组合：
C96: 边墙底弯矩：（kN*m） | E96: =E69+E78+0.4*E87 -> 1118.4733
C97: 边墙底剪力：(kN) | E97: =E68+E77+0.4*E85 -> 445.98488
C99: 短期效应组合：
C100: 边墙底弯矩：（kN*m） | E100: =E69+E78+0.7*E87 -> 1149.9438
C101: 边墙底剪力：(kN) | E101: =E68+E77+0.7*E85 -> 458.59814
B104: 2.5 | C104: 边墙截面验算
H105: fcd | I105: ftd | J105: Ec
B106: 已知 | C106: 混凝土fcd | D106: C40 | E106: =VLOOKUP(D106,G106:I109,2,1) -> 18.1 | F106: Mpa | G106: C35 | H106: 16.1 | I106: 1.52 | J106: 3.15
C107: 混凝土ftd | D107: C40 | E107: =VLOOKUP(D107,G106:I109,3,1) -> 1.65 | F107: Mpa | G107: C40 | H107: 18.1 | I107: 1.65 | J107: 3.25
C108: HRB400钢筋fsd | E108: 330 | F108: Mpa | G108: C45 | H108: 20.5 | I108: 1.74 | J108: 3.35
C109: HRB400钢筋fsd' | E109: 330 | F109: Mpa | G109: C50 | H109: 22.4 | I109: 1.83 | J109: 3.45
C110: 外侧钢筋根数 | E110: 16
C111: 外侧钢筋直径mm | E111: 25 | F111: mm
C112: 外侧钢筋面积As | E112: =E110*PI()*E111^2/4 -> 7853.9816 | F112: mm2
C113: 内侧钢筋根数 | E113: 8
C114: 内侧钢筋直径mm | E114: 12 | F114: mm
C115: 内侧钢筋面积As' | E115: =E113*PI()*E114^2/4 -> 904.77868 | F115: mm2
C116: a | E116: 65 | F116: mm
C117: 有效高度h0 | E117: =E31*1000-E116 -> 735 | F117: mm
...

Sheet 2.U型槽钢筋
A2: U型槽尺寸表 | B2: 节段 | C2: 净高不含底板厚 | E2: 节段宽 | G2: 边墙厚B | H2: 底板厚T | I2: D | J2: hmin+T | K2: hmax+T | N2: 角度 | O2: 净保护层
C3: Hmin | D3: Hmax | E3: Lmax | F3: Lmin | N3: 90 | O3: 4 | P3: 4
B4: ='0.结构参数'!A41 -> YU1 | C4: =MIN('0.结构参数'!I41,'0.结构参数'!J41)*100 -> 179.116 | D4: =MAX('0.结构参数'!I41,'0.结构参数'!J41)*100 -> 211.515 | E4: =MAX('0.结构参数'!E5,'0.结构参数'!F5)*100 -> 2000 | F4: =MIN('0.结构参数'!E5,'0.结构参数'!F5)*100 -> 2000 | G4: ='0.结构参数'!L41*100 -> 30 | H4: ='0.结构参数'!K41*100 -> 40 | I4: =('0.结构参数'!M41+'0.结构参数'!N41)/2*100 -> 2170 | J4: =(C4+$H4) -> 219.116 | K4: =(D4+$H4) -> 251.515
B5: ='0.结构参数'!A42 -> YU2 | C5: =MIN('0.结构参数'!I42,'0.结构参数'!J42)*100 -> 211.604 | D5: =MAX('0.结构参数'!I42,'0.结构参数'!J42)*100 -> 271.065 | E5: =MAX('0.结构参数'!E6,'0.结构参数'!F6)*100 -> 2000 | F5: =MIN('0.结构参数'!E6,'0.结构参数'!F6)*100 -> 2000 | G5: ='0.结构参数'!L42*100 -> 30 | H5: ='0.结构参数'!K42*100 -> 40 | I5: =('0.结构参数'!M42+'0.结构参数'!N42)/2*100 -> 2170 | J5: =(C5+$H5) -> 251.604 | K5: =(D5+$H5) -> 311.065
B6: ='0.结构参数'!A43 -> YU3 | C6: =MIN('0.结构参数'!I43,'0.结构参数'!J43)*100 -> 271.154 | D6: =MAX('0.结构参数'!I43,'0.结构参数'!J43)*100 -> 330.615 | E6: =MAX('0.结构参数'!E7,'0.结构参数'!F7)*100 -> 2000 | F6: =MIN('0.结构参数'!E7,'0.结构参数'!F7)*100 -> 2000 | G6: ='0.结构参数'!L43*100 -> 40 | H6: ='0.结构参数'!K43*100 -> 50 | I6: =('0.结构参数'!M43+'0.结构参数'!N43)/2*100 -> 2190 | J6: =(C6+$H6) -> 321.154 | K6: =(D6+$H6) -> 380.615
B7: ='0.结构参数'!A44 -> YU4 | C7: =MIN('0.结构参数'!I44,'0.结构参数'!J44)*100 -> 330.704 | D7: =MAX('0.结构参数'!I44,'0.结构参数'!J44)*100 -> 390.165 | E7: =MAX('0.结构参数'!E8,'0.结构参数'!F8)*100 -> 2000 | F7: =MIN('0.结构参数'!E8,'0.结构参数'!F8)*100 -> 2000 | G7: ='0.结构参数'!L44*100 -> 40 | H7: ='0.结构参数'!K44*100 -> 50 | I7: =('0.结构参数'!M44+'0.结构参数'!N44)/2*100 -> 2190 | J7: =(C7+$H7) -> 380.704 | K7: =(D7+$H7) -> 440.165
B8: ='0.结构参数'!A45 -> YU5 | C8: =MIN('0.结构参数'!I45,'0.结构参数'!J45)*100 -> 390.255 | D8: =MAX('0.结构参数'!I45,'0.结构参数'!J45)*100 -> 449.716 | E8: =MAX('0.结构参数'!E9,'0.结构参数'!F9)*100 -> 2000 | F8: =MIN('0.结构参数'!E9,'0.结构参数'!F9)*100 -> 2000 | G8: ='0.结构参数'!L45*100 -> 50 | H8: ='0.结构参数'!K45*100 -> 60 | I8: =('0.结构参数'!M45+'0.结构参数'!N45)/2*100 -> 2210 | J8: =(C8+$H8) -> 450.255 | K8: =(D8+$H8) -> 509.716 | N8: 4、e2数值改为定值8，但仍需注意表格外e2取值区间
