Workbook
Name _P1: [1]钢轨桩计算!$C$10
Name _P1: [2]钢轨桩计算!$C$10
Name D0: [2]钢轨桩计算!$H$25
Name D0: [1]钢轨桩计算!$H$25
Name D0: [2]钢轨桩计算!$H$25
Name D0: [3]钢轨桩计算!$H$25
Name gj: #REF!
Name gj: #REF!
Name gjzj: #REF!
Name gjzj: #REF!
Name gjzj: #REF!
Name H: [2]钢轨桩计算!$C$2
Name H: [1]钢轨桩计算!$C$2
Name H: [2]钢轨桩计算!$C$2
Name H: [3]钢轨桩计算!$C$2
Name jd: SIN(RADIANS([3]框架结构!$B$2))
Name name: [4]工字钢数据!$A$2:$A$3
Name subject: [4]工字钢数据!$B$1:$C$1
Name x: [5]后背钢轨桩计算!$J$16
Name y: [2]钢轨桩计算!$D$17
Name y: [1]钢轨桩计算!$D$17
Name y: [2]钢轨桩计算!$D$17
Name y: [3]钢轨桩计算!$D$17
Name γ: [1]钢轨桩计算!$C$5
Name γ: [2]钢轨桩计算!$C$5
Name θ: [1]钢轨桩计算!$C$8
Name θ: [2]钢轨桩计算!$C$8
Name λ: [1]钢轨桩计算!$C$9
Name λ: [2]钢轨桩计算!$C$9
Name σh: [2]钢轨桩计算!$C$11
Name σh: [1]钢轨桩计算!$C$11
Name σh: [2]钢轨桩计算!$C$11
Name σh: [3]钢轨桩计算!$C$11
Name φ: [1]钢轨桩计算!$C$6
Name φ: [2]钢轨桩计算!$C$6
Name 边墙厚度: [3]框架结构!$C$10
Name 打入工作坑以下H: [2]钢轨桩计算!$C$3
Name 打入工作坑以下H: [1]钢轨桩计算!$C$3
Name 打入工作坑以下H: [2]钢轨桩计算!$C$3
Name 打入工作坑以下H: [3]钢轨桩计算!$C$3
Name 底板厚度: [3]框架结构!$C$9
Name 第1页________共1页: #REF!
Name 第1页________共1页: #REF!
Name 顶板厚度: [3]框架结构!$C$8
Name 钢筋直径: #REF!
Name 钢筋直径: #REF!
Name 钢筋直径: #REF!
Name 钢筋直径: #REF!
Name 钢筋直径: #REF!
Name 工字钢长度H: [1]钢轨桩计算!$C$2
Name 工字钢长度H: [2]钢轨桩计算!$C$2
Name 工作坑底面以上主动土动力P1: [1]钢轨桩计算!$C$10
Name 工作坑底面以上主动土动力P1: [2]钢轨桩计算!$C$10
Name 结构净高: [3]框架结构!$C$7
Name 结构总高: [3]框架结构!$C$4
Name 结构总宽: [3]框架结构!$C$3
Name 孔数: [2]框架结构!$F$1
Name 孔数: [1]框架结构!$F$1
Name 孔数: [2]框架结构!$F$1
Name 孔数: [3]框架结构!$F$1

Sheet 0.结构参数
B2: 一、从CAD中读取平面、纵断面原始数据 单位：m
A3: 序号 | B3: U型槽编号 | C3: 里程L | E3: L | G3: 顶高程E1 | I3: 底板顶高程E2 | K3: 中央分隔带 | P3: 机非分隔带 | U3: 水位高程E5 | V3: 净宽
K4: 高程E3 | M4: 宽度b1 | O4: 数量 | P4: 高程E4 | R4: 宽度b2 | T4: 数量
A5: 1 | B5: 西U10 | C5: 111.6591 | D5: 131.6591 | E5: =ABS(D5-C5) -> 20 | F5: =E5 -> 20 | G5: 3.59828 | H5: 3.348 | I5: 2.29828 | J5: 1.73674 | K5: 3.39828 | L5: 2.95311 | M5: 1.75 | N5: 1.75 | O5: 1 | P5: 3.39828 | Q5: 2.94818 | R5: 0.45 | S5: 0.45 | T5: 0 | U5: 3.1 | V5: 23.67 | W5: 22.75 | X5: =(K5+L5)/2*M5*O5 -> 5.5574663 | Y5: =(P5+Q5)/2*R5*T5 -> 0
A6: 2 | B6: 西U9 | C6: 131.6891 | D6: 151.6891 | E6: =ABS(D6-C6) -> 20 | F6: =E6 -> 20 | G6: 3.348 | H6: 3.348 | I6: 1.7359 | J6: 1.17435 | K6: 2.95236 | L6: 2.45236 | M6: 1.75 | N6: 1.75 | O6: 1 | P6: 2.94734 | Q6: 2.27469 | R6: 0.45 | S6: 0.45 | T6: 0 | U6: 3.1 | V6: 22.75 | W6: 22.25 | X6: =(K6+L6)/2*M6*O6 -> 4.72913 | Y6: =(P6+Q6)/2*R6*T6 -> 0
A7: 3 | B7: 西U8 | C7: 151.7191 | D7: 171.7191 | E7: =ABS(D7-C7) -> 20 | F7: =E7 -> 20 | G7: 3.348 | H7: 3.348 | I7: 1.17351 | J7: 0.38353 | K7: 2.45161 | L7: 1.95161 | M7: 1.75 | N7: 1.75 | O7: 1 | P7: 2.27351 | Q7: 1.48359 | R7: 0.45 | S7: 0.45 | T7: 0 | U7: 3.1 | V7: 22.25 | W7: 22.25 | X7: =(K7+L7)/2*M7*O7 -> 3.8528175 | Y7: =(P7+Q7)/2*R7*T7 -> 0
A8: 4 | B8: 西U7 | C8: 171.7491 | D8: 191.7491 | E8: =ABS(D8-C8) -> 20 | F8: =E8 -> 20 | G8: 3.348 | H8: 3.348 | I8: 0.38234 | J8: -0.40764 | K8: 1.95086 | L8: 1.45086 | M8: 1.75 | N8: 1.75 | O8: 1 | P8: 1.4824 | Q8: 0.6924 | R8: 0.45 | S8: 0.45 | T8: 0 | U8: 3.1 | V8: 22.25 | W8: 22.25 | X8: =(K8+L8)/2*M8*O8 -> 2.976505 | Y8: =(P8+Q8)/2*R8*T8 -> 0
A9: 5 | B9: 西U6 | C9: 191.7791 | D9: 211.7791 | E9: =ABS(D9-C9) -> 20 | F9: =E9 -> 20 | G9: 3.348 | H9: 3.348 | I9: -0.40882 | J9: -1.19881 | K9: 1.45011 | L9: 0.95011 | M9: 1.75 | N9: 1.75 | O9: 1 | P9: 0.69122 | Q9: -0.09878 | R9: 0.45 | S9: 0.45 | T9: 0 | U9: 3.1 | V9: 22.25 | W9: 22.25 | X9: =(K9+L9)/2*M9*O9 -> 2.1001925 | Y9: =(P9+Q9)/2*R9*T9 -> 0
A10: 6 | B10: 西U5 | C10: 211.8091 | D10: 231.8091 | E10: =ABS(D10-C10) -> 20 | F10: =E10 -> 20 | G10: 3.348 | H10: 3.348 | I10: -1.19999 | J10: -1.98997 | K10: 0.94936 | L10: 0.44936 | M10: 1.75 | N10: 1.75 | O10: 1 | P10: -0.09997 | Q10: -0.88997 | R10: 0.45 | S10: 0.45 | T10: 0 | U10: 3.1 | V10: 22.25 | W10: 22.25 | X10: =(K10+L10)/2*M10*O10 -> 1.22388 | Y10: =(P10+Q10)/2*R10*T10 -> 0
A11: 7 | B11: 西U4 | C11: 231.8391 | D11: 251.8391 | E11: =ABS(D11-C11) -> 20 | F11: =E11 -> 20 | G11: 3.348 | H11: 3.348 | I11: -1.99116 | J11: -2.78114 | K11: 0.44861 | L11: -0.05139 | M11: 1.75 | N11: 1.75 | O11: 1 | P11: -0.89115 | Q11: -1.61791 | R11: 0.45 | S11: 0.45 | T11: 0 | U11: 3.1 | V11: 22.25 | W11: 22.25 | X11: =(K11+L11)/2*M11*O11 -> 0.3475675 | Y11: =(P11+Q11)/2*R11*T11 -> 0
A12: 8 | B12: 西U3 | C12: 251.8691 | D12: 271.8691 | E12: =ABS(D12-C12) -> 20 | F12: =E12 -> 20 | G12: 3.348 | H12: 3.348 | I12: -2.78233 | J12: -3.34525 | K12: -0.05214 | L12: -0.55214 | M12: 1.75 | N12: 1.75 | O12: 1 | P12: -1.61884 | Q12: -2.12974 | R12: 0.45 | S12: 0.45 | T12: 0 | U12: 3.1 | V12: 22.25 | W12: 22.25 | X12: =(K12+L12)/2*M12*O12 -> -0.528745 | Y12: =(P12+Q12)/2*R12*T12 -> 0
A13: 9 | B13: 西U2 | C13: 271.8991 | D13: 291.8991 | E13: =ABS(D13-C13) -> 20 | F13: =E13 -> 20 | G13: 3.348 | H13: 3.348 | I13: -3.3461 | J13: -3.90902 | K13: -0.55289 | L13: -0.95704 | M13: 1.75 | N13: 1.75 | O13: 1 | P13: -2.13034 | Q13: -2.41868 | R13: 0.45 | S13: 0.45 | T13: 0 | U13: 3.1 | V13: 22.25 | W13: 22.25 | X13: =(K13+L13)/2*M13*O13 -> -1.3211887 | Y13: =(P13+Q13)/2*R13*T13 -> 0
A14: 10 | B14: 西U1 | C14: 291.9291 | D14: 316.9291 | E14: =ABS(D14-C14) -> 25 | F14: =E14 -> 25 | G14: 3.348 | H14: 3.348 | I14: -3.90902 | J14: -3.90902 | K14: -0.95748 | L14: -1.15046 | M14: 1.75 | N14: 1.75 | O14: 1 | P14: -2.41895 | Q14: -2.47022 | R14: 0.45 | S14: 0.45 | T14: 0 | U14: 3.1 | V14: 22.25 | W14: 22.25 | X14: =(K14+L14)/2*M14*O14 -> -1.8444475 | Y14: =(P14+Q14)/2*R14*T14 -> 0
A15: 11 | B15: 东U1 | C15: 400.9491 | D15: 408.9491 | E15: =ABS(D15-C15) -> 8 | F15: =E15 -> 8 | G15: 3.348 | H15: 3.348 | I15: -4.33477 | J15: -3.72017 | K15: -0.91122 | L15: -0.88722 | M15: 1.75 | N15: 1.75 | O15: 1 | P15: -2.21816 | Q15: -2.19416 | R15: 0.45 | S15: 0.45 | T15: 0 | U15: 3.1 | V15: 22.25 | W15: 22.25 | X15: =(K15+L15)/2*M15*O15 -> -1.573635 | Y15: =(P15+Q15)/2*R15*T15 -> 0
A16: 12 | B16: 东U2 | C16: 434.0091 | D16: 454.0091 | E16: =ABS(D16-C16) -> 20 | F16: =E16 -> 20 | G16: 3.348 | H16: 3.914 | I16: -3.71932 | J16: -3.15332 | K16: -0.68872 | L16: -0.30662 | M16: 1.75 | N16: 1.75 | O16: 1 | P16: -2.10592 | Q16: -1.85859 | R16: 0.45 | S16: 0.45 | T16: 0 | U16: 3.1 | V16: 22.25 | W16: 22.25 | X16: =(K16+L16)/2*M16*O16 -> -0.8709225 | Y16: =(P16+Q16)/2*R16*T16 -> 0
... A31: 27 | B31: 西U2-1 | C31: 271.8991 | D31: 291.8991 | E31: =ABS(D31-C31) -> 20 | F31: =E31 -> 20 | G31: 3.348 | H31: 3.348 | I31: -3.3461 | J31: -3.90902 | K31: -0.55289 | L31: -0.95704 | M31: 1.75 | N31: 1.75 | O31: 1 | P31: -2.13034 | Q31: -2.41868 | R31: 0.45 | S31: 0.45 | T31: 0 | U31: 3.1 | V31: 28.29 | W31: 22.25 | X31: =(K31+L31)/2*M31*O31 -> -1.3211887 | Y31: =(P31+Q31)/2*R31*T31 -> 0
A32: 28 | B32: 西U6-2 | C32: 191.7791 | D32: 211.7791 | E32: 20 | F32: 20 | G32: 3.348 | H32: 3.348 | I32: -0.40882 | J32: -1.19881 | K32: 1.45011 | L32: 0.95011 | M32: 1.75 | N32: 1.75 | O32: 0 | P32: 0.69122 | Q32: -0.09878 | R32: 0.45 | S32: 0.45 | T32: 0 | U32: 3.1 | V32: 8 | W32: 9.09 | X32: =(K32+L32)/2*M32*O32 -> 0 | Y32: =(P32+Q32)/2*R32*T32 -> 0
A33: 29 | B33: 西U5-2 | C33: 211.8091 | D33: 231.8091 | E33: 20 | F33: 20 | G33: 3.348 | H33: 3.348 | I33: -1.19999 | J33: -1.98997 | K33: 0.94936 | L33: 0.44936 | M33: 1.75 | N33: 1.75 | O33: 0 | P33: -0.09997 | Q33: -0.88997 | R33: 0.45 | S33: 0.45 | T33: 0 | U33: 3.1 | V33: 9.09 | W33: 8 | X33: =(K33+L33)/2*M33*O33 -> 0 | Y33: =(P33+Q33)/2*R33*T33 -> 0
A34: 30 | B34: 西U4-2 | C34: 231.8391 | D34: 251.8391 | E34: 20 | F34: 20 | G34: 3.348 | H34: 3.348 | I34: -1.99116 | J34: -2.78114 | K34: 0.44861 | L34: -0.05139 | M34: 1.75 | N34: 1.75 | O34: 0 | P34: -0.89115 | Q34: -1.61791 | R34: 0.45 | S34: 0.45 | T34: 0 | U34: 3.1 | V34: 8 | W34: 8 | X34: =(K34+L34)/2*M34*O34 -> 0 | Y34: =(P34+Q34)/2*R34*T34 -> 0
A35: 31 | B35: 西U3-2 | C35: 251.8691 | D35: 271.8691 | E35: 20 | F35: 20 | G35: 3.348 | H35: 3.348 | I35: -2.78233 | J35: -3.34525 | K35: -0.05214 | L35: -0.55214 | M35: 1.75 | N35: 1.75 | O35: 0 | P35: -1.61884 | Q35: -2.12974 | R35: 0.45 | S35: 0.45 | T35: 0 | U35: 3.1 | V35: 8 | W35: 14.06 | X35: =(K35+L35)/2*M35*O35 -> 0 | Y35: =(P35+Q35)/2*R35*T35 -> 0
A36: 32
X37: =SUM(X5:X36) -> 47.338707
B38: 二、命名并形成U型槽结构参数表 单位：m
A39: U型槽编号 | B39: 起讫点里程 | D39: 中心长度L | E39: 顶高程E1 | G39: 底板顶高程E2 | I39: 结构净高H | K39: 底板厚T | L39: 边墙厚B | M39: D | O39: 中央分隔带 | U39: 机非分隔带
O40: 高度h1 | Q40: 宽度b1 | S40: 数量 | T40: 高度h2 | V40: 宽度b2 | X40: 数量
A41: =B5 -> 西U10 | B41: =C5 -> 111.6591 | C41: =D5 -> 131.6591 | D41: =ABS(C41-B41) -> 20 | E41: =G5 -> 3.59828 | F41: =H5 -> 3.348 | G41: =I5 -> 2.29828 | H41: =J5 -> 1.73674 | I41: =E41-G41 -> 1.3 | J41: =F41-H41 -> 1.61126 | K41: =L41+0.1 -> 0.4 | L41: =LOOKUP(MAX(J41,I41),{0,3,4,5,6.5,7.5,9,10},{0.3,0.4,0.5,0.6,0.7,0.8,0.9}) -> 0.3 | M41: =V5+L41*2 -> 24.27 | N41: =W5+L41*2 -> 23.35 | O41: =K5-I5+0.2 -> 1.3 | P41: =L5-J5+0.2 -> 1.41637 | Q41: =M5 -> 1.75 | R41: =N5 -> 1.75 | S41: =O5 -> 1 | T41: =P5-I5+1 -> 2.1 | U41: =Q5-J5 -> 1.21144 | V41: =R5 -> 0.45 | W41: =S5 -> 0.45 | X41: =T5 -> 0 | Y41: =(O41+P41)/2*Q41*S41 -> 2.3768237 | Z41: =(T41+U41)/2*V41*X41 -> 0
A42: =B6 -> 西U9 | B42: =C6 -> 131.6891 | C42: =D6 -> 151.6891 | D42: =ABS(C42-B42) -> 20 | E42: =G6 -> 3.348 | F42: =H6 -> 3.348 | G42: =I6 -> 1.7359 | H42: =J6 -> 1.17435 | I42: =E42-G42 -> 1.6121 | J42: =F42-H42 -> 2.17365 | K42: =L42+0.1 -> 0.4 | L42: =LOOKUP(MAX(J42,I42),{0,3,4,5,6.5,7.5,9,10},{0.3,0.4,0.5,0.6,0.7,0.8,0.9}) -> 0.3 | M42: =V6+L42*2 -> 23.35 | N42: =W6+L42*2 -> 22.85 | O42: =K6-I6+0.2 -> 1.41646 | P42: =L6-J6+0.2 -> 1.47801 | Q42: =M6 -> 1.75 | R42: =N6 -> 1.75 | S42: =O6 -> 1 | T42: =P6-I6+1 -> 2.21144 | U42: =Q6-J6 -> 1.10034 | V42: =R6 -> 0.45 | W42: =S6 -> 0.45 | X42: =T6 -> 0 | Y42: =(O42+P42)/2*Q42*S42 -> 2.5326612 | Z42: =(T42+U42)/2*V42*X42 -> 0
A43: =B7 -> 西U8 | B43: =C7 -> 151.7191 | C43: =D7 -> 171.7191 | D43: =ABS(C43-B43) -> 20 | E43: =G7 -> 3.348 | F43: =H7 -> 3.348 | G43: =I7 -> 1.17351 | H43: =J7 -> 0.38353 | I43: =E43-G43 -> 2.17449 | J43: =F43-H43 -> 2.96447 | K43: =L43+0.1 -> 0.4 | L43: =LOOKUP(MAX(J43,I43),{0,3,4,5,6.5,7.5,9,10},{0.3,0.4,0.5,0.6,0.7,0.8,0.9}) -> 0.3 | M43: =V7+L43*2 -> 22.85 | N43: =W7+L43*2 -> 22.85 | O43: =K7-I7+0.2 -> 1.4781 | P43: =L7-J7+0.2 -> 1.76808 | Q43: =M7 -> 1.75 | R43: =N7 -> 1.75 | S43: =O7 -> 1 | T43: =P7-I7+1 -> 2.1 | U43: =Q7-J7 -> 1.10006 | V43: =R7 -> 0.45 | W43: =S7 -> 0.45 | X43: =T7 -> 0 | Y43: =(O43+P43)/2*Q43*S43 -> 2.8404075 | Z43: =(T43+U43)/2*V43*X43 -> 0
A44: =B8 -> 西U7 | B44: =C8 -> 171.7491 | C44: =D8 -> 191.7491 | D44: =ABS(C44-B44) -> 20 | E44: =G8 -> 3.348 | F44: =H8 -> 3.348 | G44: =I8 -> 0.38234 | H44: =J8 -> -0.40764 | I44: =E44-G44 -> 2.96566 | J44: =F44-H44 -> 3.75564 | K44: =L44+0.1 -> 0.5 | L44: =LOOKUP(MAX(J44,I44),{0,3,4,5,6.5,7.5,9,10},{0.3,0.4,0.5,0.6,0.7,0.8,0.9}) -> 0.4 | M44: =V8+L44*2 -> 23.05 | N44: =W8+L44*2 -> 23.05 | O44: =K8-I8+0.2 -> 1.76852 | P44: =L8-J8+0.2 -> 2.0585 | Q44: =M8 -> 1.75 | R44: =N8 -> 1.75 | S44: =O8 -> 1 | T44: =P8-I8+1 -> 2.10006 | U44: =Q8-J8 -> 1.10004 | V44: =R8 -> 0.45 | W44: =S8 -> 0.45 | X44: =T8 -> 0 | Y44: =(O44+P44)/2*Q44*S44 -> 3.3486425 | Z44: =(T44+U44)/2*V44*X44 -> 0
A45: =B9 -> 西U6 | B45: =C9 -> 191.7791 | C45: =D9 -> 211.7791 | D45: =ABS(C45-B45) -> 20 | E45: =G9 -> 3.348 | F45: =H9 -> 3.348 | G45: =I9 -> -0.40882 | H45: =J9 -> -1.19881 | I45: =E45-G45 -> 3.75682 | J45: =F45-H45 -> 4.54681 | K45: =L45+0.1 -> 0.6 | L45: =LOOKUP(MAX(J45,I45),{0,3,4,5,6.5,7.5,9,10},{0.3,0.4,0.5,0.6,0.7,0.8,0.9}) -> 0.5 | M45: =V9+L45*2 -> 23.25 | N45: =W9+L45*2 -> 23.25 | O45: =K9-I9+0.2 -> 2.05893 | P45: =L9-J9+0.2 -> 2.34892 | Q45: =M9 -> 1.75 | R45: =N9 -> 1.75 | S45: =O9 -> 1 | T45: =P9-I9+1 -> 2.10004 | U45: =Q9-J9 -> 1.10003 | V45: =R9 -> 0.45 | W45: =S9 -> 0.45 | X45: =T9 -> 0 | Y45: =(O45+P45)/2*Q45*S45 -> 3.8568687 | Z45: =(T45+U45)/2*V45*X45 -> 0
A46: =B10 -> 西U5 | B46: =C10 -> 211.8091 | C46: =D10 -> 231.8091 | D46: =ABS(C46-B46) -> 20 | E46: =G10 -> 3.348 | F46: =H10 -> 3.348 | G46: =I10 -> -1.19999 | H46: =J10 -> -1.98997 | I46: =E46-G46 -> 4.54799 | J46: =F46-H46 -> 5.33797 | K46: =L46+0.1 -> 0.7 | L46: =LOOKUP(MAX(J46,I46),{0,3,4,5,6.5,7.5,9,10},{0.3,0.4,0.5,0.6,0.7,0.8,0.9}) -> 0.6 | M46: =V10+L46*2 -> 23.45 | N46: =W10+L46*2 -> 23.45 | O46: =K10-I10+0.2 -> 2.34935 | P46: =L10-J10+0.2 -> 2.63933 | Q46: =M10 -> 1.75 | R46: =N10 -> 1.75 | S46: =O10 -> 1 | T46: =P10-I10+1 -> 2.10002 | U46: =Q10-J10 -> 1.1 | V46: =R10 -> 0.45 | W46: =S10 -> 0.45 | X46: =T10 -> 0 | Y46: =(O46+P46)/2*Q46*S46 -> 4.365095 | Z46: =(T46+U46)/2*V46*X46 -> 0
A47: =B11 -> 西U4 | B47: =C11 -> 231.8391 | C47: =D11 -> 251.8391 | D47: =ABS(C47-B47) -> 20 | E47: =G11 -> 3.348 | F47: =H11 -> 3.348 | G47: =I11 -> -1.99116 | H47: =J11 -> -2.78114 | I47: =E47-G47 -> 5.33916 | J47: =F47-H47 -> 6.12914 | K47: =L47+0.1 -> 0.7 | L47: =LOOKUP(MAX(J47,I47),{0,3,4,5,6.5,7.5,9,10},{0.3,0.4,0.5,0.6,0.7,0.8,0.9}) -> 0.6 | M47: =V11+L47*2 -> 23.45 | N47: =W11+L47*2 -> 23.45 | O47: =K11-I11+0.2 -> 2.63977 | P47: =L11-J11+0.2 -> 2.92975 | Q47: =M11 -> 1.75 | R47: =N11 -> 1.75 | S47: =O11 -> 1 | T47: =P11-I11+1 -> 2.10001 | U47: =Q11-J11 -> 1.16323 | V47: =R11 -> 0.45 | W47: =S11 -> 0.45 | X47: =T11 -> 0 | Y47: =(O47+P47)/2*Q47*S47 -> 4.87333 | Z47: =(T47+U47)/2*V47*X47 -> 0
A48: =B12 -> 西U3 | B48: =C12 -> 251.8691 | C48: =D12 -> 271.8691 | D48: =ABS(C48-B48) -> 20 | E48: =G12 -> 3.348 | F48: =H12 -> 3.348 | G48: =I12 -> -2.78233 | H48: =J12 -> -3.34525 | I48: =E48-G48 -> 6.13033 | J48: =F48-H48 -> 6.69325 | K48: =L48+0.1 -> 0.8 | L48: =LOOKUP(MAX(J48,I48),{0,3,4,5,6.5,7.5,9,10},{0.3,0.4,0.5,0.6,0.7,0.8,0.9}) -> 0.7 | M48: =V12+L48*2 -> 23.65 | N48: =W12+L48*2 -> 23.65 | O48: =K12-I12+0.2 -> 2.93019 | P48: =L12-J12+0.2 -> 2.99311 | Q48: =M12 -> 1.75 | R48: =N12 -> 1.75 | S48: =O12 -> 1 | T48: =P12-I12+1 -> 2.16349 | U48: =Q12-J12 -> 1.21551 | V48: =R12 -> 0.45 | W48: =S12 -> 0.45 | X48: =T12 -> 0 | Y48: =(O48+P48)/2*Q48*S48 -> 5.1828875 | Z48: =(T48+U48)/2*V48*X48 -> 0
A49: =B13 -> 西U2 | B49: =C13 -> 271.8991 | C49: =D13 -> 291.8991 | D49: =ABS(C49-B49) -> 20 | E49: =G13 -> 3.348 | F49: =H13 -> 3.348 | G49: =I13 -> -3.3461 | H49: =J13 -> -3.90902 | I49: =E49-G49 -> 6.6941 | J49: =F49-H49 -> 7.25702 | K49: =L49+0.1 -> 0.8 | L49: =LOOKUP(MAX(J49,I49),{0,3,4,5,6.5,7.5,9,10},{0.3,0.4,0.5,0.6,0.7,0.8,0.9}) -> 0.7 | M49: =V13+L49*2 -> 23.65 | N49: =W13+L49*2 -> 23.65 | O49: =K13-I13+0.2 -> 2.99321 | P49: =L13-J13+0.2 -> 3.15198 | Q49: =M13 -> 1.75 | R49: =N13 -> 1.75 | S49: =O13 -> 1 | T49: =P13-I13+1 -> 2.21576 | U49: =Q13-J13 -> 1.49034 | V49: =R13 -> 0.45 | W49: =S13 -> 0.45 | X49: =T13 -> 0 | Y49: =(O49+P49)/2*Q49*S49 -> 5.3770413 | Z49: =(T49+U49)/2*V49*X49 -> 0
A50: =B14 -> 西U1 | B50: =C14 -> 291.9291 | C50: =D14 -> 316.9291 | D50: =ABS(C50-B50) -> 25 | E50: =G14 -> 3.348 | F50: =H14 -> 3.348 | G50: =I14 -> -3.90902 | H50: =J14 -> -3.90902 | I50: =E50-G50 -> 7.25702 | J50: =F50-H50 -> 7.25702 | K50: =L50+0.1 -> 0.8 | L50: =LOOKUP(MAX(J50,I50),{0,3,4,5,6.5,7.5,9,10},{0.3,0.4,0.5,0.6,0.7,0.8,0.9}) -> 0.7 | M50: =V14+L50*2 -> 23.65 | N50: =W14+L50*2 -> 23.65 | O50: =K14-I14+0.2 -> 3.15154 | P50: =L14-J14+0.2 -> 2.95856 | Q50: =M14 -> 1.75 | R50: =N14 -> 1.75 | S50: =O14 -> 1 | T50: =P14-I14+1 -> 2.49007 | U50: =Q14-J14 -> 1.4388 | V50: =R14 -> 0.45 | W50: =S14 -> 0.45 | X50: =T14 -> 0 | Y50: =(O50+P50)/2*Q50*S50 -> 5.3463375 | Z50: =(T50+U50)/2*V50*X50 -> 0
A51: =B15 -> 东U1 | B51: =C15 -> 400.9491 | C51: =D15 -> 408.9491 | D51: =ABS(C51-B51) -> 8 | E51: =G15 -> 3.348 | F51: =H15 -> 3.348 | G51: =I15 -> -4.33477 | H51: =J15 -> -3.72017 | I51: =E51-G51 -> 7.68277 | J51: =F51-H51 -> 7.06817 | K51: =L51+0.1 -> 0.9 | L51: =LOOKUP(MAX(J51,I51),{0,3,4,5,6.5,7.5,9,10},{0.3,0.4,0.5,0.6,0.7,0.8,0.9}) -> 0.8 | M51: =V15+L51*2 -> 23.85 | N51: =W15+L51*2 -> 23.85 | O51: =K15-I15+0.2 -> 3.62355 | P51: =L15-J15+0.2 -> 3.03295 | Q51: =M15 -> 1.75 | R51: =N15 -> 1.75 | S51: =O15 -> 1 | T51: =P15-I15+1 -> 3.11661 | U51: =Q15-J15 -> 1.52601 | V51: =R15 -> 0.45 | W51: =S15 -> 0.45 | X51: =T15 -> 0 | Y51: =(O51+P51)/2*Q51*S51 -> 5.8244375 | Z51: =(T51+U51)/2*V51*X51 -> 0
A52: =B16 -> 东U2 | B52: =C16 -> 434.0091 | C52: =D16 -> 454.0091 | D52: =ABS(C52-B52) -> 20 | E52: =G16 -> 3.348 | F52: =H16 -> 3.914 | G52: =I16 -> -3.71932 | H52: =J16 -> -3.15332 | I52: =E52-G52 -> 7.06732 | J52: =F52-H52 -> 7.06732 | K52: =L52+0.1 -> 0.8 | L52: =LOOKUP(MAX(J52,I52),{0,3,4,5,6.5,7.5,9,10},{0.3,0.4,0.5,0.6,0.7,0.8,0.9}) -> 0.7 | M52: =V16+L52*2 -> 23.65 | N52: =W16+L52*2 -> 23.65 | O52: =K16-I16+0.2 -> 3.2306 | P52: =L16-J16+0.2 -> 3.0467 | Q52: =M16 -> 1.75 | R52: =N16 -> 1.75 | S52: =O16 -> 1 | T52: =P16-I16+1 -> 2.6134 | U52: =Q16-J16 -> 1.29473 | V52: =R16 -> 0.45 | W52: =S16 -> 0.45 | X52: =T16 -> 0 | Y52: =(O52+P52)/2*Q52*S52 -> 5.4926375 | Z52: =(T52+U52)/2*V52*X52 -> 0
A53: =B17 -> 东U3 | B53: =C17 -> 454.0391 | C53: =D17 -> 474.0391 | D53: =ABS(C53-B53) -> 20 | E53: =G17 -> 3.914 | F53: =H17 -> 3.914 | G53: =I17 -> -3.15247 | H53: =J17 -> -2.58647 | I53: =E53-G53 -> 7.06647 | J53: =F53-H53 -> 6.50047 | K53: =L53+0.1 -> 0.8 | L53: =LOOKUP(MAX(J53,I53),{0,3.5,4,5,6.5,7.5,9,10},{0.3,0.4,0.5,0.6,0.7,0.8,0.9}) -> 0.7 | M53: =V17+L53*2 -> 23.65 | N53: =W17+L53*2 -> 23.65 | O53: =K17-I17+0.2 -> 3.04657 | P53: =L17-J17+0.2 -> 2.9798 | Q53: =M17 -> 1.75 | R53: =N17 -> 1.75 | S53: =O17 -> 1 | T53: =P17-I17+1 -> 2.29442 | U53: =Q17-J17 -> 1.19829 | V53: =R17 -> 0.45 | W53: =S17 -> 0.45 | X53: =T17 -> 0 | Y53: =(O53+P53)/2*Q53*S53 -> 5.2730738 | Z53: =(T53+U53)/2*V53*X53 -> 0
A54: =B18 -> 东U4 | B54: =C18 -> 474.0691 | C54: =D18 -> 494.0691 | D54: =ABS(C54-B54) -> 20 | E54: =G18 -> 3.914 | F54: =H18 -> 3.914 | G54: =I18 -> -2.58528 | H54: =J18 -> -1.79528 | I54: =E54-G54 -> 6.49928 | J54: =F54-H54 -> 5.70928 | K54: =L54+0.1 -> 0.7 | L54: =LOOKUP(MAX(J54,I54),{0,3.5,4,5,6.5,7.5,9,10},{0.3,0.4,0.5,0.6,0.7,0.8,0.9}) -> 0.6 | M54: =V18+L54*2 -> 23.45 | N54: =W18+L54*2 -> 23.45 | O54: =K18-I18+0.2 -> 2.97936 | P54: =L18-J18+0.2 -> 2.68936 | Q54: =M18 -> 1.75 | R54: =N18 -> 1.75 | S54: =O18 -> 1 | T54: =P18-I18+1 -> 2.19797 | U54: =Q18-J18 -> 1.1 | V54: =R18 -> 0.45 | W54: =S18 -> 0.45 | X54: =T18 -> 0 | Y54: =(O54+P54)/2*Q54*S54 -> 4.96013 | Z54: =(T54+U54)/2*V54*X54 -> 0
A55: =B19 -> 东U5 | B55: =C19 -> 494.0991 | C55: =D19 -> 514.0991 | D55: =ABS(C55-B55) -> 20 | E55: =G19 -> 3.914 | F55: =H19 -> 3.914 | G55: =I19 -> -1.7941 | H55: =J19 -> -1.0041 | I55: =E55-G55 -> 5.7081 | J55: =F55-H55 -> 4.9181 | K55: =L55+0.1 -> 0.7 | L55: =LOOKUP(MAX(J55,I55),{0,3.5,4,5,6.5,7.5,9,10},{0.3,0.4,0.5,0.6,0.7,0.8,0.9}) -> 0.6 | M55: =V19+L55*2 -> 23.45 | N55: =W19+L55*2 -> 23.45 | O55: =K19-I19+0.2 -> 2.68893 | P55: =L19-J19+0.2 -> 2.39893 | Q55: =M19 -> 1.75 | R55: =N19 -> 1.75 | S55: =O19 -> 1 | T55: =P19-I19+1 -> 2.1 | U55: =Q19-J19 -> 1.1 | V55: =R19 -> 0.45 | W55: =S19 -> 0.45 | X55: =T19 -> 0 | Y55: =(O55+P55)/2*Q55*S55 -> 4.4518775 | Z55: =(T55+U55)/2*V55*X55 -> 0
A56: =B20 -> 东U6 | B56: =C20 -> 514.1291 | C56: =D20 -> 534.1291 | D56: =ABS(C56-B56) -> 20 | E56: =G20 -> 3.914 | F56: =H20 -> 3.914 | G56: =I20 -> -1.00291 | H56: =J20 -> -0.21291 | I56: =E56-G56 -> 4.91691 | J56: =F56-H56 -> 4.12691 | K56: =L56+0.1 -> 0.6 | L56: =LOOKUP(MAX(J56,I56),{0,3.5,4,5,6.5,7.5,9,10},{0.3,0.4,0.5,0.6,0.7,0.8,0.9}) -> 0.5 | M56: =V20+L56*2 -> 23.25 | N56: =W20+L56*2 -> 23.25 | O56: =K20-I20+0.2 -> 2.39849 | P56: =L20-J20+0.2 -> 2.10849 | Q56: =M20 -> 1.75 | R56: =N20 -> 1.75 | S56: =O20 -> 1 | T56: =P20-I20+1 -> 2.1 | U56: =Q20-J20 -> 1.1 | V56: =R20 -> 0.45 | W56: =S20 -> 0.45 | X56: =T20 -> 0 | Y56: =(O56+P56)/2*Q56*S56 -> 3.9436075 | Z56: =(T56+U56)/2*V56*X56 -> 0
A57: =B21 -> 东U7 | B57: =C21 -> 534.1591 | C57: =D21 -> 554.1591 | D57: =ABS(C57-B57) -> 20 | E57: =G21 -> 3.914 | F57: =H21 -> 3.914 | G57: =I21 -> -0.21173 | H57: =J21 -> 0.57827 | I57: =E57-G57 -> 4.12573 | J57: =F57-H57 -> 3.33573 | K57: =L57+0.1 -> 0.6 | L57: =LOOKUP(MAX(J57,I57),{0,3.5,4,5,6.5,7.5,9,10},{0.3,0.4,0.5,0.6,0.7,0.8,0.9}) -> 0.5 | M57: =V21+L57*2 -> 23.25 | N57: =W21+L57*2 -> 23.25 | O57: =K21-I21+0.2 -> 2.10806 | P57: =L21-J21+0.2 -> 1.81806 | Q57: =M21 -> 1.75 | R57: =N21 -> 1.75 | S57: =O21 -> 1 | T57: =P21-I21+1 -> 2.1 | U57: =Q21-J21 -> 1.1 | V57: =R21 -> 0.45 | W57: =S21 -> 0.45 | X57: =T21 -> 0 | Y57: =(O57+P57)/2*Q57*S57 -> 3.435355 | Z57: =(T57+U57)/2*V57*X57 -> 0
A58: =B22 -> 东U8 | B58: =C22 -> 554.1891 | C58: =D22 -> 574.1891 | D58: =ABS(C58-B58) -> 20 | E58: =G22 -> 3.914 | F58: =H22 -> 3.914 | G58: =I22 -> 0.57946 | H58: =J22 -> 1.36946 | I58: =E58-G58 -> 3.33454 | J58: =F58-H58 -> 2.54454 | K58: =L58+0.1 -> 0.4 | L58: =LOOKUP(MAX(J58,I58),{0,3.5,4,5,6.5,7.5,9,10},{0.3,0.4,0.5,0.6,0.7,0.8,0.9}) -> 0.3 | M58: =V22+L58*2 -> 22.85 | N58: =W22+L58*2 -> 22.85 | O58: =K22-I22+0.2 -> 1.81762 | P58: =L22-J22+0.2 -> 1.52762 | Q58: =M22 -> 1.75 | R58: =N22 -> 1.75 | S58: =O22 -> 1 | T58: =P22-I22+1 -> 2.1 | U58: =Q22-J22 -> 1.1 | V58: =R22 -> 0.45 | W58: =S22 -> 0.45 | X58: =T22 -> 0 | Y58: =(O58+P58)/2*Q58*S58 -> 2.927085 | Z58: =(T58+U58)/2*V58*X58 -> 0
A59: =B23 -> 东U9 | B59: =C23 -> 574.2191 | C59: =D23 -> 594.2191 | D59: =ABS(C59-B59) -> 20 | E59: =G23 -> 3.914 | F59: =H23 -> 3.914 | G59: =I23 -> 1.37036 | H59: =J23 -> 1.97295 | I59: =E59-G59 -> 2.54364 | J59: =F59-H59 -> 1.94105 | K59: =L59+0.1 -> 0.4 | L59: =LOOKUP(MAX(J59,I59),{0,3.5,4,5,6.5,7.5,9,10},{0.3,0.4,0.5,0.6,0.7,0.8,0.9}) -> 0.3 | M59: =V23+L59*2 -> 22.85 | N59: =W23+L59*2 -> 22.85 | O59: =K23-I23+0.2 -> 1.52747 | P59: =L23-J23+0.2 -> 1.42488 | Q59: =M23 -> 1.75 | R59: =N23 -> 1.75 | S59: =O23 -> 1 | T59: =P23-I23+1 -> 2.10028 | U59: =Q23-J23 -> 1.20009 | V59: =R23 -> 0.45 | W59: =S23 -> 0.45 | X59: =T23 -> 0 | Y59: =(O59+P59)/2*Q59*S59 -> 2.5833063 | Z59: =(T59+U59)/2*V59*X59 -> 0
A60: =B24 -> 东U10 | B60: =C24 -> 594.2491 | C60: =D24 -> 614.2491 | D60: =ABS(C60-B60) -> 20 | E60: =G24 -> 3.914 | F60: =H24 -> 3.914 | G60: =I24 -> 1.97386 | H60: =J24 -> 2.57645 | I60: =E60-G60 -> 1.94014 | J60: =F60-H60 -> 1.33755 | K60: =L60+0.1 -> 0.4 | L60: =LOOKUP(MAX(J60,I60),{0,3.5,4,5,6.5,7.5,9,10},{0.3,0.4,0.5,0.6,0.7,0.8,0.9}) -> 0.3 | M60: =V24+L60*2 -> 22.85 | N60: =W24+L60*2 -> 22.85 | O60: =K24-I24+0.2 -> 1.42472 | P60: =L24-J24+0.2 -> 1.3 | Q60: =M24 -> 1.75 | R60: =N24 -> 1.75 | S60: =O24 -> 1 | T60: =P24-I24+1 -> 2.20009 | U60: =Q24-J24 -> 1.1 | V60: =R24 -> 0.45 | W60: =S24 -> 0.45 | X60: =T24 -> 0 | Y60: =(O60+P60)/2*Q60*S60 -> 2.38413 | Z60: =(T60+U60)/2*V60*X60 -> 0
A61: =B25 -> 西U10-1 | B61: =C25 -> 111.6591 | C61: =D25 -> 131.6591 | D61: =ABS(C61-B61) -> 20 | E61: =G25 -> 3.59828 | F61: =H25 -> 3.348 | G61: =I25 -> 2.29828 | H61: =J25 -> 1.73674 | I61: =E61-G61 -> 1.3 | J61: =F61-H61 -> 1.61126 | K61: =L61+0.1 -> 0.4 | L61: =LOOKUP(MAX(J61,I61),{0,3.5,4,5,6.5,7.5,9,10},{0.3,0.4,0.5,0.6,0.7,0.8,0.9}) -> 0.3 | M61: =V25+L61*2 -> 22.85 | N61: =W25+L61*2 -> 22.85 | O61: =K25-I25+0.2 -> 1.3 | P61: =L25-J25+0.2 -> 1.41637 | Q61: =M25 -> 1.75 | R61: =N25 -> 1.75 | S61: =O25 -> 1 | T61: =P25-I25+1 -> 2.1 | U61: =Q25-J25 -> 1.21144 | V61: =R25 -> 0.45 | W61: =S25 -> 0.45 | X61: =T25 -> 0 | Y61: =(O61+P61)/2*Q61*S61 -> 2.3768237 | Z61: =(T61+U61)/2*V61*X61 -> 0
A62: =B26 -> 西U9-1 | B62: =C26 -> 131.6891 | C62: =D26 -> 151.6891 | D62: =ABS(C62-B62) -> 20 | E62: =G26 -> 3.348 | F62: =H26 -> 3.348 | G62: =I26 -> 1.7359 | H62: =J26 -> 1.17435 | I62: =E62-G62 -> 1.6121 | J62: =F62-H62 -> 2.17365 | K62: =L62+0.1 -> 0.4 | L62: =LOOKUP(MAX(J62,I62),{0,3.5,4,5,6.5,7.5,9,10},{0.3,0.4,0.5,0.6,0.7,0.8,0.9}) -> 0.3 | M62: =V26+L62*2 -> 22.85 | N62: =W26+L62*2 -> 22.85 | O62: =K26-I26+0.2 -> 1.41646 | P62: =L26-J26+0.2 -> 1.47801 | Q62: =M26 -> 1.75 | R62: =N26 -> 1.75 | S62: =O26 -> 1 | T62: =P26-I26+1 -> 2.21144 | U62: =Q26-J26 -> 1.10034 | V62: =R26 -> 0.45 | W62: =S26 -> 0.45 | X62: =T26 -> 0 | Y62: =(O62+P62)/2*Q62*S62 -> 2.5326612 | Z62: =(T62+U62)/2*V62*X62 -> 0
A63: =B27 -> 西U6-1 | B63: =C27 -> 191.7791 | C63: =D27 -> 211.7791 | D63: =ABS(C63-B63) -> 20 | E63: =G27 -> 3.348 | F63: =H27 -> 3.348 | G63: =I27 -> -0.40882 | H63: =J27 -> -1.19881 | I63: =E63-G63 -> 3.75682 | J63: =F63-H63 -> 4.54681 | K63: =L63+0.1 -> 0.6 | L63: =LOOKUP(MAX(J63,I63),{0,3.5,4,5,6.5,7.5,9,10},{0.3,0.4,0.5,0.6,0.7,0.8,0.9}) -> 0.5 | M63: =V27+L63*2 -> 13.5 | N63: =W27+L63*2 -> 13.5 | O63: =K27-I27+0.2 -> 2.05893 | P63: =L27-J27+0.2 -> 2.34892 | Q63: =M27 -> 1.75 | R63: =N27 -> 1.75 | S63: =O27 -> 0 | T63: =P27-I27+1 -> 2.10004 | U63: =Q27-J27 -> 1.10003 | V63: =R27 -> 0.45 | W63: =S27 -> 0.45 | X63: =T27 -> 0 | Y63: =(O63+P63)/2*Q63*S63 -> 0 | Z63: =(T63+U63)/2*V63*X63 -> 0
A64: =B28 -> 西U5-1 | B64: =C28 -> 211.8091 | C64: =D28 -> 231.8091 | D64: =ABS(C64-B64) -> 20 | E64: =G28 -> 3.348 | F64: =H28 -> 3.348 | G64: =I28 -> -1.19999 | H64: =J28 -> -1.98997 | I64: =E64-G64 -> 4.54799 | J64: =F64-H64 -> 5.33797 | K64: =L64+0.1 -> 0.7 | L64: =LOOKUP(MAX(J64,I64),{0,3.5,4,5,6.5,7.5,9,10},{0.3,0.4,0.5,0.6,0.7,0.8,0.9}) -> 0.6 | M64: =V28+L64*2 -> 13.7 | N64: =W28+L64*2 -> 13.7 | O64: =K28-I28+0.2 -> 2.34935 | P64: =L28-J28+0.2 -> 2.63933 | Q64: =M28 -> 1.75 | R64: =N28 -> 1.75 | S64: =O28 -> 0 | T64: =P28-I28+1 -> 2.10002 | U64: =Q28-J28 -> 1.1 | V64: =R28 -> 0.45 | W64: =S28 -> 0.45 | X64: =T28 -> 0 | Y64: =(O64+P64)/2*Q64*S64 -> 0 | Z64: =(T64+U64)/2*V64*X64 -> 0
... A71: =B35 -> 西U3-2 | B71: =C35 -> 251.8691 | C71: =D35 -> 271.8691 | D71: =ABS(C71-B71) -> 20 | E71: =G35 -> 3.348 | F71: =H35 -> 3.348 | G71: =I35 -> -2.78233 | H71: =J35 -> -3.34525 | I71: =E71-G71 -> 6.13033 | J71: =F71-H71 -> 6.69325 | K71: =L71+0.1 -> 0.8 | L71: =LOOKUP(MAX(J71,I71),{0,3.5,4,5,6.5,7.5,9,10},{0.3,0.4,0.5,0.6,0.7,0.8,0.9}) -> 0.7 | M71: =V35+L71*2 -> 9.4 | N71: =W35+L71*2 -> 15.46 | O71: =K35-I35+0.2 -> 2.93019 | P71: =L35-J35+0.2 -> 2.99311 | Q71: =M35 -> 1.75 | R71: =N35 -> 1.75 | S71: =O35 -> 0 | T71: =P35-I35+1 -> 2.16349 | U71: =Q35-J35 -> 1.21551 | V71: =R35 -> 0.45 | W71: =S35 -> 0.45 | X71: =T35 -> 0 | Y71: =(O71+P71)/2*Q71*S71 -> 0 | Z71: =(T71+U71)/2*V71*X71 -> 0
A72: =B36 -> 0 | B72: =C36 -> 0 | C72: =D36 -> 0 | D72: =ABS(C72-B72) -> 0 | E72: =G36 -> 0 | F72: =H36 -> 0 | G72: =I36 -> 0 | H72: =J36 -> 0 | I72: =E72-G72 -> 0 | J72: =F72-H72 -> 0 | K72: =L72+0.1 -> 0.4 | L72: =LOOKUP(MAX(J72,I72),{0,3,4,5,6.5,7.5,9,10},{0.3,0.4,0.5,0.6,0.7,0.8,0.9}) -> 0.3 | M72: =V36+L72*2 -> 0.6 | N72: =W36+L72*2 -> 0.6 | O72: =K36-I36+0.2 -> 0.2 | P72: =L36-J36+0.2 -> 0.2 | Q72: =M36 -> 0 | R72: =N36 -> 0 | S72: =O36 -> 0 | T72: =P36-I36+1 -> 1 | U72: =Q36-J36 -> 0 | V72: =R36 -> 0 | W72: =S36 -> 0 | X72: =T36 -> 0
Y73: =SUM(Y41:Y72) -> 91.662261
B74: 三、边墙及底板厚度及钢筋选用原则（试算结果取值，作为结构推荐值使用）
B75: 结构净高 | C75: N1试算取值 | D75: 边墙厚度 | E75: 底板厚度 | G75: 6m以上双根一束
B76: 2.5m以下 | C76: 8根12 | D76: 0.3 | E76: 0.3
B77: 3m以下 | C77: 8根14 | D77: 0.3 | E77: 0.3
B78: 3.5m以下 | C78: 8根16 | D78: 0.4 | E78: 0.4
B79: 4m以下 | C79: 8根18 | D79: 0.4 | E79: 0.4
B80: 4.5m以下 | C80: 8根20 | D80: 0.5 | E80: 0.5
B81: 5m以下 | C81: 8根22 | D81: 0.5 | E81: 0.5
B82: 5.5m以下 | C82: 8根25 | D82: 0.6 | E82: 0.6
B83: 6m以下 | C83: 8根28 | D83: 0.6 | E83: 0.6
B84: 6.5m以下 | C84: 16根22 | D84: 0.6 | E84: 0.6
B85: 7m以下 | C85: 16根25 | D85: 0.7 | E85: 0.6
B86: 7.5m以下 | C86: 16根25 | D86: 0.7 | E86: 0.7
B87: 8m以下 | C87: 16根28 | D87: 0.8 | E87: 0.8
B88: 9m以下 | C88: 16根28 | D88: 0.8 | E88: 0.8
B89: 10m以下 | D89: 0.9 | E89: 0.9

Sheet 0.地勘及桩计算
B2: 四、输入钻孔资料
C4: 土层编号 | D4: ρ | E4: c | F4: φ | G4: 桩周土摩阻力 | H4: 基本承载力 | I4: 渗透系数 | J4: FLBZ-3 | L4: FLBZ-5 | M4: zk4 | N4: zk5 | O4: zk6 | P4: zk7
J5: 4.17 | L5: 4.6 | M5: 4.5 | N5: 4.8 | O5: 4 | P5: 3.82 | Q5: 孔口高程
D6: g/cm3 | E6: kPa | F6: 度 | G6: kPa | H6: kPa | I6: cm/s | K6: 土层厚 | L6: 2.8 | M6: 2.5 | N6: 3.1 | O6: 2.1 | P6: 1.6 | Q6: 水位高程
B7: 杂填土 | C7: 1 | D7: 18.4 | E7: 24.4 | F7: 4.6 | G7: 1 | J7: 1.97 | K7: =J5-J7 -> 2.2 | L7: 0 | M7: 0 | N7: 1 | O7: 0 | P7: 0
B8: 黏土 | C8: 2 | D8: 16.9 | E8: 21.2 | F8: 5.7 | G8: 38 | J8: 0.07 | K8: =J7-J8 -> 1.9 | L8: 1.6 | M8: 3 | N8: 3.1 | O8: 3.1 | P8: 3.2
B9: 淤泥 | C9: 3 | D9: 17 | E9: 8.6 | F9: 2 | G9: 12 | J9: -7.23 | K9: =J8-J9 -> 7.3 | L9: 1.4 | M9: 2 | N9: 1.9 | O9: 2 | P9: 1.8
B10: 粉土 | C10: 4 | D10: 16.8 | E10: 10 | F10: 1.9 | G10: 37 | J10: -8.13 | K10: =J9-J10 -> 0.9 | L10: 2.5 | M10: 2 | N10: 2 | O10: 0 | P10: 3
B11: 粉细砂 | C11: 5-1 | D11: 18.2 | E11: 20.5 | F11: 4.8 | G11: 1 | J11: -8.13 | K11: =J10-J11 -> 0 | L11: 1.2 | M11: 0 | N11: 0 | O11: 0 | P11: 1
B12: 中粗砂 | C12: 5-2 | D12: 18.2 | E12: 20.5 | F12: 4.8 | G12: 122 | J12: -11.33 | K12: =J11-J12 -> 3.2 | L12: 5.4 | M12: 4.7 | N12: 4.3 | O12: 5.9 | P12: 3
B13: 含砂姜黏土 | C13: 6 | D13: 19.2 | E13: 42.4 | F13: 12.6 | G13: 117 | J13: -13.33 | K13: =J12-J13 -> 2 | L13: 3.9 | M13: 3.3 | N13: 4.9 | O13: 6 | P13: 5
B14: 黏土 | C14: 7 | D14: 19.2 | E14: 48.0 | F14: 15.0 | G14: 141 | J14: -13.83 | K14: =J13-J14 -> 0.5 | L14: 3 | M14: 0 | N14: 1.9 | O14: 1.5 | P14: 2
B15: 含砂姜黏土 | C15: 8 | D15: 19.5 | E15: 52.5 | F15: 15.4 | G15: 122 | J15: -15.91 | K15: =J14-J15 -> 2.08 | L15: 14.5 | M15: 0 | N15: 14.9 | O15: 14.7 | P15: 15.9
B16: 含砂姜黏土 | C16: 9 | D16: 19.8 | E16: 66.0 | F16: 18.1 | G16: 367 | L16: 8.3 | M16: 0 | N16: 8.1 | O16: 8.7 | P16: 7.1
B17: 含碎石黏土 | C17: 10 | D17: 20.1 | E17: 70.5 | F17: 21.0 | L17: 0 | M17: 0 | N17: 0 | O17: 0 | P17: 0
B18: 全风化片麻岩 | C18: 11 | L18: 4.8 | M18: 0 | N18: 6.1 | O18: 3.1 | P18: 3.9
B19: 强风化片麻岩 | C19: 12 | L19: 2.4 | M19: 0 | N19: 2.25 | O19: 0 | P19: 4.1
C21: 用于抗浮桩计算
C22: 用于基坑防护桩计算
C23: 用于工作坑后背桩 防护桩计算
C27: 土层编号 | D27: ρ | E27: c | F27: φ | G27: 桩周土摩阻力 | H27: 基本承载力 | I27: 渗透系数 | J27: zk1 | K27: zk2 | L27: zk3 | M27: zk4 | N27: zk5 | O27: zk6 | P27: zk7
J28: 4.2 | K28: 4.6 | L28: 3.8 | M28: 4.5 | N28: 4.8 | O28: 4 | P28: 3.82 | Q28: 孔口高程
D29: g/cm3 | E29: kPa | F29: 度 | G29: kPa | H29: kPa | I29: cm/s | J29: 2.2 | K29: 2.8 | L29: 2 | M29: 2.5 | N29: 3.1 | O29: 2.1 | P29: 1.6 | Q29: 水位高程
B30: 杂填土 | C30: 1 | D30: 19.4 | E30: 5 | F30: 10 | J30: 0 | K30: 0 | L30: 0 | M30: 0 | N30: 1 | O30: 0 | P30: 0
B31: 粉土 | C31: 2-31 | D31: 18.7 | E31: 14.8 | F31: 27 | G31: 40 | H31: 120 | I31: 0.5 | J31: 2.2 | K31: 1.6 | L31: 3.2 | M31: 3 | N31: 3.1 | O31: 3.1 | P31: 3.2
B32: 粉质粘土 | C32: 2-21 | D32: 18.7 | E32: 22 | F32: 12.8 | G32: 38 | H32: 100 | I32: 0.01 | J32: 1.8 | K32: 1.4 | L32: 0 | M32: 2 | N32: 1.9 | O32: 2 | P32: 1.8
B33: 淤泥质粉质黏土 | C33: 3-61 | E33: 13.8 | F33: 5.5 | G33: 15 | H33: 60 | I33: 0.1 | J33: 3.2 | K33: 2.5 | L33: 0 | M33: 2 | N33: 2 | O33: 0 | P33: 3
B34: 粉质粘土 | C34: 3-21 | D34: 17 | E34: 24.7 | F34: 17.4 | G34: 38 | H34: 100 | I34: 0.01 | J34: 1.9 | K34: 1.2 | L34: 3.8 | M34: 0 | N34: 0 | O34: 0 | P34: 1
B35: 粉土 | C35: 3-31 | D35: 18.7 | E35: 16 | F35: 24.1 | G35: 35 | H35: 100 | I35: 0.5 | J35: 2.9 | K35: 5.4 | L35: 4.9 | M35: 4.7 | N35: 4.3 | O35: 5.9 | P35: 3
B36: 粉质粘土 | C36: 4-21 | D36: 19.2 | E36: 28.9 | F36: 14 | G36: 45 | H36: 120 | I36: 0.005 | J36: 3.45 | K36: 3.9 | L36: 3.6 | M36: 3.3 | N36: 4.9 | O36: 6 | P36: 5
B37: 粉土 | C37: 4-31 | D37: 18.7 | E37: 14 | F37: 25 | G37: 45 | H37: 140 | I37: 0.5 | J37: 0 | K37: 3 | L37: 2.8 | M37: 0 | N37: 1.9 | O37: 1.5 | P37: 2
B38: 粉砂 | C38: 4-71 | D38: 19.3 | E38: 2 | F38: 25 | G38: 45 | H38: 110 | J38: 0 | K38: 14.5 | L38: 15.8 | M38: 0 | N38: 14.9 | O38: 14.7 | P38: 15.9
B39: 粉质粘土 | C39: 8-21 | D39: 19.3 | E39: 36.2 | F39: 15.8 | G39: 65 | H39: 160 | J39: 0 | K39: 8.3 | L39: 7.9 | M39: 0 | N39: 8.1 | O39: 8.7 | P39: 7.1
B40: 粉土 | C40: 8-31 | D40: 19 | E40: 16 | F40: 26.7 | G40: 50 | H40: 160 | J40: 0 | K40: 0 | L40: 1 | M40: 0 | N40: 0 | O40: 0 | P40: 0
B41: 粉质粘土 | C41: 8-22 | D41: 19.5 | E41: 65.1 | F41: 16.2 | G41: 70 | H41: 180 | J41: 0 | K41: 4.8 | L41: 2.45 | M41: 0 | N41: 6.1 | O41: 3.1 | P41: 3.9
B42: 粉质粘土与粉砂互层 | C42: 8-271 | D42: 19.7 | E42: 14 | F42: 12.2 | G42: 45 | H42: 140 | J42: 0 | K42: 2.4 | L42: 0 | M42: 0 | N42: 2.25 | O42: 0 | P42: 4.1
C44: 用于抗浮桩计算

Sheet 1.U型槽主筋验算
H1: 边墙厚度 | I1: 结构净高 | J1: 水位高 | K1: 钢筋
G2: ='0.结构参数'!A41 -> 西U10 | H2: ='0.结构参数'!L41 -> 0.3 | I2: =MAX('0.结构参数'!I41,'0.结构参数'!J41) -> 1.61126 | J2: =3.15-MIN('0.结构参数'!I5,'0.结构参数'!J5) -> 1.41326 | K2: 14
G3: ='0.结构参数'!A42 -> 西U9 | H3: ='0.结构参数'!L42 -> 0.3 | I3: =MAX('0.结构参数'!I42,'0.结构参数'!J42) -> 2.17365 | J3: =3.15-MIN('0.结构参数'!I6,'0.结构参数'!J6) -> 1.97565 | K3: 14
G4: ='0.结构参数'!A43 -> 西U8 | H4: ='0.结构参数'!L43 -> 0.3 | I4: =MAX('0.结构参数'!I43,'0.结构参数'!J43) -> 2.96447 | J4: =3.15-MIN('0.结构参数'!I7,'0.结构参数'!J7) -> 2.76647 | K4: 14
G5: ='0.结构参数'!A44 -> 西U7 | H5: ='0.结构参数'!L44 -> 0.4 | I5: =MAX('0.结构参数'!I44,'0.结构参数'!J44) -> 3.75564 | J5: =3.15-MIN('0.结构参数'!I8,'0.结构参数'!J8) -> 3.55764 | K5: 18
G6: ='0.结构参数'!A45 -> 西U6 | H6: ='0.结构参数'!L45 -> 0.5 | I6: =MAX('0.结构参数'!I45,'0.结构参数'!J45) -> 4.54681 | J6: =3.15-MIN('0.结构参数'!I9,'0.结构参数'!J9) -> 4.34881 | K6: 22
G7: ='0.结构参数'!A46 -> 西U5 | H7: ='0.结构参数'!L46 -> 0.6 | I7: =MAX('0.结构参数'!I46,'0.结构参数'!J46) -> 5.33797 | J7: =3.15-MIN('0.结构参数'!I10,'0.结构参数'!J10) -> 5.13997 | K7: 25
G8: ='0.结构参数'!A47 -> 西U4 | H8: ='0.结构参数'!L47 -> 0.6 | I8: =MAX('0.结构参数'!I47,'0.结构参数'!J47) -> 6.12914 | J8: =3.15-MIN('0.结构参数'!I11,'0.结构参数'!J11) -> 5.93114 | K8: 20
G9: ='0.结构参数'!A48 -> 西U3 | H9: ='0.结构参数'!L48 -> 0.7 | I9: =MAX('0.结构参数'!I48,'0.结构参数'!J48) -> 6.69325 | J9: =3.15-MIN('0.结构参数'!I12,'0.结构参数'!J12) -> 6.49525 | K9: 22
G10: ='0.结构参数'!A49 -> 西U2 | H10: ='0.结构参数'!L49 -> 0.7 | I10: =MAX('0.结构参数'!I49,'0.结构参数'!J49) -> 7.25702 | J10: =3.15-MIN('0.结构参数'!I13,'0.结构参数'!J13) -> 7.05902 | K10: 25
G11: ='0.结构参数'!A50 -> 西U1 | H11: ='0.结构参数'!L50 -> 0.7 | I11: =MAX('0.结构参数'!I50,'0.结构参数'!J50) -> 7.25702 | J11: =3.15-MIN('0.结构参数'!I14,'0.结构参数'!J14) -> 7.05902 | K11: 25
G12: ='0.结构参数'!A51 -> 东U1 | H12: ='0.结构参数'!L51 -> 0.8 | I12: =MAX('0.结构参数'!I51,'0.结构参数'!J51) -> 7.68277 | J12: =3.15-MIN('0.结构参数'!I15,'0.结构参数'!J15) -> 7.48477 | K12: 25
B13: 1、 | C13: 结构描述 | G13: ='0.结构参数'!A52 -> 东U2 | H13: ='0.结构参数'!L52 -> 0.7 | I13: =MAX('0.结构参数'!I52,'0.结构参数'!J52) -> 7.06732 | J13: =3.15-MIN('0.结构参数'!I16,'0.结构参数'!J16) -> 6.86932 | K13: 25
G14: ='0.结构参数'!A53 -> 东U3 | H14: ='0.结构参数'!L53 -> 0.7 | I14: =MAX('0.结构参数'!I53,'0.结构参数'!J53) -> 7.06647 | J14: =3.15-MIN('0.结构参数'!I17,'0.结构参数'!J17) -> 6.30247 | K14: 25
G15: ='0.结构参数'!A54 -> 东U4 | H15: ='0.结构参数'!L54 -> 0.6 | I15: =MAX('0.结构参数'!I54,'0.结构参数'!J54) -> 6.49928 | J15: =3.15-MIN('0.结构参数'!I18,'0.结构参数'!J18) -> 5.73528 | K15: 22
G16: ='0.结构参数'!A55 -> 东U5 | H16: ='0.结构参数'!L55 -> 0.6 | I16: =MAX('0.结构参数'!I55,'0.结构参数'!J55) -> 5.7081 | J16: =3.15-MIN('0.结构参数'!I19,'0.结构参数'!J19) -> 4.9441 | K16: 25
G17: ='0.结构参数'!A56 -> 东U6 | H17: ='0.结构参数'!L56 -> 0.5 | I17: =MAX('0.结构参数'!I56,'0.结构参数'!J56) -> 4.91691 | J17: =3.15-MIN('0.结构参数'!I20,'0.结构参数'!J20) -> 4.15291 | K17: 22
G18: ='0.结构参数'!A57 -> 东U7 | H18: ='0.结构参数'!L57 -> 0.5 | I18: =MAX('0.结构参数'!I57,'0.结构参数'!J57) -> 4.12573 | J18: =3.15-MIN('0.结构参数'!I21,'0.结构参数'!J21) -> 3.36173 | K18: 18
G19: ='0.结构参数'!A58 -> 东U8 | H19: ='0.结构参数'!L58 -> 0.3 | I19: =MAX('0.结构参数'!I58,'0.结构参数'!J58) -> 3.33454 | J19: =3.15-MIN('0.结构参数'!I22,'0.结构参数'!J22) -> 2.57054 | K19: 16
G20: ='0.结构参数'!A59 -> 东U9 | H20: ='0.结构参数'!L59 -> 0.3 | I20: =MAX('0.结构参数'!I59,'0.结构参数'!J59) -> 2.54364 | J20: =3.15-MIN('0.结构参数'!I23,'0.结构参数'!J23) -> 1.77964 | K20: 14
G21: ='0.结构参数'!A60 -> 东U10 | H21: ='0.结构参数'!L60 -> 0.3 | I21: =MAX('0.结构参数'!I60,'0.结构参数'!J60) -> 1.94014 | J21: =3.15-MIN('0.结构参数'!I24,'0.结构参数'!J24) -> 1.17614 | K21: 14
G22: ='0.结构参数'!A61 -> 西U10-1 | H22: ='0.结构参数'!L61 -> 0.3 | I22: =MAX('0.结构参数'!I61,'0.结构参数'!J61) -> 1.61126 | J22: =3.15-MIN('0.结构参数'!I25,'0.结构参数'!J25) -> 1.41326 | K22: 14
G23: ='0.结构参数'!A62 -> 西U9-1 | H23: ='0.结构参数'!L62 -> 0.3 | I23: =MAX('0.结构参数'!I62,'0.结构参数'!J62) -> 2.17365 | J23: =3.15-MIN('0.结构参数'!I26,'0.结构参数'!J26) -> 1.97565 | K23: 14
G24: ='0.结构参数'!A63 -> 西U6-1 | H24: ='0.结构参数'!L63 -> 0.5 | I24: =MAX('0.结构参数'!I63,'0.结构参数'!J63) -> 4.54681 | J24: =3.15-MIN('0.结构参数'!I27,'0.结构参数'!J27) -> 4.34881 | K24: 22
G25: ='0.结构参数'!A64 -> 西U5-1 | H25: ='0.结构参数'!L64 -> 0.6 | I25: =MAX('0.结构参数'!I64,'0.结构参数'!J64) -> 5.33797 | J25: =3.15-MIN('0.结构参数'!I28,'0.结构参数'!J28) -> 5.13997 | K25: 25
... G29: ='0.结构参数'!A68 -> 西U6-2 | H29: ='0.结构参数'!L68 -> 0.5 | I29: =MAX('0.结构参数'!I68,'0.结构参数'!J68) -> 4.54681 | J29: =3.15-MIN('0.结构参数'!I32,'0.结构参数'!J32) -> 4.34881 | K29: 22
B30: 结构尺寸 | C30: 顶宽： | D30: b1= | E30: 0.8 | G30: ='0.结构参数'!A69 -> 西U5-2 | H30: ='0.结构参数'!L69 -> 0.6 | I30: =MAX('0.结构参数'!I69,'0.结构参数'!J69) -> 5.33797 | J30: =3.15-MIN('0.结构参数'!I33,'0.结构参数'!J33) -> 5.13997 | K30: 25
C31: 底宽： | D31: b2= | E31: =E30 -> 0.8 | G31: ='0.结构参数'!A70 -> 西U4-2 | H31: ='0.结构参数'!L70 -> 0.6 | I31: =MAX('0.结构参数'!I70,'0.结构参数'!J70) -> 6.12914 | J31: =3.15-MIN('0.结构参数'!I34,'0.结构参数'!J34) -> 5.93114 | K31: 20
C32: 桥高： | D32: h= | E32: 7.7 | G32: ='0.结构参数'!A71 -> 西U3-2 | H32: ='0.结构参数'!L71 -> 0.7 | I32: =MAX('0.结构参数'!I71,'0.结构参数'!J71) -> 6.69325 | J32: =3.15-MIN('0.结构参数'!I35,'0.结构参数'!J35) -> 6.49525 | K32: 22
C33: 水高： | D33: H= | E33: 7.5
B35: 2、 | C35: 荷载计算
C37: 结构重要性系数： | D37: r0= | E37: =IF(E32>5,IF(F37="二级及以下公路",1,1.05),IF(F37="二级及以下公路",0.95,1)) -> 1.05 | F37: 高速公路、一级公路 | G37: 结构重要性系数
C38: 土压力分项系数： | D38: γt= | E38: 1.4 | G38: 墙高 | H38: 高速公路、一级公路 | I38: 二级及以下公路
C39: 水压力分项系数： | D39: γs= | E39: 1 | G39: ≤5.0m | H39: 1 | I39: 0.95
C40: 活载分项系数： | D40: γQ= | E40: 1.4 | G40: >5.0m | H40: 1.05 | I40: 1
B42: 2.1 | C42: 土压力计算
B44: 土压力 参数 | C44: 填土坡角 | D44: β= | E44: 0
C45: 内摩擦角 | D45: φ= | E45: 23
C46: 墙与填土摩擦角 | D46: δ= | E46: 11.5
C47: 墙背俯斜 | D47: α= | E47: 0
C48: 墙后土容重 | D48: r1= | E48: 18
C49: 墙后土饱和容重 | D49: r2= | E49: 20
C50: 墙后土浮容重 | D50: r3= | E50: 10
B52: 土压力 中间值 | C52: cos(φ-α) | E52: =COS(RADIANS(E45-E47)) -> 0.92050485
C53: cosα | E53: =COS(RADIANS(E47)) -> 1
C54: cos（α+δ） | E54: =COS(RADIANS(E47+E46)) -> 0.9799247
C55: sin（φ+δ） | E55: =SIN(RADIANS(E45+E46)) -> 0.56640624
C56: sin（φ-β） | E56: =SIN(RADIANS(E45-E44)) -> 0.39073113
C57: cos（α-β） | E57: =COS(RADIANS(E47-E44)) -> 1
C58: 库仑系数u | E58: =E52^2/(E53^2*E54*(1+SQRT(E55*E56/(E54*E57)))^2) -> 0.39731794
B59: 主动土压力附加安全系数 | E59: 1.3
B61: 土压力 | C61: 土压应力：墙顶kPa | E61: 0
C62: 土压应力：水面kPa | E62: =E59*E58*E48*(E32-E33) -> 1.8594479
C63: 土压应力：墙底kPa | E63: =E59*E58*E50*E33+E62 -> 40.597947
C64: 无水部分的土压力kN | E64: =1/2*1*E62*(E32-E33) -> 0.18594479
C65: 有水部分的土压力kN | E65: =1/2*1*(E62+E63)*E33 -> 159.21523
C66: 无水土压力作用点m | E66: =E33+1/3*(E32-E33) -> 7.5666667
C67: 有水土压力作用点m | E67: =1/3*E33*(2*E62+E63)/(E62+E63) -> 2.6094891
C68: 边墙底截面土压力kN | E68: =E64+E65 -> 159.40118
C69: 墙底土压力力矩：kN*m | E69: =E64*E66+E65*E67 -> 416.87738
B71: 2.2 | C71: 水压力计算
B73: 水压力 | C73: 水压应力:水面kPa | E73: 0
C74: 水压应力:墙底kPa | E74: =10*E33 -> 75
C75: 水压力 kN | E75: =1/2*E74*E33 -> 281.25
C76: 水压力作用点m | E76: =E33/3 -> 2.5
C77: 边墙底截面水压力kN | E77: =E75 -> 281.25
C78: 墙底水压力力矩：kN*m | E78: =E75*E76 -> 703.125
B81: 2.3 | C81: 活载
B83: 活载 | C83: 车辆荷载附加荷载强度kPa | E83: =IF(E32<2,20,(IF(E32>10,10,((E32-2)/(10-2)*(20-10)+10)))) -> 17.125
C84: 换算土层厚度m | E84: =E83/E48 -> 0.95138889
C85: 活载换算土压力 | E85: 0
C86: 作用点m | E86: =E32/2 -> 3.85
C87: 活载对边墙底力矩 | E87: =E85*E86 -> 0
B89: 2.4 | C89: 荷载组合
C91: 基本组合：
C92: 边墙底弯矩（kN*m） | E92: =E37*(E38*E69+E39*E78+E40*E87) -> 1351.091
C93: 边墙底剪力(kN) | E93: =E37*(E38*E68+E39*E77+E40*E85) -> 529.63223
C95: 长期效应组合：
C96: 边墙底弯矩：（kN*m） | E96: =E69+E78+0.4*E87 -> 1120.0024
C97: 边墙底剪力：(kN) | E97: =E68+E77+0.4*E85 -> 440.65118
C99: 短期效应组合：
C100: 边墙底弯矩：（kN*m） | E100: =E69+E78+0.7*E87 -> 1120.0024
C101: 边墙底剪力：(kN) | E101: =E68+E77+0.7*E85 -> 440.65118
B104: 2.5 | C104: 边墙截面验算
H105: fcd | I105: ftd | J105: Ec
B106: 已知 | C106: 混凝土fcd | D106: C40 | E106: =VLOOKUP(D106,G106:I109,2,1) -> 18.1 | F106: Mpa | G106: C35 | H106: 16.1 | I106: 1.52 | J106: 3.15
C107: 混凝土ftd | D107: C40 | E107: =VLOOKUP(D107,G106:I109,3,1) -> 1.65 | F107: Mpa | G107: C40 | H107: 18.1 | I107: 1.65 | J107: 3.25
C108: HRB400钢筋fsd | E108: 330 | F108: Mpa | G108: C45 | H108: 20.5 | I108: 1.74 | J108: 3.35
C109: HRB400钢筋fsd' | E109: 330 | F109: Mpa | G109: C50 | H109: 22.4 | I109: 1.83 | J109: 3.45
C110: 外侧钢筋根数 | E110: 16
C111: 外侧钢筋直径mm | E111: 25 | F111: mm
C112: 外侧钢筋面积As | E112: =E110*PI()*E111^2/4 -> 7853.9816 | F112: mm2
C113: 内侧钢筋根数 | E113: 8
C114: 内侧钢筋直径mm | E114: 12 | F114: mm
C115: 内侧钢筋面积As' | E115: =E113*PI()*E114^2/4 -> 904.77868 | F115: mm2
C116: a | E116: 65 | F116: mm
C117: 有效高度h0 | E117: =E31*1000-E116 -> 735 | F117: mm
C118: 最小配筋率45ftd/fsd | E118: =45*E107/E108 -> 0.225 | F118: %
C119: 界限受压高度ξb | E119: 0.56
B121: 正截面 强度 验算 | C121: 受压高度x： | E121: =(E108*E112-E109*E115)/(E106*1000) -> 126.69818 | F121: mm
...

Sheet 2.U型槽钢筋
A2: U型槽尺寸表 | B2: 节段 | C2: 净高不含底板厚 | E2: 节段宽 | G2: 边墙厚B | H2: 底板厚T | I2: D | J2: hmin+T | K2: hmax+T | N2: 角度 | O2: 净保护层
C3: Hmin | D3: Hmax | E3: Lmax | F3: Lmin | N3: 90 | O3: 4 | P3: 4
B4: ='0.结构参数'!A41 -> 西U10 | C4: =MIN('0.结构参数'!I41,'0.结构参数'!J41)*100 -> 130 | D4: =MAX('0.结构参数'!I41,'0.结构参数'!J41)*100 -> 161.126 | E4: =MAX('0.结构参数'!E5,'0.结构参数'!F5)*100 -> 2000 | F4: =MIN('0.结构参数'!E5,'0.结构参数'!F5)*100 -> 2000 | G4: ='0.结构参数'!L41*100 -> 30 | H4: ='0.结构参数'!K41*100 -> 40 | I4: =('0.结构参数'!M41+'0.结构参数'!N41)/2*100 -> 2381 | J4: =(C4+$H4) -> 170 | K4: =(D4+$H4) -> 201.126
B5: ='0.结构参数'!A42 -> 西U9 | C5: =MIN('0.结构参数'!I42,'0.结构参数'!J42)*100 -> 161.21 | D5: =MAX('0.结构参数'!I42,'0.结构参数'!J42)*100 -> 217.365 | E5: =MAX('0.结构参数'!E6,'0.结构参数'!F6)*100 -> 2000 | F5: =MIN('0.结构参数'!E6,'0.结构参数'!F6)*100 -> 2000 | G5: ='0.结构参数'!L42*100 -> 30 | H5: ='0.结构参数'!K42*100 -> 40 | I5: =('0.结构参数'!M42+'0.结构参数'!N42)/2*100 -> 2310 | J5: =(C5+$H5) -> 201.21 | K5: =(D5+$H5) -> 257.365
B6: ='0.结构参数'!A43 -> 西U8 | C6: =MIN('0.结构参数'!I43,'0.结构参数'!J43)*100 -> 217.449 | D6: =MAX('0.结构参数'!I43,'0.结构参数'!J43)*100 -> 296.447 | E6: =MAX('0.结构参数'!E7,'0.结构参数'!F7)*100 -> 2000 | F6: =MIN('0.结构参数'!E7,'0.结构参数'!F7)*100 -> 2000 | G6: ='0.结构参数'!L43*100 -> 30 | H6: ='0.结构参数'!K43*100 -> 40 | I6: =('0.结构参数'!M43+'0.结构参数'!N43)/2*100 -> 2285 | J6: =(C6+$H6) -> 257.449 | K6: =(D6+$H6) -> 336.447
B7: ='0.结构参数'!A44 -> 西U7 | C7: =MIN('0.结构参数'!I44,'0.结构参数'!J44)*100 -> 296.566 | D7: =MAX('0.结构参数'!I44,'0.结构参数'!J44)*100 -> 375.564 | E7: =MAX('0.结构参数'!E8,'0.结构参数'!F8)*100 -> 2000 | F7: =MIN('0.结构参数'!E8,'0.结构参数'!F8)*100 -> 2000 | G7: ='0.结构参数'!L44*100 -> 40 | H7: ='0.结构参数'!K44*100 -> 50 | I7: =('0.结构参数'!M44+'0.结构参数'!N44)/2*100 -> 2305 | J7: =(C7+$H7) -> 346.566 | K7: =(D7+$H7) -> 425.564
B8: ='0.结构参数'!A45 -> 西U6 | C8: =MIN('0.结构参数'!I45,'0.结构参数'!J45)*100 -> 375.682 | D8: =MAX('0.结构参数'!I45,'0.结构参数'!J45)*100 -> 454.681 | E8: =MAX('0.结构参数'!E9,'0.结构参数'!F9)*100 -> 2000 | F8: =MIN('0.结构参数'!E9,'0.结构参数'!F9)*100 -> 2000 | G8: ='0.结构参数'!L45*100 -> 50 | H8: ='0.结构参数'!K45*100 -> 60 | I8: =('0.结构参数'!M45+'0.结构参数'!N45)/2*100 -> 2325 | J8: =(C8+$H8) -> 435.682 | K8: =(D8+$H8) -> 514.681 | N8: 4、e2数值改为定值8，但仍需注意表格外e2取值区间
B9: ='0.结构参数'!A46 -> 西U5 | C9: =MIN('0.结构参数'!I46,'0.结构参数'!J46)*100 -> 454.799 | D9: =MAX('0.结构参数'!I46,'0.结构参数'!J46)*100 -> 533.797 | E9: =MAX('0.结构参数'!E10,'0.结构参数'!F10)*100 -> 2000 | F9: =MIN('0.结构参数'!E10,'0.结构参数'!F10)*100 -> 2000 | G9: ='0.结构参数'!L46*100 -> 60 | H9: ='0.结构参数'!K46*100 -> 70 | I9: =('0.结构参数'!M46+'0.结构参数'!N46)/2*100 -> 2345 | J9: =(C9+$H9) -> 524.799 | K9: =(D9+$H9) -> 603.797
B10: ='0.结构参数'!A47 -> 西U4 | C10: =MIN('0.结构参数'!I47,'0.结构参数'!J47)*100 -> 533.916 | D10: =MAX('0.结构参数'!I47,'0.结构参数'!J47)*100 -> 612.914 | E10: =MAX('0.结构参数'!E11,'0.结构参数'!F11)*100 -> 2000 | F10: =MIN('0.结构参数'!E11,'0.结构参数'!F11)*100 -> 2000 | G10: ='0.结构参数'!L47*100 -> 60 | H10: ='0.结构参数'!K47*100 -> 70 | I10: =('0.结构参数'!M47+'0.结构参数'!N47)/2*100 -> 2345 | J10: =(C10+$H10) -> 603.916 | K10: =(D10+$H10) -> 682.914
B11: ='0.结构参数'!A48 -> 西U3 | C11: =MIN('0.结构参数'!I48,'0.结构参数'!J48)*100 -> 613.033 | D11: =MAX('0.结构参数'!I48,'0.结构参数'!J48)*100 -> 669.325 | E11: =MAX('0.结构参数'!E12,'0.结构参数'!F12)*100 -> 2000 | F11: =MIN('0.结构参数'!E12,'0.结构参数'!F12)*100 -> 2000 | G11: ='0.结构参数'!L48*100 -> 70 | H11: ='0.结构参数'!K48*100 -> 80 | I11: =('0.结构参数'!M48+'0.结构参数'!N48)/2*100 -> 2365 | J11: =(C11+$H11) -> 693.033 | K11: =(D11+$H11) -> 749.325
B12: ='0.结构参数'!A49 -> 西U2 | C12: =MIN('0.结构参数'!I49,'0.结构参数'!J49)*100 -> 669.41 | D12: =MAX('0.结构参数'!I49,'0.结构参数'!J49)*100 -> 725.702 | E12: =MAX('0.结构参数'!E13,'0.结构参数'!F13)*100 -> 2000 | F12: =MIN('0.结构参数'!E13,'0.结构参数'!F13)*100 -> 2000 | G12: ='0.结构参数'!L49*100 -> 70 | H12: ='0.结构参数'!K49*100 -> 80 | I12: =('0.结构参数'!M49+'0.结构参数'!N49)/2*100 -> 2365 | J12: =(C12+$H12) -> 749.41 | K12: =(D12+$H12) -> 805.702
B13: ='0.结构参数'!A50 -> 西U1 | C13: =MIN('0.结构参数'!I50,'0.结构参数'!J50)*100 -> 725.702 | D13: =MAX('0.结构参数'!I50,'0.结构参数'!J50)*100 -> 725.702 | E13: =MAX('0.结构参数'!E14,'0.结构参数'!F14)*100 -> 2500 | F13: =MIN('0.结构参数'!E14,'0.结构参数'!F14)*100 -> 2500 | G13: ='0.结构参数'!L50*100 -> 70 | H13: ='0.结构参数'!K50*100 -> 80 | I13: =('0.结构参数'!M50+'0.结构参数'!N50)/2*100 -> 2365 | J13: =(C13+$H13) -> 805.702 | K13: =(D13+$H13) -> 805.702
B14: ='0.结构参数'!A51 -> 东U1 | C14: =MIN('0.结构参数'!I51,'0.结构参数'!J51)*100 -> 706.817 | D14: =MAX('0.结构参数'!I51,'0.结构参数'!J51)*100 -> 768.277 | E14: =MAX('0.结构参数'!E15,'0.结构参数'!F15)*100 -> 800 | F14: =MIN('0.结构参数'!E15,'0.结构参数'!F15)*100 -> 800 | G14: ='0.结构参数'!L51*100 -> 80 | H14: ='0.结构参数'!K51*100 -> 90 | I14: =('0.结构参数'!M51+'0.结构参数'!N51)/2*100 -> 2385 | J14: =(C14+$H14) -> 796.817 | K14: =(D14+$H14) -> 858.277
B15: ='0.结构参数'!A52 -> 东U2 | C15: =MIN('0.结构参数'!I52,'0.结构参数'!J52)*100 -> 706.732 | D15: =MAX('0.结构参数'!I52,'0.结构参数'!J52)*100 -> 706.732 | E15: =MAX('0.结构参数'!E16,'0.结构参数'!F16)*100 -> 2000 | F15: =MIN('0.结构参数'!E16,'0.结构参数'!F16)*100 -> 2000 | G15: ='0.结构参数'!L52*100 -> 70 | H15: ='0.结构参数'!K52*100 -> 80 | I15: =('0.结构参数'!M52+'0.结构参数'!N52)/2*100 -> 2365 | J15: =(C15+$H15) -> 786.732 | K15: =(D15+$H15) -> 786.732
B16: ='0.结构参数'!A53 -> 东U3 | C16: =MIN('0.结构参数'!I53,'0.结构参数'!J53)*100 -> 650.047 | D16: =MAX('0.结构参数'!I53,'0.结构参数'!J53)*100 -> 706.647 | E16: =MAX('0.结构参数'!E17,'0.结构参数'!F17)*100 -> 2000 | F16: =MIN('0.结构参数'!E17,'0.结构参数'!F17)*100 -> 2000 | G16: ='0.结构参数'!L53*100 -> 70 | H16: ='0.结构参数'!K53*100 -> 80 | I16: =('0.结构参数'!M53+'0.结构参数'!N53)/2*100 -> 2365 | J16: =(C16+$H16) -> 730.047 | K16: =(D16+$H16) -> 786.647
B17: ='0.结构参数'!A54 -> 东U4 | C17: =MIN('0.结构参数'!I54,'0.结构参数'!J54)*100 -> 570.928 | D17: =MAX('0.结构参数'!I54,'0.结构参数'!J54)*100 -> 649.928 | E17: =MAX('0.结构参数'!E18,'0.结构参数'!F18)*100 -> 2000 | F17: =MIN('0.结构参数'!E18,'0.结构参数'!F18)*100 -> 2000 | G17: ='0.结构参数'!L54*100 -> 60 | H17: ='0.结构参数'!K54*100 -> 70 | I17: =('0.结构参数'!M54+'0.结构参数'!N54)/2*100 -> 2345 | J17: =(C17+$H17) -> 640.928 | K17: =(D17+$H17) -> 719.928
B18: ='0.结构参数'!A55 -> 东U5 | C18: =MIN('0.结构参数'!I55,'0.结构参数'!J55)*100 -> 491.81 | D18: =MAX('0.结构参数'!I55,'0.结构参数'!J55)*100 -> 570.81 | E18: =MAX('0.结构参数'!E19,'0.结构参数'!F19)*100 -> 2000 | F18: =MIN('0.结构参数'!E19,'0.结构参数'!F19)*100 -> 2000 | G18: ='0.结构参数'!L55*100 -> 60 | H18: ='0.结构参数'!K55*100 -> 70 | I18: =('0.结构参数'!M55+'0.结构参数'!N55)/2*100 -> 2345 | J18: =(C18+$H18) -> 561.81 | K18: =(D18+$H18) -> 640.81
B19: ='0.结构参数'!A56 -> 东U6 | C19: =MIN('0.结构参数'!I56,'0.结构参数'!J56)*100 -> 412.691 | D19: =MAX('0.结构参数'!I56,'0.结构参数'!J56)*100 -> 491.691 | E19: =MAX('0.结构参数'!E20,'0.结构参数'!F20)*100 -> 2000 | F19: =MIN('0.结构参数'!E20,'0.结构参数'!F20)*100 -> 2000 | G19: ='0.结构参数'!L56*100 -> 50 | H19: ='0.结构参数'!K56*100 -> 60 | I19: =('0.结构参数'!M56+'0.结构参数'!N56)/2*100 -> 2325 | J19: =(C19+$H19) -> 472.691 | K19: =(D19+$H19) -> 551.691
B20: ='0.结构参数'!A57 -> 东U7 | C20: =MIN('0.结构参数'!I57,'0.结构参数'!J57)*100 -> 333.573 | D20: =MAX('0.结构参数'!I57,'0.结构参数'!J57)*100 -> 412.573 | E20: =MAX('0.结构参数'!E21,'0.结构参数'!F21)*100 -> 2000 | F20: =MIN('0.结构参数'!E21,'0.结构参数'!F21)*100 -> 2000 | G20: ='0.结构参数'!L57*100 -> 50 | H20: ='0.结构参数'!K57*100 -> 60 | I20: =('0.结构参数'!M57+'0.结构参数'!N57)/2*100 -> 2325 | J20: =(C20+$H20) -> 393.573 | K20: =(D20+$H20) -> 472.573
... B35: ='0.结构参数'!A72 -> 0 | C35: =MIN('0.结构参数'!I72,'0.结构参数'!J72)*100 -> 0 | D35: =MAX('0.结构参数'!I72,'0.结构参数'!J72)*100 -> 0 | E35: =MAX('0.结构参数'!E36,'0.结构参数'!F36)*100 -> 0 | F35: =MIN('0.结构参数'!E36,'0.结构参数'!F36)*100 -> 0 | G35: ='0.结构参数'!L72*100 -> 30 | H35: ='0.结构参数'!K72*100 -> 40 | I35: =('0.结构参数'!M72+'0.结构参数'!N72)/2*100 -> 60 | J35: =(C35+$H35) -> 40 | K35: =(D35+$H35) -> 40
F37: 此处若为负值，则公式改为“B21/D21-2” | P37: 若e2小于8，则在n1公式后减1
A38: 钢筋图参数表 | B38: U型槽 编号 | C38: D (cm) | D38: n | E38: d (cm) | F38: a 0~12.5 | G38: B (cm) | H38: m | I38: b (cm) | J38: e1 (cm) | K38: Hmin (cm) | L38: Hmax (cm) | M38: n1 | N38: d1 (cm) | O38: d2 (cm) | P38: e2 | Q38: T | R38: n1' | S38: d1' | T38: L1 (cm) | U38: m1 | V38: b1 (cm) | W38: L2 (cm) | X38: m2 | Y38: b2 (cm) | Z38: e3 (cm) | AA38: e2 7~20.5
B39: =B4 -> 西U10 | C39: =VLOOKUP(B39,$B$4:$K$36,8,0) -> 2381 | D39: =ROUNDDOWN((C39/E39-1),0) -> 189 | E39: =12.5 -> 12.5 | F39: =C39-D39*E39-2*J39 -> 2.5 | G39: =VLOOKUP(B39,$B$4:$J$72,6,0) -> 30 | H39: 2 | I39: =(G39-J39*2)/H39 -> 7 | J39: 8 | K39: =VLOOKUP(B39,$B$4:$K$36,2,0) -> 130 | L39: =VLOOKUP(B39,$B$4:$K$36,3,0) -> 161.126 | M39: =ROUND((L39-5)/12.5,0)-1 -> 11 | N39: =(L39-5-P39)/M39 -> 13.466 | O39: =(K39-P39-5)/M39 -> 10.636364 | P39: 8 | Q39: =VLOOKUP($B39,$B$4:$K$36,7,0) -> 40 | R39: 3 | S39: =(Q39-2*J39)/R39 -> 8 | T39: =VLOOKUP($B39,$B$4:$K$36,4,0) -> 2000 | U39: =ROUNDDOWN(T39/V39,0)-1 -> 159 | V39: 12.5 | W39: =VLOOKUP($B39,$B$4:$K$36,5,0) -> 2000 | X39: =U39 -> 159 | Y39: =(W39-Z39*2)/X39 -> 12.5 | Z39: =(T39-U39*V39)/2 -> 6.25 | AA39: =L39-M39*12.5-5 -> 18.626
B40: =B5 -> 西U9 | C40: =VLOOKUP(B40,$B$4:$K$36,8,0) -> 2310 | D40: =ROUNDDOWN((C40/E40-1),0) -> 183 | E40: =12.5 -> 12.5 | F40: =C40-D40*E40-2*J40 -> 6.5 | G40: =VLOOKUP(B40,$B$4:$J$72,6,0) -> 30 | H40: 2 | I40: =(G40-J40*2)/H40 -> 7 | J40: 8 | K40: =VLOOKUP(B40,$B$4:$K$36,2,0) -> 161.21 | L40: =VLOOKUP(B40,$B$4:$K$36,3,0) -> 217.365 | M40: =ROUND((L40-5)/12.5,0)-1 -> 16 | N40: =(L40-5-P40)/M40 -> 12.772813 | O40: =(K40-P40-5)/M40 -> 9.263125 | P40: 8 | Q40: =VLOOKUP($B40,$B$4:$K$36,7,0) -> 40 | R40: 3 | S40: =(Q40-2*J40)/R40 -> 8 | T40: =VLOOKUP($B40,$B$4:$K$36,4,0) -> 2000 | U40: =ROUNDDOWN(T40/V40,0)-1 -> 147 | V40: 13.5 | W40: =VLOOKUP($B40,$B$4:$K$36,5,0) -> 2000 | X40: =U40 -> 147 | Y40: =(W40-Z40*2)/X40 -> 13.5 | Z40: =(T40-U40*V40)/2 -> 7.75 | AA40: =L40-M40*12.5-5 -> 12.365
B41: =B6 -> 西U8 | C41: =VLOOKUP(B41,$B$4:$K$36,8,0) -> 2285 | D41: =ROUNDDOWN((C41/E41-1),0) -> 181 | E41: =12.5 -> 12.5 | F41: =C41-D41*E41-2*J41 -> 6.5 | G41: =VLOOKUP(B41,$B$4:$J$72,6,0) -> 30 | H41: 2 | I41: =(G41-J41*2)/H41 -> 7 | J41: 8 | K41: =VLOOKUP(B41,$B$4:$K$36,2,0) -> 217.449 | L41: =VLOOKUP(B41,$B$4:$K$36,3,0) -> 296.447 | M41: =ROUND((L41-5)/12.5,0)-1 -> 22 | N41: =(L41-5-P41)/M41 -> 12.883955 | O41: =(K41-P41-5)/M41 -> 9.2931364 | P41: 8 | Q41: =VLOOKUP($B41,$B$4:$K$36,7,0) -> 40 | R41: 3 | S41: =(Q41-2*J41)/R41 -> 8 | T41: =VLOOKUP($B41,$B$4:$K$36,4,0) -> 2000 | U41: =ROUNDDOWN(T41/V41,0)-1 -> 136 | V41: 14.5 | W41: =VLOOKUP($B41,$B$4:$K$36,5,0) -> 2000 | X41: =U41 -> 136 | Y41: =(W41-Z41*2)/X41 -> 14.5 | Z41: =(T41-U41*V41)/2 -> 14 | AA41: =L41-M41*12.5-5 -> 16.447
B42: =B7 -> 西U7 | C42: =VLOOKUP(B42,$B$4:$K$36,8,0) -> 2305 | D42: =ROUNDDOWN((C42/E42-1),0) -> 183 | E42: =12.5 -> 12.5 | F42: =C42-D42*E42-2*J42 -> 1.5 | G42: =VLOOKUP(B42,$B$4:$J$72,6,0) -> 40 | H42: 3 | I42: =(G42-J42*2)/H42 -> 8 | J42: 8 | K42: =VLOOKUP(B42,$B$4:$K$36,2,0) -> 296.566 | L42: =VLOOKUP(B42,$B$4:$K$36,3,0) -> 375.564 | M42: =ROUND((L42-5)/12.5,0)-1 -> 29 | N42: =(L42-5-P42)/M42 -> 12.502207 | O42: =(K42-P42-5)/M42 -> 9.7781379 | P42: 8 | Q42: =VLOOKUP($B42,$B$4:$K$36,7,0) -> 50 | R42: 4 | S42: =(Q42-2*J42)/R42 -> 8.5 | T42: =VLOOKUP($B42,$B$4:$K$36,4,0) -> 2000 | U42: =ROUNDDOWN(T42/V42,0)-1 -> 128 | V42: 15.5 | W42: =VLOOKUP($B42,$B$4:$K$36,5,0) -> 2000 | X42: =U42 -> 128 | Y42: =(W42-Z42*2)/X42 -> 15.5 | Z42: =(T42-U42*V42)/2 -> 8 | AA42: =L42-M42*12.5-5 -> 8.064
B43: =B8 -> 西U6 | C43: =VLOOKUP(B43,$B$4:$K$36,8,0) -> 2325 | D43: =ROUNDDOWN((C43/E43-2),0) -> 184 | E43: =12.5 -> 12.5 | F43: =C43-D43*E43-2*J43 -> 9 | G43: =VLOOKUP(B43,$B$4:$J$72,6,0) -> 50 | H43: 4 | I43: =(G43-J43*2)/H43 -> 8.5 | J43: 8 | K43: =VLOOKUP(B43,$B$4:$K$36,2,0) -> 375.682 | L43: =VLOOKUP(B43,$B$4:$K$36,3,0) -> 454.681 | M43: =ROUND((L43-5)/12.5,0)-1 -> 35 | N43: =(L43-5-P43)/M43 -> 12.619457 | O43: =(K43-P43-5)/M43 -> 10.362343 | P43: 8 | Q43: =VLOOKUP($B43,$B$4:$K$36,7,0) -> 60 | R43: 4 | S43: =(Q43-2*J43)/R43 -> 11 | T43: =VLOOKUP($B43,$B$4:$K$36,4,0) -> 2000 | U43: =ROUNDDOWN(T43/V43,0)-1 -> 120 | V43: 16.5 | W43: =VLOOKUP($B43,$B$4:$K$36,5,0) -> 2000 | X43: =U43 -> 120 | Y43: =(W43-Z43*2)/X43 -> 16.5 | Z43: =(T43-U43*V43)/2 -> 10 | AA43: =L43-M43*12.5-5 -> 12.181
B44: =B9 -> 西U5 | C44: =VLOOKUP(B44,$B$4:$K$36,8,0) -> 2345 | D44: =ROUNDDOWN((C44/E44-1),0) -> 186 | E44: =12.5 -> 12.5 | F44: =C44-D44*E44-2*J44 -> 4 | G44: =VLOOKUP(B44,$B$4:$J$72,6,0) -> 60 | H44: 4 | I44: =(G44-J44*2)/H44 -> 11 | J44: 8 | K44: =VLOOKUP(B44,$B$4:$K$36,2,0) -> 454.799 | L44: =VLOOKUP(B44,$B$4:$K$36,3,0) -> 533.797 | M44: =ROUND((L44-5)/12.5,0)-1 -> 41 | N44: =(L44-5-P44)/M44 -> 12.702366 | O44: =(K44-P44-5)/M44 -> 10.775585 | P44: 8 | Q44: =VLOOKUP($B44,$B$4:$K$36,7,0) -> 70 | R44: 6 | S44: =(Q44-2*J44)/R44 -> 9 | T44: =VLOOKUP($B44,$B$4:$K$36,4,0) -> 2000 | U44: =ROUNDDOWN(T44/V44,0)-1 -> 113 | V44: 17.5 | W44: =VLOOKUP($B44,$B$4:$K$36,5,0) -> 2000 | X44: =U44 -> 113 | Y44: =(W44-Z44*2)/X44 -> 17.5 | Z44: =(T44-U44*V44)/2 -> 11.25 | AA44: =L44-M44*12.5-5 -> 16.297
B45: =B10 -> 西U4 | C45: =VLOOKUP(B45,$B$4:$K$36,8,0) -> 2345 | D45: =ROUNDDOWN((C45/E45-1),0) -> 186 | E45: =12.5 -> 12.5 | F45: =C45-D45*E45-2*J45 -> 4 | G45: =VLOOKUP(B45,$B$4:$J$72,6,0) -> 60 | H45: 4 | I45: =(G45-J45*2)/H45 -> 11 | J45: 8 | K45: =VLOOKUP(B45,$B$4:$K$36,2,0) -> 533.916 | L45: =VLOOKUP(B45,$B$4:$K$36,3,0) -> 612.914 | M45: =ROUND((L45-5)/12.5,0)-1 -> 48 | N45: =(L45-5-P45)/M45 -> 12.498208 | O45: =(K45-P45-5)/M45 -> 10.852417 | P45: 8 | Q45: =VLOOKUP($B45,$B$4:$K$36,7,0) -> 70 | R45: 6 | S45: =(Q45-2*J45)/R45 -> 9 | T45: =VLOOKUP($B45,$B$4:$K$36,4,0) -> 2000 | U45: =ROUNDDOWN(T45/V45,0)-1 -> 107 | V45: 18.5 | W45: =VLOOKUP($B45,$B$4:$K$36,5,0) -> 2000 | X45: =U45 -> 107 | Y45: =(W45-Z45*2)/X45 -> 18.5 | Z45: =(T45-U45*V45)/2 -> 10.25 | AA45: =L45-M45*12.5-5 -> 7.914
B46: =B11 -> 西U3 | C46: =VLOOKUP(B46,$B$4:$K$36,8,0) -> 2365 | D46: =ROUNDDOWN((C46/E46-2),0) -> 187 | E46: =12.5 -> 12.5 | F46: =C46-D46*E46-2*J46 -> 11.5 | G46: =VLOOKUP(B46,$B$4:$J$72,6,0) -> 70 | H46: 6 | I46: =(G46-J46*2)/H46 -> 9 | J46: 8 | K46: =VLOOKUP(B46,$B$4:$K$36,2,0) -> 613.033 | L46: =VLOOKUP(B46,$B$4:$K$36,3,0) -> 669.325 | M46: =ROUND((L46-5)/12.5,0)-1 -> 52 | N46: =(L46-5-P46)/M46 -> 12.621635 | O46: =(K46-P46-5)/M46 -> 11.539096 | P46: 8 | Q46: =VLOOKUP($B46,$B$4:$K$36,7,0) -> 80 | R46: 8 | S46: =(Q46-2*J46)/R46 -> 8 | T46: =VLOOKUP($B46,$B$4:$K$36,4,0) -> 2000 | U46: =ROUNDDOWN(T46/V46,0)-1 -> 101 | V46: 19.5 | W46: =VLOOKUP($B46,$B$4:$K$36,5,0) -> 2000 | X46: =U46 -> 101 | Y46: =(W46-Z46*2)/X46 -> 19.5 | Z46: =(T46-U46*V46)/2 -> 15.25 | AA46: =L46-M46*12.5-5 -> 14.325
B47: =B12 -> 西U2 | C47: =VLOOKUP(B47,$B$4:$K$36,8,0) -> 2365 | D47: =ROUNDDOWN((C47/E47-2),0) -> 187 | E47: =12.5 -> 12.5 | F47: =C47-D47*E47-2*J47 -> 11.5 | G47: =VLOOKUP(B47,$B$4:$J$72,6,0) -> 70 | H47: 6 | I47: =(G47-J47*2)/H47 -> 9 | J47: 8 | K47: =VLOOKUP(B47,$B$4:$K$36,2,0) -> 669.41 | L47: =VLOOKUP(B47,$B$4:$K$36,3,0) -> 725.702 | M47: =ROUND((L47-5)/12.5,0)-1 -> 57 | N47: =(L47-5-P47)/M47 -> 12.503544 | O47: =(K47-P47-5)/M47 -> 11.515965 | P47: 8 | Q47: =VLOOKUP($B47,$B$4:$K$36,7,0) -> 80 | R47: 8 | S47: =(Q47-2*J47)/R47 -> 8 | T47: =VLOOKUP($B47,$B$4:$K$36,4,0) -> 2000 | U47: =ROUNDDOWN(T47/V47,0)-1 -> 96 | V47: 20.5 | W47: =VLOOKUP($B47,$B$4:$K$36,5,0) -> 2000 | X47: =U47 -> 96 | Y47: =(W47-Z47*2)/X47 -> 20.5 | Z47: =(T47-U47*V47)/2 -> 16 | AA47: =L47-M47*12.5-5 -> 8.202
B48: =B13 -> 西U1 | C48: =VLOOKUP(B48,$B$4:$K$36,8,0) -> 2365 | D48: =ROUNDDOWN((C48/E48-2),0) -> 187 | E48: =12.5 -> 12.5 | F48: =C48-D48*E48-2*J48 -> 11.5 | G48: =VLOOKUP(B48,$B$4:$J$72,6,0) -> 70 | H48: 6 | I48: =(G48-J48*2)/H48 -> 9 | J48: 8 | K48: =VLOOKUP(B48,$B$4:$K$36,2,0) -> 725.702 | L48: =VLOOKUP(B48,$B$4:$K$36,3,0) -> 725.702 | M48: =ROUND((L48-5)/12.5,0)-1 -> 57 | N48: =(L48-5-P48)/M48 -> 12.503544 | O48: =(K48-P48-5)/M48 -> 12.503544 | P48: 8 | Q48: =VLOOKUP($B48,$B$4:$K$36,7,0) -> 80 | R48: 8 | S48: =(Q48-2*J48)/R48 -> 8 | T48: =VLOOKUP($B48,$B$4:$K$36,4,0) -> 2500 | U48: =ROUNDDOWN(T48/V48,0)-1 -> 115 | V48: 21.5 | W48: =VLOOKUP($B48,$B$4:$K$36,5,0) -> 2500 | X48: =U48 -> 115 | Y48: =(W48-Z48*2)/X48 -> 21.5 | Z48: =(T48-U48*V48)/2 -> 13.75 | AA48: =L48-M48*12.5-5 -> 8.202
B49: =B14 -> 东U1 | C49: =VLOOKUP(B49,$B$4:$K$36,8,0) -> 2385 | D49: =ROUNDDOWN((C49/E49-1),0) -> 189 | E49: =12.5 -> 12.5 | F49: =C49-D49*E49-2*J49 -> 6.5 | G49: =VLOOKUP(B49,$B$4:$J$72,6,0) -> 80 | H49: 8 | I49: =(G49-J49*2)/H49 -> 8 | J49: 8 | K49: =VLOOKUP(B49,$B$4:$K$36,2,0) -> 706.817 | L49: =VLOOKUP(B49,$B$4:$K$36,3,0) -> 768.277 | M49: =ROUND((L49-5)/12.5,0)-1 -> 60 | N49: =(L49-5-P49)/M49 -> 12.58795 | O49: =(K49-P49-5)/M49 -> 11.563617 | P49: 8 | Q49: =VLOOKUP($B49,$B$4:$K$36,7,0) -> 90 | R49: 8 | S49: =(Q49-2*J49)/R49 -> 9.25 | T49: =VLOOKUP($B49,$B$4:$K$36,4,0) -> 800 | U49: =ROUNDDOWN(T49/V49,0)-1 -> 34 | V49: 22.5 | W49: =VLOOKUP($B49,$B$4:$K$36,5,0) -> 800 | X49: =U49 -> 34 | Y49: =(W49-Z49*2)/X49 -> 22.5 | Z49: =(T49-U49*V49)/2 -> 17.5 | AA49: =L49-M49*12.5-5 -> 13.277
B50: =B15 -> 东U2 | C50: =VLOOKUP(B50,$B$4:$K$36,8,0) -> 2365 | D50: =ROUNDDOWN((C50/E50-2),0) -> 187 | E50: =12.5 -> 12.5 | F50: =C50-D50*E50-2*J50 -> 11.5 | G50: =VLOOKUP(B50,$B$4:$J$72,6,0) -> 70 | H50: 6 | I50: =(G50-J50*2)/H50 -> 9 | J50: 8 | K50: =VLOOKUP(B50,$B$4:$K$36,2,0) -> 706.732 | L50: =VLOOKUP(B50,$B$4:$K$36,3,0) -> 706.732 | M50: =ROUND((L50-5)/12.5,0)-1 -> 55 | N50: =(L50-5-P50)/M50 -> 12.613309 | O50: =(K50-P50-5)/M50 -> 12.613309 | P50: 8 | Q50: =VLOOKUP($B50,$B$4:$K$36,7,0) -> 80 | R50: 8 | S50: =(Q50-2*J50)/R50 -> 8 | T50: =VLOOKUP($B50,$B$4:$K$36,4,0) -> 2000 | U50: =ROUNDDOWN(T50/V50,0)-1 -> 84 | V50: 23.5 | W50: =VLOOKUP($B50,$B$4:$K$36,5,0) -> 2000 | X50: =U50 -> 84 | Y50: =(W50-Z50*2)/X50 -> 23.5 | Z50: =(T50-U50*V50)/2 -> 13 | AA50: =L50-M50*12.5-5 -> 14.232
B51: =B16 -> 东U3 | C51: =VLOOKUP(B51,$B$4:$K$36,8,0) -> 2365 | D51: =ROUNDDOWN((C51/E51-2),0) -> 187 | E51: =12.5 -> 12.5 | F51: =C51-D51*E51-2*J51 -> 11.5 | G51: =VLOOKUP(B51,$B$4:$J$72,6,0) -> 70 | H51: 6 | I51: =(G51-J51*2)/H51 -> 9 | J51: 8 | K51: =VLOOKUP(B51,$B$4:$K$36,2,0) -> 650.047 | L51: =VLOOKUP(B51,$B$4:$K$36,3,0) -> 706.647 | M51: =ROUND((L51-5)/12.5,0)-1 -> 55 | N51: =(L51-5-P51)/M51 -> 12.611764 | O51: =(K51-P51-5)/M51 -> 11.582673 | P51: 8 | Q51: =VLOOKUP($B51,$B$4:$K$36,7,0) -> 80 | R51: 8 | S51: =(Q51-2*J51)/R51 -> 8 | T51: =VLOOKUP($B51,$B$4:$K$36,4,0) -> 2000 | U51: =ROUNDDOWN(T51/V51,0)-1 -> 80 | V51: 24.5 | W51: =VLOOKUP($B51,$B$4:$K$36,5,0) -> 2000 | X51: =U51 -> 80 | Y51: =(W51-Z51*2)/X51 -> 24.5 | Z51: =(T51-U51*V51)/2 -> 20 | AA51: =L51-M51*12.5-5 -> 14.147
B52: =B17 -> 东U4 | C52: =VLOOKUP(B52,$B$4:$K$36,8,0) -> 2345 | D52: =ROUNDDOWN((C52/E52-1),0) -> 186 | E52: =12.5 -> 12.5 | F52: =C52-D52*E52-2*J52 -> 4 | G52: =VLOOKUP(B52,$B$4:$J$72,6,0) -> 60 | H52: 4 | I52: =(G52-J52*2)/H52 -> 11 | J52: 8 | K52: =VLOOKUP(B52,$B$4:$K$36,2,0) -> 570.928 | L52: =VLOOKUP(B52,$B$4:$K$36,3,0) -> 649.928 | M52: =ROUND((L52-5)/12.5,0)-1 -> 51 | N52: =(L52-5-P52)/M52 -> 12.488784 | O52: =(K52-P52-5)/M52 -> 10.939765 | P52: 8 | Q52: =VLOOKUP($B52,$B$4:$K$36,7,0) -> 70 | R52: 6 | S52: =(Q52-2*J52)/R52 -> 9 | T52: =VLOOKUP($B52,$B$4:$K$36,4,0) -> 2000 | U52: =ROUNDDOWN(T52/V52,0)-1 -> 77 | V52: 25.5 | W52: =VLOOKUP($B52,$B$4:$K$36,5,0) -> 2000 | X52: =U52 -> 77 | Y52: =(W52-Z52*2)/X52 -> 25.5 | Z52: =(T52-U52*V52)/2 -> 18.25 | AA52: =L52-M52*12.5-5 -> 7.428
B53: =B18 -> 东U5 | C53: =VLOOKUP(B53,$B$4:$K$36,8,0) -> 2345 | D53: =ROUNDDOWN((C53/E53-1),0) -> 186 | E53: =12.5 -> 12.5 | F53: =C53-D53*E53-2*J53 -> 4 | G53: =VLOOKUP(B53,$B$4:$J$72,6,0) -> 60 | H53: 4 | I53: =(G53-J53*2)/H53 -> 11 | J53: 8 | K53: =VLOOKUP(B53,$B$4:$K$36,2,0) -> 491.81 | L53: =VLOOKUP(B53,$B$4:$K$36,3,0) -> 570.81 | M53: =ROUND((L53-5)/12.5,0)-1 -> 44 | N53: =(L53-5-P53)/M53 -> 12.6775 | O53: =(K53-P53-5)/M53 -> 10.882045 | P53: 8 | Q53: =VLOOKUP($B53,$B$4:$K$36,7,0) -> 70 | R53: 6 | S53: =(Q53-2*J53)/R53 -> 9 | T53: =VLOOKUP($B53,$B$4:$K$36,4,0) -> 2000 | U53: =ROUNDDOWN(T53/V53,0)-1 -> 74 | V53: 26.5 | W53: =VLOOKUP($B53,$B$4:$K$36,5,0) -> 2000 | X53: =U53 -> 74 | Y53: =(W53-Z53*2)/X53 -> 26.5 | Z53: =(T53-U53*V53)/2 -> 19.5 | AA53: =L53-M53*12.5-5 -> 15.81
B54: =B19 -> 东U6 | C54: =VLOOKUP(B54,$B$4:$K$36,8,0) -> 2325 | D54: =ROUNDDOWN((C54/E54-2),0) -> 184 | E54: =12.5 -> 12.5 | F54: =C54-D54*E54-2*J54 -> 9 | G54: =VLOOKUP(B54,$B$4:$J$72,6,0) -> 50 | H54: 4 | I54: =(G54-J54*2)/H54 -> 8.5 | J54: 8 | K54: =VLOOKUP(B54,$B$4:$K$36,2,0) -> 412.691 | L54: =VLOOKUP(B54,$B$4:$K$36,3,0) -> 491.691 | M54: =ROUND((L54-5)/12.5,0)-1 -> 38 | N54: =(L54-5-P54)/M54 -> 12.597132 | O54: =(K54-P54-5)/M54 -> 10.518184 | P54: 8 | Q54: =VLOOKUP($B54,$B$4:$K$36,7,0) -> 60 | R54: 4 | S54: =(Q54-2*J54)/R54 -> 11 | T54: =VLOOKUP($B54,$B$4:$K$36,4,0) -> 2000 | U54: =ROUNDDOWN(T54/V54,0)-1 -> 71 | V54: 27.5 | W54: =VLOOKUP($B54,$B$4:$K$36,5,0) -> 2000 | X54: =U54 -> 71 | Y54: =(W54-Z54*2)/X54 -> 27.5 | Z54: =(T54-U54*V54)/2 -> 23.75 | AA54: =L54-M54*12.5-5 -> 11.691
B55: =B20 -> 东U7 | C55: =VLOOKUP(B55,$B$4:$K$36,8,0) -> 2325 | D55: =ROUNDDOWN((C55/E55-2),0) -> 184 | E55: =12.5 -> 12.5 | F55: =C55-D55*E55-2*J55 -> 9 | G55: =VLOOKUP(B55,$B$4:$J$72,6,0) -> 50 | H55: 4 | I55: =(G55-J55*2)/H55 -> 8.5 | J55: 8 | K55: =VLOOKUP(B55,$B$4:$K$36,2,0) -> 333.573 | L55: =VLOOKUP(B55,$B$4:$K$36,3,0) -> 412.573 | M55: =ROUND((L55-5)/12.5,0)-1 -> 32 | N55: =(L55-5-P55)/M55 -> 12.486656 | O55: =(K55-P55-5)/M55 -> 10.017906 | P55: 8 | Q55: =VLOOKUP($B55,$B$4:$K$36,7,0) -> 60 | R55: 4 | S55: =(Q55-2*J55)/R55 -> 11 | T55: =VLOOKUP($B55,$B$4:$K$36,4,0) -> 2000 | U55: =ROUNDDOWN(T55/V55,0)-1 -> 69 | V55: 28.5 | W55: =VLOOKUP($B55,$B$4:$K$36,5,0) -> 2000 | X55: =U55 -> 69 | Y55: =(W55-Z55*2)/X55 -> 28.5 | Z55: =(T55-U55*V55)/2 -> 16.75 | AA55: =L55-M55*12.5-5 -> 7.573
B56: =B21 -> 东U8 | C56: =VLOOKUP(B56,$B$4:$K$36,8,0) -> 2285 | D56: =ROUNDDOWN((C56/E56-1),0) -> 181 | E56: =12.5 -> 12.5 | F56: =C56-D56*E56-2*J56 -> 6.5 | G56: =VLOOKUP(B56,$B$4:$J$72,6,0) -> 30 | H56: 2 | I56: =(G56-J56*2)/H56 -> 7 | J56: 8 | K56: =VLOOKUP(B56,$B$4:$K$36,2,0) -> 254.454 | L56: =VLOOKUP(B56,$B$4:$K$36,3,0) -> 333.454 | M56: =ROUND((L56-5)/12.5,0)-1 -> 25 | N56: =(L56-5-P56)/M56 -> 12.81816 | O56: =(K56-P56-5)/M56 -> 9.65816 | P56: 8 | Q56: =VLOOKUP($B56,$B$4:$K$36,7,0) -> 40 | R56: 4 | S56: =(Q56-2*J56)/R56 -> 6 | T56: =VLOOKUP($B56,$B$4:$K$36,4,0) -> 2000 | U56: =ROUNDDOWN(T56/V56,0)-1 -> 66 | V56: 29.5 | W56: =VLOOKUP($B56,$B$4:$K$36,5,0) -> 2000 | X56: =U56 -> 66 | Y56: =(W56-Z56*2)/X56 -> 29.5 | Z56: =(T56-U56*V56)/2 -> 26.5 | AA56: =L56-M56*12.5-5 -> 15.954
B57: =B22 -> 东U9 | C57: =VLOOKUP(B57,$B$4:$K$36,8,0) -> 2285 | D57: =ROUNDDOWN((C57/E57-1),0) -> 181 | E57: =12.5 -> 12.5 | F57: =C57-D57*E57-2*J57 -> 6.5 | G57: =VLOOKUP(B57,$B$4:$J$72,6,0) -> 30 | H57: 2 | I57: =(G57-J57*2)/H57 -> 7 | J57: 8 | K57: =VLOOKUP(B57,$B$4:$K$36,2,0) -> 194.105 | L57: =VLOOKUP(B57,$B$4:$K$36,3,0) -> 254.364 | M57: =ROUND((L57-5)/12.5,0)-1 -> 19 | N57: =(L57-5-P57)/M57 -> 12.703368 | O57: =(K57-P57-5)/M57 -> 9.5318421 | P57: 8 | Q57: =VLOOKUP($B57,$B$4:$K$36,7,0) -> 40 | R57: 4 | S57: =(Q57-2*J57)/R57 -> 6 | T57: =VLOOKUP($B57,$B$4:$K$36,4,0) -> 2000 | U57: =ROUNDDOWN(T57/V57,0)-1 -> 64 | V57: 30.5 | W57: =VLOOKUP($B57,$B$4:$K$36,5,0) -> 2000 | X57: =U57 -> 64 | Y57: =(W57-Z57*2)/X57 -> 30.5 | Z57: =(T57-U57*V57)/2 -> 24 | AA57: =L57-M57*12.5-5 -> 11.864
B58: =B23 -> 东U10 | C58: =VLOOKUP(B58,$B$4:$K$36,8,0) -> 2285 | D58: =ROUNDDOWN((C58/E58-1),0) -> 181 | E58: =12.5 -> 12.5 | F58: =C58-D58*E58-2*J58 -> 6.5 | G58: =VLOOKUP(B58,$B$4:$J$72,6,0) -> 30 | H58: 2 | I58: =(G58-J58*2)/H58 -> 7 | J58: 8 | K58: =VLOOKUP(B58,$B$4:$K$36,2,0) -> 133.755 | L58: =VLOOKUP(B58,$B$4:$K$36,3,0) -> 194.014 | M58: =ROUND((L58-5)/12.5,0)-1 -> 14 | N58: =(L58-5-P58)/M58 -> 12.929571 | O58: =(K58-P58-5)/M58 -> 8.6253571 | P58: 8 | Q58: =VLOOKUP($B58,$B$4:$K$36,7,0) -> 40 | R58: 4 | S58: =(Q58-2*J58)/R58 -> 6 | T58: =VLOOKUP($B58,$B$4:$K$36,4,0) -> 2000 | U58: =ROUNDDOWN(T58/V58,0)-1 -> 62 | V58: 31.5 | W58: =VLOOKUP($B58,$B$4:$K$36,5,0) -> 2000 | X58: =U58 -> 62 | Y58: =(W58-Z58*2)/X58 -> 31.5 | Z58: =(T58-U58*V58)/2 -> 23.5 | AA58: =L58-M58*12.5-5 -> 14.014
B59: =B24 -> 西U10-1 | C59: =VLOOKUP(B59,$B$4:$K$36,8,0) -> 2285 | D59: =ROUNDDOWN((C59/E59-1),0) -> 181 | E59: =12.5 -> 12.5 | F59: =C59-D59*E59-2*J59 -> 6.5 | G59: =VLOOKUP(B59,$B$4:$J$72,6,0) -> 30 | H59: 2 | I59: =(G59-J59*2)/H59 -> 7 | J59: 8 | K59: =VLOOKUP(B59,$B$4:$K$36,2,0) -> 130 | L59: =VLOOKUP(B59,$B$4:$K$36,3,0) -> 161.126 | M59: =ROUND((L59-5)/12.5,0)-1 -> 11 | N59: =(L59-5-P59)/M59 -> 13.466 | O59: =(K59-P59-5)/M59 -> 10.636364 | P59: 8 | Q59: =VLOOKUP($B59,$B$4:$K$36,7,0) -> 40 | R59: 4 | S59: =(Q59-2*J59)/R59 -> 6 | T59: =VLOOKUP($B59,$B$4:$K$36,4,0) -> 2000 | U59: =ROUNDDOWN(T59/V59,0)-1 -> 60 | V59: 32.5 | W59: =VLOOKUP($B59,$B$4:$K$36,5,0) -> 2000 | X59: =U59 -> 60 | Y59: =(W59-Z59*2)/X59 -> 32.5 | Z59: =(T59-U59*V59)/2 -> 25 | AA59: =L59-M59*12.5-5 -> 18.626
B60: =B25 -> 西U9-1 | C60: =VLOOKUP(B60,$B$4:$K$36,8,0) -> 2285 | D60: =ROUNDDOWN((C60/E60-1),0) -> 181 | E60: =12.5 -> 12.5 | F60: =C60-D60*E60-2*J60 -> 6.5 | G60: =VLOOKUP(B60,$B$4:$J$72,6,0) -> 30 | H60: 2 | I60: =(G60-J60*2)/H60 -> 7 | J60: 8 | K60: =VLOOKUP(B60,$B$4:$K$36,2,0) -> 161.21 | L60: =VLOOKUP(B60,$B$4:$K$36,3,0) -> 217.365 | M60: =ROUND((L60-5)/12.5,0)-1 -> 16 | N60: =(L60-5-P60)/M60 -> 12.772813 | O60: =(K60-P60-5)/M60 -> 9.263125 | P60: 8 | Q60: =VLOOKUP($B60,$B$4:$K$36,7,0) -> 40 | R60: 4 | S60: =(Q60-2*J60)/R60 -> 6 | T60: =VLOOKUP($B60,$B$4:$K$36,4,0) -> 2000 | U60: =ROUNDDOWN(T60/V60,0)-1 -> 58 | V60: 33.5 | W60: =VLOOKUP($B60,$B$4:$K$36,5,0) -> 2000 | X60: =U60 -> 58 | Y60: =(W60-Z60*2)/X60 -> 33.5 | Z60: =(T60-U60*V60)/2 -> 28.5 | AA60: =L60-M60*12.5-5 -> 12.365
B61: =B26 -> 西U6-1 | C61: =VLOOKUP(B61,$B$4:$K$36,8,0) -> 1350 | D61: =ROUNDDOWN((C61/E61-2),0) -> 106 | E61: =12.5 -> 12.5 | F61: =C61-D61*E61-2*J61 -> 9 | G61: =VLOOKUP(B61,$B$4:$J$72,6,0) -> 50 | H61: 4 | I61: =(G61-J61*2)/H61 -> 8.5 | J61: 8 | K61: =VLOOKUP(B61,$B$4:$K$36,2,0) -> 375.682 | L61: =VLOOKUP(B61,$B$4:$K$36,3,0) -> 454.681 | M61: =ROUND((L61-5)/12.5,0)-1 -> 35 | N61: =(L61-5-P61)/M61 -> 12.619457 | O61: =(K61-P61-5)/M61 -> 10.362343 | P61: 8 | Q61: =VLOOKUP($B61,$B$4:$K$36,7,0) -> 60 | R61: 4 | S61: =(Q61-2*J61)/R61 -> 11 | T61: =VLOOKUP($B61,$B$4:$K$36,4,0) -> 2000 | U61: =ROUNDDOWN(T61/V61,0)-1 -> 56 | V61: 34.5 | W61: =VLOOKUP($B61,$B$4:$K$36,5,0) -> 2000 | X61: =U61 -> 56 | Y61: =(W61-Z61*2)/X61 -> 34.5 | Z61: =(T61-U61*V61)/2 -> 34 | AA61: =L61-M61*12.5-5 -> 12.181
B62: =B27 -> 西U5-1 | C62: =VLOOKUP(B62,$B$4:$K$36,8,0) -> 1370 | D62: =ROUNDDOWN((C62/E62-1),0) -> 108 | E62: =12.5 -> 12.5 | F62: =C62-D62*E62-2*J62 -> 4 | G62: =VLOOKUP(B62,$B$4:$J$72,6,0) -> 60 | H62: 4 | I62: =(G62-J62*2)/H62 -> 11 | J62: 8 | K62: =VLOOKUP(B62,$B$4:$K$36,2,0) -> 454.799 | L62: =VLOOKUP(B62,$B$4:$K$36,3,0) -> 533.797 | M62: =ROUND((L62-5)/12.5,0)-1 -> 41 | N62: =(L62-5-P62)/M62 -> 12.702366 | O62: =(K62-P62-5)/M62 -> 10.775585 | P62: 8 | Q62: =VLOOKUP($B62,$B$4:$K$36,7,0) -> 70 | R62: 6 | S62: =(Q62-2*J62)/R62 -> 9 | T62: =VLOOKUP($B62,$B$4:$K$36,4,0) -> 2000 | U62: =ROUNDDOWN(T62/V62,0)-1 -> 55 | V62: 35.5 | W62: =VLOOKUP($B62,$B$4:$K$36,5,0) -> 2000 | X62: =U62 -> 55 | Y62: =(W62-Z62*2)/X62 -> 35.5 | Z62: =(T62-U62*V62)/2 -> 23.75 | AA62: =L62-M62*12.5-5 -> 16.297
B63: =B28 -> 西U4-1 | C63: =VLOOKUP(B63,$B$4:$K$36,8,0) -> 1370 | D63: =ROUNDDOWN((C63/E63-1),0) -> 108 | E63: =12.5 -> 12.5 | F63: =C63-D63*E63-2*J63 -> 4 | G63: =VLOOKUP(B63,$B$4:$J$72,6,0) -> 60 | H63: 4 | I63: =(G63-J63*2)/H63 -> 11 | J63: 8 | K63: =VLOOKUP(B63,$B$4:$K$36,2,0) -> 533.916 | L63: =VLOOKUP(B63,$B$4:$K$36,3,0) -> 612.914 | M63: =ROUND((L63-5)/12.5,0)-1 -> 48 | N63: =(L63-5-P63)/M63 -> 12.498208 | O63: =(K63-P63-5)/M63 -> 10.852417 | P63: 8 | Q63: =VLOOKUP($B63,$B$4:$K$36,7,0) -> 70 | R63: 6 | S63: =(Q63-2*J63)/R63 -> 9 | T63: =VLOOKUP($B63,$B$4:$K$36,4,0) -> 2000 | U63: =ROUNDDOWN(T63/V63,0)-1 -> 53 | V63: 36.5 | W63: =VLOOKUP($B63,$B$4:$K$36,5,0) -> 2000 | X63: =U63 -> 53 | Y63: =(W63-Z63*2)/X63 -> 36.5 | Z63: =(T63-U63*V63)/2 -> 32.75 | AA63: =L63-M63*12.5-5 -> 7.914
B64: =B29 -> 西U3-1 | C64: =VLOOKUP(B64,$B$4:$K$36,8,0) -> 1390 | D64: =ROUNDDOWN((C64/E64-2),0) -> 109 | E64: =12.5 -> 12.5 | F64: =C64-D64*E64-2*J64 -> 11.5 | G64: =VLOOKUP(B64,$B$4:$J$72,6,0) -> 70 | H64: 6 | I64: =(G64-J64*2)/H64 -> 9 | J64: 8 | K64: =VLOOKUP(B64,$B$4:$K$36,2,0) -> 613.033 | L64: =VLOOKUP(B64,$B$4:$K$36,3,0) -> 669.325 | M64: =ROUND((L64-5)/12.5,0)-1 -> 52 | N64: =(L64-5-P64)/M64 -> 12.621635 | O64: =(K64-P64-5)/M64 -> 11.539096 | P64: 8 | Q64: =VLOOKUP($B64,$B$4:$K$36,7,0) -> 80 | R64: 8 | S64: =(Q64-2*J64)/R64 -> 8 | T64: =VLOOKUP($B64,$B$4:$K$36,4,0) -> 2000 | U64: =ROUNDDOWN(T64/V64,0)-1 -> 52 | V64: 37.5 | W64: =VLOOKUP($B64,$B$4:$K$36,5,0) -> 2000 | X64: =U64 -> 52 | Y64: =(W64-Z64*2)/X64 -> 37.5 | Z64: =(T64-U64*V64)/2 -> 25 | AA64: =L64-M64*12.5-5 -> 14.325
B65: =B30 -> 西U2-1 | C65: =VLOOKUP(B65,$B$4:$K$36,8,0) -> 2667 | D65: =ROUNDDOWN((C65/E65-1),0) -> 212 | E65: =12.5 -> 12.5 | F65: =C65-D65*E65-2*J65 -> 1 | G65: =VLOOKUP(B65,$B$4:$J$72,6,0) -> 70 | H65: 6 | I65: =(G65-J65*2)/H65 -> 9 | J65: 8 | K65: =VLOOKUP(B65,$B$4:$K$36,2,0) -> 669.41 | L65: =VLOOKUP(B65,$B$4:$K$36,3,0) -> 725.702 | M65: =ROUND((L65-5)/12.5,0)-1 -> 57 | N65: =(L65-5-P65)/M65 -> 12.503544 | O65: =(K65-P65-5)/M65 -> 11.515965 | P65: 8 | Q65: =VLOOKUP($B65,$B$4:$K$36,7,0) -> 80 | R65: 8 | S65: =(Q65-2*J65)/R65 -> 8 | T65: =VLOOKUP($B65,$B$4:$K$36,4,0) -> 2000 | U65: =ROUNDDOWN(T65/V65,0)-1 -> 50 | V65: 38.5 | W65: =VLOOKUP($B65,$B$4:$K$36,5,0) -> 2000 | X65: =U65 -> 50 | Y65: =(W65-Z65*2)/X65 -> 38.5 | Z65: =(T65-U65*V65)/2 -> 37.5 | AA65: =L65-M65*12.5-5 -> 8.202
B66: =B31 -> 西U6-2 | C66: =VLOOKUP(B66,$B$4:$K$36,8,0) -> 954.5 | D66: =ROUNDDOWN((C66/E66-1),0) -> 75 | E66: =12.5 -> 12.5 | F66: =C66-D66*E66-2*J66 -> 1 | G66: =VLOOKUP(B66,$B$4:$J$72,6,0) -> 50 | H66: 4 | I66: =(G66-J66*2)/H66 -> 8.5 | J66: 8 | K66: =VLOOKUP(B66,$B$4:$K$36,2,0) -> 375.682 | L66: =VLOOKUP(B66,$B$4:$K$36,3,0) -> 454.681 | M66: =ROUND((L66-5)/12.5,0)-1 -> 35 | N66: =(L66-5-P66)/M66 -> 12.619457 | O66: =(K66-P66-5)/M66 -> 10.362343 | P66: 8 | Q66: =VLOOKUP($B66,$B$4:$K$36,7,0) -> 60 | R66: 4 | S66: =(Q66-2*J66)/R66 -> 11 | T66: =VLOOKUP($B66,$B$4:$K$36,4,0) -> 2000 | U66: =ROUNDDOWN(T66/V66,0)-1 -> 49 | V66: 39.5 | W66: =VLOOKUP($B66,$B$4:$K$36,5,0) -> 2000 | X66: =U66 -> 49 | Y66: =(W66-Z66*2)/X66 -> 39.5 | Z66: =(T66-U66*V66)/2 -> 32.25 | AA66: =L66-M66*12.5-5 -> 12.181
B67: =B32 -> 西U5-2 | C67: =VLOOKUP(B67,$B$4:$K$36,8,0) -> 974.5 | D67: =ROUNDDOWN((C67/E67-1),0) -> 76 | E67: =12.5 -> 12.5 | F67: =C67-D67*E67-2*J67 -> 8.5 | G67: =VLOOKUP(B67,$B$4:$J$72,6,0) -> 60 | H67: 4 | I67: =(G67-J67*2)/H67 -> 11 | J67: 8 | K67: =VLOOKUP(B67,$B$4:$K$36,2,0) -> 454.799 | L67: =VLOOKUP(B67,$B$4:$K$36,3,0) -> 533.797 | M67: =ROUND((L67-5)/12.5,0)-1 -> 41 | N67: =(L67-5-P67)/M67 -> 12.702366 | O67: =(K67-P67-5)/M67 -> 10.775585 | P67: 8 | Q67: =VLOOKUP($B67,$B$4:$K$36,7,0) -> 70 | R67: 6 | S67: =(Q67-2*J67)/R67 -> 9 | T67: =VLOOKUP($B67,$B$4:$K$36,4,0) -> 2000 | U67: =ROUNDDOWN(T67/V67,0)-1 -> 48 | V67: 40.5 | W67: =VLOOKUP($B67,$B$4:$K$36,5,0) -> 2000 | X67: =U67 -> 48 | Y67: =(W67-Z67*2)/X67 -> 40.5 | Z67: =(T67-U67*V67)/2 -> 28 | AA67: =L67-M67*12.5-5 -> 16.297
B68: =B33 -> 西U4-2 | C68: =VLOOKUP(B68,$B$4:$K$36,8,0) -> 920 | D68: =ROUNDDOWN((C68/E68-1),0) -> 72 | E68: =12.5 -> 12.5 | F68: =C68-D68*E68-2*J68 -> 4 | G68: =VLOOKUP(B68,$B$4:$J$72,6,0) -> 60 | H68: 4 | I68: =(G68-J68*2)/H68 -> 11 | J68: 8 | K68: =VLOOKUP(B68,$B$4:$K$36,2,0) -> 533.916 | L68: =VLOOKUP(B68,$B$4:$K$36,3,0) -> 612.914 | M68: =ROUND((L68-5)/12.5,0)-1 -> 48 | N68: =(L68-5-P68)/M68 -> 12.498208 | O68: =(K68-P68-5)/M68 -> 10.852417 | P68: 8 | Q68: =VLOOKUP($B68,$B$4:$K$36,7,0) -> 70 | R68: 6 | S68: =(Q68-2*J68)/R68 -> 9 | T68: =VLOOKUP($B68,$B$4:$K$36,4,0) -> 2000 | U68: =ROUNDDOWN(T68/V68,0)-1 -> 47 | V68: 41.5 | W68: =VLOOKUP($B68,$B$4:$K$36,5,0) -> 2000 | X68: =U68 -> 47 | Y68: =(W68-Z68*2)/X68 -> 41.5 | Z68: =(T68-U68*V68)/2 -> 24.75 | AA68: =L68-M68*12.5-5 -> 7.914
B69: =B34 -> 西U3-2 | C69: =VLOOKUP(B69,$B$4:$K$36,8,0) -> 1243 | D69: =ROUNDDOWN((C69/E69-1),0) -> 98 | E69: =12.5 -> 12.5 | F69: =C69-D69*E69-2*J69 -> 2 | G69: =VLOOKUP(B69,$B$4:$J$72,6,0) -> 70 | H69: 6 | I69: =(G69-J69*2)/H69 -> 9 | J69: 8 | K69: =VLOOKUP(B69,$B$4:$K$36,2,0) -> 613.033 | L69: =VLOOKUP(B69,$B$4:$K$36,3,0) -> 669.325 | M69: =ROUND((L69-5)/12.5,0)-1 -> 52 | N69: =(L69-5-P69)/M69 -> 12.621635 | O69: =(K69-P69-5)/M69 -> 11.539096 | P69: 8 | Q69: =VLOOKUP($B69,$B$4:$K$36,7,0) -> 80 | R69: 8 | S69: =(Q69-2*J69)/R69 -> 8 | T69: =VLOOKUP($B69,$B$4:$K$36,4,0) -> 2000 | U69: =ROUNDDOWN(T69/V69,0)-1 -> 46 | V69: 42.5 | W69: =VLOOKUP($B69,$B$4:$K$36,5,0) -> 2000 | X69: =U69 -> 46 | Y69: =(W69-Z69*2)/X69 -> 42.5 | Z69: =(T69-U69*V69)/2 -> 22.5 | AA69: =L69-M69*12.5-5 -> 14.325
B70: =B35 -> 0 | C70: =VLOOKUP(B70,$B$4:$K$36,8,0) -> 60 | D70: =ROUNDDOWN((C70/E70-1),0) -> 3 | E70: =12.5 -> 12.5 | F70: =C70-D70*E70-2*J70 -> 6.5 | G70: =VLOOKUP(B70,$B$4:$J$72,6,0) -> 30 | H70: 34 | I70: =(G70-J70*2)/H70 -> 0.41176471 | J70: 8 | K70: =VLOOKUP(B70,$B$4:$K$36,2,0) -> 0 | L70: =VLOOKUP(B70,$B$4:$K$36,3,0) -> 0 | M70: =ROUND((L70-5)/12.5,0)-1 -> -1 | N70: =(L70-5-P70)/M70 -> 13 | O70: =(K70-P70-5)/M70 -> 13 | P70: 8 | Q70: =VLOOKUP($B70,$B$4:$K$36,7,0) -> 40 | R70: 35 | S70: =(Q70-2*J70)/R70 -> 0.68571429 | T70: =VLOOKUP($B70,$B$4:$K$36,4,0) -> 0 | U70: =ROUNDDOWN(T70/V70,0)-1 -> -1 | V70: 43.5 | W70: =VLOOKUP($B70,$B$4:$K$36,5,0) -> 0 | X70: =U70 -> -1 | Y70: =(W70-Z70*2)/X70 -> 43.5 | Z70: =(T70-U70*V70)/2 -> 21.75 | AA70: =L70-M70*12.5-5 -> 7.5
B74: =B4 -> 西U10 | E74: 钢筋参数 | H74: 节段编号 | I74: =B74 -> 西U10 | J74: 编号 | K74: 规格 | L74: 大样(cm) | M74: 单根长(cm) | N74: 根数 | O74: 总长度(m) | P74: 每米重(kg) | Q74: 总重量(kg) | R74: 改大样（cm） | V74: 弯钩
H76: 净高 | J76: N1 | K76: ='1.U型槽主筋验算'!K2 -> 14 | M76: =(R76+S76)/2+ROUNDUP((IF(K76<26,10.927,11.212))*K76/10,0)*2 -> 2804.126 | N76: =ROUNDUP((H79/12.5),0)*IF(I77>600,2,1) -> 160 | O76: =M76*N76/100 -> 4486.6016 | P76: =ROUND(K76^2*PI()/4/1000000*7850,3) -> 1.208 | Q76: =O76*P76 -> 5419.8147 | R76: =(H77+I81-I84*2)*2+(H83-I84*2)+(H81-I84*2)*2 -> 2741 | S76: =(I77+I81-I84*2)*2+(H83-I84*2)+(H81-I84*2)*2 -> 2803.252 | T76: =R78 -> 2373 | V76: =ROUNDUP((IF(K76<26,10.927,11.212))*K76/10,0) -> 16
E77: n | F77: n1' | G77: n1 | H77: =MIN(VLOOKUP(I74,$B$4:$J$70,2,0),VLOOKUP(I74,$B$4:$J$70,3,0)) -> 130 | I77: =MAX(VLOOKUP(I74,$B$4:$J$70,2,0),VLOOKUP(I74,$B$4:$J$70,3,0)) -> 161.126 | J77: N2 | K77: 12 | M77: =(R77+S77)/2+ROUNDUP((IF(K77<26,10.927,11.212))*K77/10,0)*2 -> 205.563 | N77: =ROUNDUP((H79/12.5*1),0)*2 -> 320 | O77: =M77*N77/100 -> 657.8016 | P77: =ROUND(K77^2*PI()/4/1000000*7850,3) -> 0.888 | Q77: =O77*P77 -> 584.12782 | R77: =H77+I81-I84*2 -> 162 | S77: =I77+I81-I84*2 -> 193.126 | T77: =ROUND(R77,1)&"~"&ROUND(S77,1) -> 162~193.1 | V77: =ROUNDUP((IF(K77<26,10.927,11.212))*K77/10,0) -> 14
E78: =VLOOKUP(I74,$B$39:$Z$70,3,0) -> 189 | F78: =VLOOKUP(I74,$B$39:$Z$70,17,0) -> 3 | G78: =VLOOKUP(I74,$B$39:$Z$70,12,0) -> 11 | H78: 节段宽 | J78: N3 | K78: 14 | M78: =R78+2*ROUNDUP((IF(K78<26,10.927,11.212))*K78/10,0) -> 2405 | N78: =ROUNDUP(H79/12.5,0) -> 160 | O78: =M78*N78/100 -> 3848 | P78: =ROUND(K78^2*PI()/4/1000000*7850,3) -> 1.208 | Q78: =O78*P78 -> 4648.384 | R78: =H83-I84*2 -> 2373 | S78: - | V78: =ROUNDUP((IF(K78<26,10.927,11.212))*K78/10,0) -> 16
E79: m1 | F79: m2 | G79: m | H79: =MAX(VLOOKUP(I74,$B$4:$J$70,4,0),VLOOKUP(I74,$B$4:$J$70,5,0)) -> 2000 | I79: =MIN(VLOOKUP(I74,$B$4:$J$70,4,0),VLOOKUP(I74,$B$4:$J$70,5,0)) -> 2000 | J79: N4 | K79: 14 | M79: =R79+2*ROUNDUP((IF(K79<26,10.927,11.212))*K79/10,0) -> 139.96551 | N79: =ROUNDUP(H79/12.5,0)*2 -> 320 | O79: =M79*N79/100 -> 447.88964 | P79: =ROUND(K79^2*PI()/4/1000000*7850,3) -> 1.208 | Q79: =O79*P79 -> 541.05068 | R79: =((H81+I81-I84*2)+(20-I84*2^0.5))*(2^0.5) -> 107.96551 | S79: - | V79: =ROUNDUP((IF(K79<26,10.927,11.212))*K79/10,0) -> 16
E80: =VLOOKUP(I74,$B$39:$Z$70,20,0) -> 159 | F80: =VLOOKUP(I74,$B$39:$Z$70,23,0) -> 159 | G80: =VLOOKUP(I74,$B$39:$Z$70,7,0) -> 2 | H80: 边墙厚 | I80: 底板厚 | J80: N5 | K80: 12 | M80: =(R80+S80)/2+2*ROUNDUP((IF(K80<26,10.927,11.212))*K80/10,0) -> 2020 | N80: =4*(G78+1)+(G80-1)*2 -> 50 | O80: =M80*N80/100 -> 1010 | P80: =ROUND(K80^2*PI()/4/1000000*7850,3) -> 0.888 | Q80: =O80*P80 -> 896.88 | R80: =H79-I84*2 -> 1992 | S80: =I79-I84*2 -> 1992 | T80: =ROUND(S80,1)&"~"&ROUND(R80,1) -> 1992~1992 | V80: =ROUNDUP((IF(K80<26,10.927,11.212))*K80/10,0) -> 14
H81: =VLOOKUP(I74,$B$4:$J$70,6,0) -> 30 | I81: =VLOOKUP(I74,$B$4:$J$70,7,0) -> 40 | J81: N6 | K81: 12 | M81: =(R81+S81)/2+2*ROUNDUP((IF(K81<26,10.927,11.212))*K81/10,0) -> 2028.2422 | N81: =2*(E78+1)+F78*2 -> 386 | O81: =M81*N81/100 -> 7829.0149 | P81: =ROUND(K81^2*PI()/4/1000000*7850,3) -> 0.888 | Q81: =O81*P81 -> 6952.1652 | R81: =((I77-H77)^2+H79^2)^0.5 -> 2000.2422 | S81: =((I77-H77)^2+I79^2)^0.5 -> 2000.2422 | T81: =ROUND(S81,1)&"~"&ROUND(R81,1) -> 2000.2~2000.2 | V81: =ROUNDUP((IF(K81<26,10.927,11.212))*K81/10,0) -> 14
E82: 工程量 | H82: 结构宽度 | J82: N7 | K82: 8 | M82: =R82+11 -> 43 | N82: =ROUNDDOWN(((VLOOKUP(I74,$B$39:$Z$70,2,0))/(VLOOKUP(I74,$B$39:$Z$70,4,0))-1),0)/4*((VLOOKUP(I74,$B$39:$Z$70,20,0))+1) -> 7560 | O82: =M82*N82/100 -> 3250.8 | P82: =ROUND(K82^2*PI()/4/1000000*7850,3) -> 0.395 | Q82: =O82*P82 -> 1284.066 | R82: =I81-2*I84 -> 32 | S82: - | X82: =VLOOKUP(I74,$B$39:$Z$70,4,0) -> 12.5
E83: c40 | F83: HPB300 | G83: HRB400 | H83: =VLOOKUP(I74,$B$4:$J$70,8,0) -> 2381 | J83: N8 | K83: 8 | M83: =R83+11 -> 33 | N83: =ROUND(E80/4*G78,0)*2 -> 874 | O83: =M83*N83/100 -> 288.42 | P83: =ROUND(K83^2*PI()/4/1000000*7850,3) -> 0.395 | Q83: =O83*P83 -> 113.9259 | R83: =H81-2*I84 -> 22 | S83: -
E84: =IF(I74=0,0,ROUND(((H77+I77)/2*H81*2+H83*I81+0.2*0.2+0.25*0.05*2)*(H79+I79)/2/1000000,1)) -> 207.9 | F84: =IF(I74=0,0,ROUND(Q82+Q83,1)) -> 1398 | G84: =IF(I74=0,0,ROUND(Q76+Q77+Q78+Q79+Q80+Q81,1)) -> 19042.4 | H84: 保护层 | I84: =$P$3 -> 4 | J84: 合计 | K84: ="C40混凝土:"&ROUND(((H77+I77)/2*H81*2+H83*I81+0.2*0.2+0.25*0.05*2)*(H79+I79)/2/1000000,1)&"m"&" "&"HPB300:"&ROUND(Q82+Q83,1)&"kg "&"HRB400:"&ROUND(Q76+Q77+Q78+Q79+Q80+Q81,1)&"kg" -> C40混凝土:207.9m HPB300:1398kg HRB400:19042.4kg | R84: 指标 | S84: =ROUND(SUM(Q76:Q83)/ROUND(((H77+I77)/2*H81*2+H83*I81+0.2*0.2+0.25*0.05*2)*(H79+I79)/2/1000000,1),1) -> 98.3
B86: =B5 -> 西U9 | E86: 钢筋参数 | H86: 节段编号 | I86: =B86 -> 西U9 | J86: 编号 | K86: 规格 | L86: 大样(cm) | M86: 单根长(cm) | N86: 根数 | O86: 总长度(m) | P86: 每米重(kg) | Q86: 总重量(kg) | R86: 改大样（cm） | V86: 弯钩
H88: 净高 | J88: N1 | K88: ='1.U型槽主筋验算'!K3 -> 14 | M88: =(R88+S88)/2+ROUNDUP((IF(K88<26,10.927,11.212))*K88/10,0)*2 -> 2820.575 | N88: =ROUNDUP((H91/12.5),0)*IF(I89>600,2,1) -> 160 | O88: =M88*N88/100 -> 4512.92 | P88: =ROUND(K88^2*PI()/4/1000000*7850,3) -> 1.208 | Q88: =O88*P88 -> 5451.6074 | R88: =(H89+I93-I96*2)*2+(H95-I96*2)+(H93-I96*2)*2 -> 2732.42 | S88: =(I89+I93-I96*2)*2+(H95-I96*2)+(H93-I96*2)*2 -> 2844.73 | T88: =R90 -> 2302 | V88: =ROUNDUP((IF(K88<26,10.927,11.212))*K88/10,0) -> 16
E89: n | F89: n1' | G89: n1 | H89: =MIN(VLOOKUP(I86,$B$4:$J$70,2,0),VLOOKUP(I86,$B$4:$J$70,3,0)) -> 161.21 | I89: =MAX(VLOOKUP(I86,$B$4:$J$70,2,0),VLOOKUP(I86,$B$4:$J$70,3,0)) -> 217.365 | J89: N2 | K89: 12 | M89: =(R89+S89)/2+ROUNDUP((IF(K89<26,10.927,11.212))*K89/10,0)*2 -> 249.2875 | N89: =ROUNDUP((H91/12.5*1),0)*2 -> 320 | O89: =M89*N89/100 -> 797.72 | P89: =ROUND(K89^2*PI()/4/1000000*7850,3) -> 0.888 | Q89: =O89*P89 -> 708.37536 | R89: =H89+I93-I96*2 -> 193.21 | S89: =I89+I93-I96*2 -> 249.365 | T89: =ROUND(R89,1)&"~"&ROUND(S89,1) -> 193.2~249.4 | V89: =ROUNDUP((IF(K89<26,10.927,11.212))*K89/10,0) -> 14
E90: =VLOOKUP(I86,$B$39:$Z$70,3,0) -> 183 | F90: =VLOOKUP(I86,$B$39:$Z$70,17,0) -> 3 | G90: =VLOOKUP(I86,$B$39:$Z$70,12,0) -> 16 | H90: 节段宽 | J90: N3 | K90: 14 | M90: =R90+2*ROUNDUP((IF(K90<26,10.927,11.212))*K90/10,0) -> 2334 | N90: =ROUNDUP(H91/12.5,0) -> 160 | O90: =M90*N90/100 -> 3734.4 | P90: =ROUND(K90^2*PI()/4/1000000*7850,3) -> 1.208 | Q90: =O90*P90 -> 4511.1552 | R90: =H95-I96*2 -> 2302 | S90: - | V90: =ROUNDUP((IF(K90<26,10.927,11.212))*K90/10,0) -> 16
E91: m1 | F91: m2 | G91: m | H91: =MAX(VLOOKUP(I86,$B$4:$J$70,4,0),VLOOKUP(I86,$B$4:$J$70,5,0)) -> 2000 | I91: =MIN(VLOOKUP(I86,$B$4:$J$70,4,0),VLOOKUP(I86,$B$4:$J$70,5,0)) -> 2000 | J91: N4 | K91: 14 | M91: =R91+2*ROUNDUP((IF(K91<26,10.927,11.212))*K91/10,0) -> 139.96551 | N91: =ROUNDUP(H91/12.5,0)*2 -> 320 | O91: =M91*N91/100 -> 447.88964 | P91: =ROUND(K91^2*PI()/4/1000000*7850,3) -> 1.208 | Q91: =O91*P91 -> 541.05068 | R91: =((H93+I93-I96*2)+(20-I96*2^0.5))*(2^0.5) -> 107.96551 | S91: - | V91: =ROUNDUP((IF(K91<26,10.927,11.212))*K91/10,0) -> 16
E92: =VLOOKUP(I86,$B$39:$Z$70,20,0) -> 147 | F92: =VLOOKUP(I86,$B$39:$Z$70,23,0) -> 147 | G92: =VLOOKUP(I86,$B$39:$Z$70,7,0) -> 2 | H92: 边墙厚 | I92: 底板厚 | J92: N5 | K92: 12 | M92: =(R92+S92)/2+2*ROUNDUP((IF(K92<26,10.927,11.212))*K92/10,0) -> 2020 | N92: =4*(G90+1)+(G92-1)*2 -> 70 | O92: =M92*N92/100 -> 1414 | P92: =ROUND(K92^2*PI()/4/1000000*7850,3) -> 0.888 | Q92: =O92*P92 -> 1255.632 | R92: =H91-I96*2 -> 1992 | S92: =I91-I96*2 -> 1992 | T92: =ROUND(S92,1)&"~"&ROUND(R92,1) -> 1992~1992 | V92: =ROUNDUP((IF(K92<26,10.927,11.212))*K92/10,0) -> 14
H93: =VLOOKUP(I86,$B$4:$J$70,6,0) -> 30 | I93: =VLOOKUP(I86,$B$4:$J$70,7,0) -> 40 | J93: N6 | K93: 12 | M93: =(R93+S93)/2+2*ROUNDUP((IF(K93<26,10.927,11.212))*K93/10,0) -> 2028.7882 | N93: =2*(E90+1)+F90*2 -> 374 | O93: =M93*N93/100 -> 7587.6678 | P93: =ROUND(K93^2*PI()/4/1000000*7850,3) -> 0.888 | Q93: =O93*P93 -> 6737.849 | R93: =((I89-H89)^2+H91^2)^0.5 -> 2000.7882 | S93: =((I89-H89)^2+I91^2)^0.5 -> 2000.7882 | T93: =ROUND(S93,1)&"~"&ROUND(R93,1) -> 2000.8~2000.8 | V93: =ROUNDUP((IF(K93<26,10.927,11.212))*K93/10,0) -> 14
E94: 工程量 | H94: 结构宽度 | J94: N7 | K94: 8 | M94: =R94+11 -> 43 | N94: =ROUNDDOWN(((VLOOKUP(I86,$B$39:$Z$70,2,0))/(VLOOKUP(I86,$B$39:$Z$70,4,0))-1),0)/4*((VLOOKUP(I86,$B$39:$Z$70,20,0))+1) -> 6771 | O94: =M94*N94/100 -> 2911.53 | P94: =ROUND(K94^2*PI()/4/1000000*7850,3) -> 0.395 | Q94: =O94*P94 -> 1150.0544 | R94: =I93-2*I96 -> 32 | S94: -
E95: c40 | F95: HPB300 | G95: HRB400 | H95: =VLOOKUP(I86,$B$4:$J$70,8,0) -> 2310 | J95: N8 | K95: 8 | M95: =R95+11 -> 33 | N95: =ROUND(E92/4*G90,0)*2 -> 1176 | O95: =M95*N95/100 -> 388.08 | P95: =ROUND(K95^2*PI()/4/1000000*7850,3) -> 0.395 | Q95: =O95*P95 -> 153.2916 | R95: =H93-2*I96 -> 22 | S95: -
E96: =IF(I86=0,0,ROUND(((H89+I89)/2*H93*2+H95*I93+0.2*0.2+0.25*0.05*2)*(H91+I91)/2/1000000,1)) -> 207.5 | F96: =IF(I86=0,0,ROUND(Q94+Q95,1)) -> 1303.3 | G96: =IF(I86=0,0,ROUND(Q88+Q89+Q90+Q91+Q92+Q93,1)) -> 19205.7 | H96: 保护层 | I96: =$P$3 -> 4 | J96: 合计 | K96: ="C40混凝土:"&ROUND(((H89+I89)/2*H93*2+H95*I93+0.2*0.2+0.25*0.05*2)*(H91+I91)/2/1000000,1)&"m"&" "&"HPB300:"&ROUND(Q94+Q95,1)&"kg "&"HRB400:"&ROUND(Q88+Q89+Q90+Q91+Q92+Q93,1)&"kg" -> C40混凝土:207.5m HPB300:1303.3kg HRB400:19205.7kg | R96: 指标 | S96: =ROUND(SUM(Q88:Q95)/ROUND(((H89+I89)/2*H93*2+H95*I93+0.2*0.2+0.25*0.05*2)*(H91+I91)/2/1000000,1),1) -> 98.8
B98: =B6 -> 西U8 | E98: 钢筋参数 | H98: 节段编号 | I98: =B98 -> 西U8 | J98: 编号 | K98: 规格 | L98: 大样(cm) | M98: 单根长(cm) | N98: 根数 | O98: 总长度(m) | P98: 每米重(kg) | Q98: 总重量(kg) | R98: 改大样（cm） | V98: 弯钩
H100: 净高 | J100: N1 | K100: ='1.U型槽主筋验算'!K4 -> 14 | M100: =(R100+S100)/2+ROUNDUP((IF(K100<26,10.927,11.212))*K100/10,0)*2 -> 2930.896 | N100: =ROUNDUP((H103/12.5),0)*IF(I101>600,2,1) -> 160 | O100: =M100*N100/100 -> 4689.4336 | P100: =ROUND(K100^2*PI()/4/1000000*7850,3) -> 1.208 | Q100: =O100*P100 -> 5664.8358 | R100: =(H101+I105-I108*2)*2+(H107-I108*2)+(H105-I108*2)*2 -> 2819.898 | S100: =(I101+I105-I108*2)*2+(H107-I108*2)+(H105-I108*2)*2 -> 2977.894 | T100: =R102 -> 2277 | V100: =ROUNDUP((IF(K100<26,10.927,11.212))*K100/10,0) -> 16
E101: n | F101: n1' | G101: n1 | H101: =MIN(VLOOKUP(I98,$B$4:$J$70,2,0),VLOOKUP(I98,$B$4:$J$70,3,0)) -> 217.449 | I101: =MAX(VLOOKUP(I98,$B$4:$J$70,2,0),VLOOKUP(I98,$B$4:$J$70,3,0)) -> 296.447 | J101: N2 | K101: 12 | M101: =(R101+S101)/2+ROUNDUP((IF(K101<26,10.927,11.212))*K101/10,0)*2 -> 316.948 | N101: =ROUNDUP((H103/12.5*1),0)*2 -> 320 | O101: =M101*N101/100 -> 1014.2336 | P101: =ROUND(K101^2*PI()/4/1000000*7850,3) -> 0.888 | Q101: =O101*P101 -> 900.63944 | R101: =H101+I105-I108*2 -> 249.449 | S101: =I101+I105-I108*2 -> 328.447 | T101: =ROUND(R101,1)&"~"&ROUND(S101,1) -> 249.4~328.4 | V101: =ROUNDUP((IF(K101<26,10.927,11.212))*K101/10,0) -> 14
E102: =VLOOKUP(I98,$B$39:$Z$70,3,0) -> 181 | F102: =VLOOKUP(I98,$B$39:$Z$70,17,0) -> 3 | G102: =VLOOKUP(I98,$B$39:$Z$70,12,0) -> 22 | H102: 节段宽 | J102: N3 | K102: 14 | M102: =R102+2*ROUNDUP((IF(K102<26,10.927,11.212))*K102/10,0) -> 2309 | N102: =ROUNDUP(H103/12.5,0) -> 160 | O102: =M102*N102/100 -> 3694.4 | P102: =ROUND(K102^2*PI()/4/1000000*7850,3) -> 1.208 | Q102: =O102*P102 -> 4462.8352 | R102: =H107-I108*2 -> 2277 | S102: - | V102: =ROUNDUP((IF(K102<26,10.927,11.212))*K102/10,0) -> 16
E103: m1 | F103: m2 | G103: m | H103: =MAX(VLOOKUP(I98,$B$4:$J$70,4,0),VLOOKUP(I98,$B$4:$J$70,5,0)) -> 2000 | I103: =MIN(VLOOKUP(I98,$B$4:$J$70,4,0),VLOOKUP(I98,$B$4:$J$70,5,0)) -> 2000 | J103: N4 | K103: 14 | M103: =R103+2*ROUNDUP((IF(K103<26,10.927,11.212))*K103/10,0) -> 139.96551 | N103: =ROUNDUP(H103/12.5,0)*2 -> 320 | O103: =M103*N103/100 -> 447.88964 | P103: =ROUND(K103^2*PI()/4/1000000*7850,3) -> 1.208 | Q103: =O103*P103 -> 541.05068 | R103: =((H105+I105-I108*2)+(20-I108*2^0.5))*(2^0.5) -> 107.96551 | S103: - | V103: =ROUNDUP((IF(K103<26,10.927,11.212))*K103/10,0) -> 16
E104: =VLOOKUP(I98,$B$39:$Z$70,20,0) -> 136 | F104: =VLOOKUP(I98,$B$39:$Z$70,23,0) -> 136 | G104: =VLOOKUP(I98,$B$39:$Z$70,7,0) -> 2 | H104: 边墙厚 | I104: 底板厚 | J104: N5 | K104: 12 | M104: =(R104+S104)/2+2*ROUNDUP((IF(K104<26,10.927,11.212))*K104/10,0) -> 2020 | N104: =4*(G102+1)+(G104-1)*2 -> 94 | O104: =M104*N104/100 -> 1898.8 | P104: =ROUND(K104^2*PI()/4/1000000*7850,3) -> 0.888 | Q104: =O104*P104 -> 1686.1344 | R104: =H103-I108*2 -> 1992 | S104: =I103-I108*2 -> 1992 | T104: =ROUND(S104,1)&"~"&ROUND(R104,1) -> 1992~1992 | V104: =ROUNDUP((IF(K104<26,10.927,11.212))*K104/10,0) -> 14
H105: =VLOOKUP(I98,$B$4:$J$70,6,0) -> 30 | I105: =VLOOKUP(I98,$B$4:$J$70,7,0) -> 40 | J105: N6 | K105: 12 | M105: =(R105+S105)/2+2*ROUNDUP((IF(K105<26,10.927,11.212))*K105/10,0) -> 2029.5596 | N105: =2*(E102+1)+F102*2 -> 370 | O105: =M105*N105/100 -> 7509.3704 | P105: =ROUND(K105^2*PI()/4/1000000*7850,3) -> 0.888 | Q105: =O105*P105 -> 6668.3209 | R105: =((I101-H101)^2+H103^2)^0.5 -> 2001.5596 | S105: =((I101-H101)^2+I103^2)^0.5 -> 2001.5596 | T105: =ROUND(S105,1)&"~"&ROUND(R105,1) -> 2001.6~2001.6 | V105: =ROUNDUP((IF(K105<26,10.927,11.212))*K105/10,0) -> 14
E106: 工程量 | H106: 结构宽度 | J106: N7 | K106: 8 | M106: =R106+11 -> 43 | N106: =ROUNDDOWN(((VLOOKUP(I98,$B$39:$Z$70,2,0))/(VLOOKUP(I98,$B$39:$Z$70,4,0))-1),0)/4*((VLOOKUP(I98,$B$39:$Z$70,20,0))+1) -> 6199.25 | O106: =M106*N106/100 -> 2665.6775 | P106: =ROUND(K106^2*PI()/4/1000000*7850,3) -> 0.395 | Q106: =O106*P106 -> 1052.9426 | R106: =I105-2*I108 -> 32 | S106: -
E107: c40 | F107: HPB300 | G107: HRB400 | H107: =VLOOKUP(I98,$B$4:$J$70,8,0) -> 2285 | J107: N8 | K107: 8 | M107: =R107+11 -> 33 | N107: =ROUND(E104/4*G102,0)*2 -> 1496 | O107: =M107*N107/100 -> 493.68 | P107: =ROUND(K107^2*PI()/4/1000000*7850,3) -> 0.395 | Q107: =O107*P107 -> 195.0036 | R107: =H105-2*I108 -> 22 | S107: -
E108: =IF(I98=0,0,ROUND(((H101+I101)/2*H105*2+H107*I105+0.2*0.2+0.25*0.05*2)*(H103+I103)/2/1000000,1)) -> 213.6 | F108: =IF(I98=0,0,ROUND(Q106+Q107,1)) -> 1247.9 | G108: =IF(I98=0,0,ROUND(Q100+Q101+Q102+Q103+Q104+Q105,1)) -> 19923.8 | H108: 保护层 | I108: =$P$3 -> 4 | J108: 合计 | K108: ="C40混凝土:"&ROUND(((H101+I101)/2*H105*2+H107*I105+0.2*0.2+0.25*0.05*2)*(H103+I103)/2/1000000,1)&"m"&" "&"HPB300:"&ROUND(Q106+Q107,1)&"kg "&"HRB400:"&ROUND(Q100+Q101+Q102+Q103+Q104+Q105,1)&"kg" -> C40混凝土:213.6m HPB300:1247.9kg HRB400:19923.8kg | R108: 指标 | S108: =ROUND(SUM(Q100:Q107)/ROUND(((H101+I101)/2*H105*2+H107*I105+0.2*0.2+0.25*0.05*2)*(H103+I103)/2/1000000,1),1) -> 99.1
B110: =B7 -> 西U7 | E110: 钢筋参数 | H110: 节段编号 | I110: =B110 -> 西U7 | J110: 编号 | K110: 规格 | L110: 大样(cm) | M110: 单根长(cm) | N110: 根数 | O110: 总长度(m) | P110: 每米重(kg) | Q110: 总重量(kg) | R110: 改大样（cm） | V110: 弯钩
H112: 净高 | J112: N1 | K112: ='1.U型槽主筋验算'!K5 -> 18 | M112: =(R112+S112)/2+ROUNDUP((IF(K112<26,10.927,11.212))*K112/10,0)*2 -> 3157.13 | N112: =ROUNDUP((H115/12.5),0)*IF(I113>600,2,1) -> 160 | O112: =M112*N112/100 -> 5051.408 | P112: =ROUND(K112^2*PI()/4/1000000*7850,3) -> 1.998 | Q112: =O112*P112 -> 10092.713 | R112: =(H113+I117-I120*2)*2+(H119-I120*2)+(H117-I120*2)*2 -> 3038.132 | S112: =(I113+I117-I120*2)*2+(H119-I120*2)+(H117-I120*2)*2 -> 3196.128 | T112: =R114 -> 2297 | V112: =ROUNDUP((IF(K112<26,10.927,11.212))*K112/10,0) -> 20
E113: n | F113: n1' | G113: n1 | H113: =MIN(VLOOKUP(I110,$B$4:$J$70,2,0),VLOOKUP(I110,$B$4:$J$70,3,0)) -> 296.566 | I113: =MAX(VLOOKUP(I110,$B$4:$J$70,2,0),VLOOKUP(I110,$B$4:$J$70,3,0)) -> 375.564 | J113: N2 | K113: 12 | M113: =(R113+S113)/2+ROUNDUP((IF(K113<26,10.927,11.212))*K113/10,0)*2 -> 406.065 | N113: =ROUNDUP((H115/12.5*1),0)*2 -> 320 | O113: =M113*N113/100 -> 1299.408 | P113: =ROUND(K113^2*PI()/4/1000000*7850,3) -> 0.888 | Q113: =O113*P113 -> 1153.8743 | R113: =H113+I117-I120*2 -> 338.566 | S113: =I113+I117-I120*2 -> 417.564 | T113: =ROUND(R113,1)&"~"&ROUND(S113,1) -> 338.6~417.6 | V113: =ROUNDUP((IF(K113<26,10.927,11.212))*K113/10,0) -> 14
E114: =VLOOKUP(I110,$B$39:$Z$70,3,0) -> 183 | F114: =VLOOKUP(I110,$B$39:$Z$70,17,0) -> 4 | G114: =VLOOKUP(I110,$B$39:$Z$70,12,0) -> 29 | H114: 节段宽 | J114: N3 | K114: 14 | M114: =R114+2*ROUNDUP((IF(K114<26,10.927,11.212))*K114/10,0) -> 2329 | N114: =ROUNDUP(H115/12.5,0) -> 160 | O114: =M114*N114/100 -> 3726.4 | P114: =ROUND(K114^2*PI()/4/1000000*7850,3) -> 1.208 | Q114: =O114*P114 -> 4501.4912 | R114: =H119-I120*2 -> 2297 | S114: - | V114: =ROUNDUP((IF(K114<26,10.927,11.212))*K114/10,0) -> 16
E115: m1 | F115: m2 | G115: m | H115: =MAX(VLOOKUP(I110,$B$4:$J$70,4,0),VLOOKUP(I110,$B$4:$J$70,5,0)) -> 2000 | I115: =MIN(VLOOKUP(I110,$B$4:$J$70,4,0),VLOOKUP(I110,$B$4:$J$70,5,0)) -> 2000 | J115: N4 | K115: 14 | M115: =R115+2*ROUNDUP((IF(K115<26,10.927,11.212))*K115/10,0) -> 168.24978 | N115: =ROUNDUP(H115/12.5,0)*2 -> 320 | O115: =M115*N115/100 -> 538.39931 | P115: =ROUND(K115^2*PI()/4/1000000*7850,3) -> 1.208 | Q115: =O115*P115 -> 650.38636 | R115: =((H117+I117-I120*2)+(20-I120*2^0.5))*(2^0.5) -> 136.24978 | S115: - | V115: =ROUNDUP((IF(K115<26,10.927,11.212))*K115/10,0) -> 16
E116: =VLOOKUP(I110,$B$39:$Z$70,20,0) -> 128 | F116: =VLOOKUP(I110,$B$39:$Z$70,23,0) -> 128 | G116: =VLOOKUP(I110,$B$39:$Z$70,7,0) -> 3 | H116: 边墙厚 | I116: 底板厚 | J116: N5 | K116: 12 | M116: =(R116+S116)/2+2*ROUNDUP((IF(K116<26,10.927,11.212))*K116/10,0) -> 2020 | N116: =4*(G114+1)+(G116-1)*2 -> 124 | O116: =M116*N116/100 -> 2504.8 | P116: =ROUND(K116^2*PI()/4/1000000*7850,3) -> 0.888 | Q116: =O116*P116 -> 2224.2624 | R116: =H115-I120*2 -> 1992 | S116: =I115-I120*2 -> 1992 | T116: =ROUND(S116,1)&"~"&ROUND(R116,1) -> 1992~1992 | V116: =ROUNDUP((IF(K116<26,10.927,11.212))*K116/10,0) -> 14
H117: =VLOOKUP(I110,$B$4:$J$70,6,0) -> 40 | I117: =VLOOKUP(I110,$B$4:$J$70,7,0) -> 50 | J117: N6 | K117: 12 | M117: =(R117+S117)/2+2*ROUNDUP((IF(K117<26,10.927,11.212))*K117/10,0) -> 2029.5596 | N117: =2*(E114+1)+F114*2 -> 376 | O117: =M117*N117/100 -> 7631.144 | P117: =ROUND(K117^2*PI()/4/1000000*7850,3) -> 0.888 | Q117: =O117*P117 -> 6776.4558 | R117: =((I113-H113)^2+H115^2)^0.5 -> 2001.5596 | S117: =((I113-H113)^2+I115^2)^0.5 -> 2001.5596 | T117: =ROUND(S117,1)&"~"&ROUND(R117,1) -> 2001.6~2001.6 | V117: =ROUNDUP((IF(K117<26,10.927,11.212))*K117/10,0) -> 14
E118: 工程量 | H118: 结构宽度 | J118: N7 | K118: 8 | M118: =R118+11 -> 53 | N118: =ROUNDDOWN(((VLOOKUP(I110,$B$39:$Z$70,2,0))/(VLOOKUP(I110,$B$39:$Z$70,4,0))-1),0)/4*((VLOOKUP(I110,$B$39:$Z$70,20,0))+1) -> 5901.75 | O118: =M118*N118/100 -> 3127.9275 | P118: =ROUND(K118^2*PI()/4/1000000*7850,3) -> 0.395 | Q118: =O118*P118 -> 1235.5314 | R118: =I117-2*I120 -> 42 | S118: -
E119: c40 | F119: HPB300 | G119: HRB400 | H119: =VLOOKUP(I110,$B$4:$J$70,8,0) -> 2305 | J119: N8 | K119: 8 | M119: =R119+11 -> 43 | N119: =ROUND(E116/4*G114,0)*2 -> 1856 | O119: =M119*N119/100 -> 798.08 | P119: =ROUND(K119^2*PI()/4/1000000*7850,3) -> 0.395 | Q119: =O119*P119 -> 315.2416 | R119: =H117-2*I120 -> 32 | S119: -
E120: =IF(I110=0,0,ROUND(((H113+I113)/2*H117*2+H119*I117+0.2*0.2+0.25*0.05*2)*(H115+I115)/2/1000000,1)) -> 284.3 | F120: =IF(I110=0,0,ROUND(Q118+Q119,1)) -> 1550.8 | G120: =IF(I110=0,0,ROUND(Q112+Q113+Q114+Q115+Q116+Q117,1)) -> 25399.2 | H120: 保护层 | I120: =$P$3 -> 4 | J120: 合计 | K120: ="C40混凝土:"&ROUND(((H113+I113)/2*H117*2+H119*I117+0.2*0.2+0.25*0.05*2)*(H115+I115)/2/1000000,1)&"m"&" "&"HPB300:"&ROUND(Q118+Q119,1)&"kg "&"HRB400:"&ROUND(Q112+Q113+Q114+Q115+Q116+Q117,1)&"kg" -> C40混凝土:284.3m HPB300:1550.8kg HRB400:25399.2kg | R120: 指标 | S120: =ROUND(SUM(Q112:Q119)/ROUND(((H113+I113)/2*H117*2+H119*I117+0.2*0.2+0.25*0.05*2)*(H115+I115)/2/1000000,1),1) -> 94.8
B122: =B8 -> 西U6 | E122: 钢筋参数 | H122: 节段编号 | I122: =B122 -> 西U6 | J122: 编号 | K122: 规格 | L122: 大样(cm) | M122: 单根长(cm) | N122: 根数 | O122: 总长度(m) | P122: 每米重(kg) | Q122: 总重量(kg) | R122: 改大样（cm） | V122: 弯钩
H124: 净高 | J124: N1 | K124: ='1.U型槽主筋验算'!K6 -> 22 | M124: =(R124+S124)/2+ROUNDUP((IF(K124<26,10.927,11.212))*K124/10,0)*2 -> 3385.363 | N124: =ROUNDUP((H127/12.5),0)*IF(I125>600,2,1) -> 160 | O124: =M124*N124/100 -> 5416.5808 | P124: =ROUND(K124^2*PI()/4/1000000*7850,3) -> 2.984 | Q124: =O124*P124 -> 16163.077 | R124: =(H125+I129-I132*2)*2+(H131-I132*2)+(H129-I132*2)*2 -> 3256.364 | S124: =(I125+I129-I132*2)*2+(H131-I132*2)+(H129-I132*2)*2 -> 3414.362 | T124: =R126 -> 2317 | V124: =ROUNDUP((IF(K124<26,10.927,11.212))*K124/10,0) -> 25
E125: n | F125: n1' | G125: n1 | H125: =MIN(VLOOKUP(I122,$B$4:$J$70,2,0),VLOOKUP(I122,$B$4:$J$70,3,0)) -> 375.682 | I125: =MAX(VLOOKUP(I122,$B$4:$J$70,2,0),VLOOKUP(I122,$B$4:$J$70,3,0)) -> 454.681 | J125: N2 | K125: 12 | M125: =(R125+S125)/2+ROUNDUP((IF(K125<26,10.927,11.212))*K125/10,0)*2 -> 495.1815 | N125: =ROUNDUP((H127/12.5*1),0)*2 -> 320 | O125: =M125*N125/100 -> 1584.5808 | P125: =ROUND(K125^2*PI()/4/1000000*7850,3) -> 0.888 | Q125: =O125*P125 -> 1407.1078 | R125: =H125+I129-I132*2 -> 427.682 | S125: =I125+I129-I132*2 -> 506.681 | T125: =ROUND(R125,1)&"~"&ROUND(S125,1) -> 427.7~506.7 | V125: =ROUNDUP((IF(K125<26,10.927,11.212))*K125/10,0) -> 14
E126: =VLOOKUP(I122,$B$39:$Z$70,3,0) -> 184 | F126: =VLOOKUP(I122,$B$39:$Z$70,17,0) -> 4 | G126: =VLOOKUP(I122,$B$39:$Z$70,12,0) -> 35 | H126: 节段宽 | J126: N3 | K126: 14 | M126: =R126+2*ROUNDUP((IF(K126<26,10.927,11.212))*K126/10,0) -> 2349 | N126: =ROUNDUP(H127/12.5,0) -> 160 | O126: =M126*N126/100 -> 3758.4 | P126: =ROUND(K126^2*PI()/4/1000000*7850,3) -> 1.208 | Q126: =O126*P126 -> 4540.1472 | R126: =H131-I132*2 -> 2317 | S126: - | V126: =ROUNDUP((IF(K126<26,10.927,11.212))*K126/10,0) -> 16
E127: m1 | F127: m2 | G127: m | H127: =MAX(VLOOKUP(I122,$B$4:$J$70,4,0),VLOOKUP(I122,$B$4:$J$70,5,0)) -> 2000 | I127: =MIN(VLOOKUP(I122,$B$4:$J$70,4,0),VLOOKUP(I122,$B$4:$J$70,5,0)) -> 2000 | J127: N4 | K127: 14 | M127: =R127+2*ROUNDUP((IF(K127<26,10.927,11.212))*K127/10,0) -> 196.53405 | N127: =ROUNDUP(H127/12.5,0)*2 -> 320 | O127: =M127*N127/100 -> 628.90897 | P127: =ROUND(K127^2*PI()/4/1000000*7850,3) -> 1.208 | Q127: =O127*P127 -> 759.72204 | R127: =((H129+I129-I132*2)+(20-I132*2^0.5))*(2^0.5) -> 164.53405 | S127: - | V127: =ROUNDUP((IF(K127<26,10.927,11.212))*K127/10,0) -> 16
E128: =VLOOKUP(I122,$B$39:$Z$70,20,0) -> 120 | F128: =VLOOKUP(I122,$B$39:$Z$70,23,0) -> 120 | G128: =VLOOKUP(I122,$B$39:$Z$70,7,0) -> 4 | H128: 边墙厚 | I128: 底板厚 | J128: N5 | K128: 12 | M128: =(R128+S128)/2+2*ROUNDUP((IF(K128<26,10.927,11.212))*K128/10,0) -> 2020 | N128: =4*(G126+1)+(G128-1)*2 -> 150 | O128: =M128*N128/100 -> 3030 | P128: =ROUND(K128^2*PI()/4/1000000*7850,3) -> 0.888 | Q128: =O128*P128 -> 2690.64 | R128: =H127-I132*2 -> 1992 | S128: =I127-I132*2 -> 1992 | T128: =ROUND(S128,1)&"~"&ROUND(R128,1) -> 1992~1992 | V128: =ROUNDUP((IF(K128<26,10.927,11.212))*K128/10,0) -> 14
...

Sheet 3.抗浮桩
B2: 名称 | D2: ='0.结构参数'!$B5 -> 西U10 | E2: ='0.结构参数'!$B6 -> 西U9 | F2: ='0.结构参数'!$B7 -> 西U8 | G2: ='0.结构参数'!$B8 -> 西U7 | H2: ='0.结构参数'!$B9 -> 西U6 | I2: ='0.结构参数'!$B10 -> 西U5 | J2: ='0.结构参数'!$B11 -> 西U4 | K2: ='0.结构参数'!$B12 -> 西U3 | L2: ='0.结构参数'!$B13 -> 西U2 | M2: ='0.结构参数'!$B14 -> 西U1 | N2: ='0.结构参数'!$B15 -> 东U1 | O2: ='0.结构参数'!$B16 -> 东U2 | P2: ='0.结构参数'!$B17 -> 东U3 | Q2: ='0.结构参数'!$B18 -> 东U4 | R2: ='0.结构参数'!$B19 -> 东U5 | S2: ='0.结构参数'!$B20 -> 东U6
B3: 节段长度 | D3: ='0.结构参数'!$D41 -> 20 | E3: ='0.结构参数'!$D42 -> 20 | F3: ='0.结构参数'!$D43 -> 20 | G3: ='0.结构参数'!$D44 -> 20 | H3: ='0.结构参数'!$D45 -> 20 | I3: ='0.结构参数'!$D46 -> 20 | J3: ='0.结构参数'!$D47 -> 20 | K3: ='0.结构参数'!$D48 -> 20 | L3: ='0.结构参数'!$D49 -> 20 | M3: ='0.结构参数'!$D50 -> 25 | N3: ='0.结构参数'!$D51 -> 8 | O3: ='0.结构参数'!$D52 -> 20 | P3: ='0.结构参数'!$D53 -> 20 | Q3: ='0.结构参数'!$D54 -> 20 | R3: ='0.结构参数'!$D55 -> 20 | S3: ='0.结构参数'!$D56 -> 20
B4: 边墙 | C4: 边墙高 | D4: =('0.结构参数'!$I41+'0.结构参数'!$J41)/2 -> 1.45563 | E4: =('0.结构参数'!$I42+'0.结构参数'!$J42)/2 -> 1.892875 | F4: =('0.结构参数'!$I43+'0.结构参数'!$J43)/2 -> 2.56948 | G4: =('0.结构参数'!$I44+'0.结构参数'!$J44)/2 -> 3.36065 | H4: =('0.结构参数'!$I45+'0.结构参数'!$J45)/2 -> 4.151815 | I4: =('0.结构参数'!$I46+'0.结构参数'!$J46)/2 -> 4.94298 | J4: =('0.结构参数'!$I47+'0.结构参数'!$J47)/2 -> 5.73415 | K4: =('0.结构参数'!$I48+'0.结构参数'!$J48)/2 -> 6.41179 | L4: =('0.结构参数'!$I49+'0.结构参数'!$J49)/2 -> 6.97556 | M4: =('0.结构参数'!$I50+'0.结构参数'!$J50)/2 -> 7.25702 | N4: =('0.结构参数'!$I51+'0.结构参数'!$J51)/2 -> 7.37547 | O4: =('0.结构参数'!$I52+'0.结构参数'!$J52)/2 -> 7.06732 | P4: =('0.结构参数'!$I53+'0.结构参数'!$J53)/2 -> 6.78347 | Q4: =('0.结构参数'!$I54+'0.结构参数'!$J54)/2 -> 6.10428 | R4: =('0.结构参数'!$I55+'0.结构参数'!$J55)/2 -> 5.3131 | S4: =('0.结构参数'!$I56+'0.结构参数'!$J56)/2 -> 4.52191
C5: 边墙宽度 | D5: ='0.结构参数'!$L41 -> 0.3 | E5: ='0.结构参数'!$L42 -> 0.3 | F5: ='0.结构参数'!$L43 -> 0.3 | G5: ='0.结构参数'!$L44 -> 0.4 | H5: ='0.结构参数'!$L45 -> 0.5 | I5: ='0.结构参数'!$L46 -> 0.6 | J5: ='0.结构参数'!$L47 -> 0.6 | K5: ='0.结构参数'!$L48 -> 0.7 | L5: ='0.结构参数'!$L49 -> 0.7 | M5: ='0.结构参数'!$L50 -> 0.7 | N5: ='0.结构参数'!$L51 -> 0.8 | O5: ='0.结构参数'!$L52 -> 0.7 | P5: ='0.结构参数'!$L53 -> 0.7 | Q5: ='0.结构参数'!$L54 -> 0.6 | R5: ='0.结构参数'!$L55 -> 0.6 | S5: ='0.结构参数'!$L56 -> 0.5
C6: 底板长度 | D6: =('0.结构参数'!$M41+'0.结构参数'!$N41)/2 -> 23.81 | E6: =('0.结构参数'!$M42+'0.结构参数'!$N42)/2 -> 23.1 | F6: =('0.结构参数'!$M43+'0.结构参数'!$N43)/2 -> 22.85 | G6: =('0.结构参数'!$M44+'0.结构参数'!$N44)/2 -> 23.05 | H6: =('0.结构参数'!$M45+'0.结构参数'!$N45)/2 -> 23.25 | I6: =('0.结构参数'!$M46+'0.结构参数'!$N46)/2 -> 23.45 | J6: =('0.结构参数'!$M47+'0.结构参数'!$N47)/2 -> 23.45 | K6: =('0.结构参数'!$M48+'0.结构参数'!$N48)/2 -> 23.65 | L6: =('0.结构参数'!$M49+'0.结构参数'!$N49)/2 -> 23.65 | M6: =('0.结构参数'!$M50+'0.结构参数'!$N50)/2 -> 23.65 | N6: =('0.结构参数'!$M51+'0.结构参数'!$N51)/2 -> 23.85 | O6: =('0.结构参数'!$M52+'0.结构参数'!$N52)/2 -> 23.65 | P6: =('0.结构参数'!$M53+'0.结构参数'!$N53)/2 -> 23.65 | Q6: =('0.结构参数'!$M54+'0.结构参数'!$N54)/2 -> 23.45 | R6: =('0.结构参数'!$M55+'0.结构参数'!$N55)/2 -> 23.45 | S6: =('0.结构参数'!$M56+'0.结构参数'!$N56)/2 -> 23.25
C7: 底板厚度 | D7: ='0.结构参数'!$K41 -> 0.4 | E7: ='0.结构参数'!$K42 -> 0.4 | F7: ='0.结构参数'!$K43 -> 0.4 | G7: ='0.结构参数'!$K44 -> 0.5 | H7: ='0.结构参数'!$K45 -> 0.6 | I7: ='0.结构参数'!$K46 -> 0.7 | J7: ='0.结构参数'!$K47 -> 0.7 | K7: ='0.结构参数'!$K48 -> 0.8 | L7: ='0.结构参数'!$K49 -> 0.8 | M7: ='0.结构参数'!$K50 -> 0.8 | N7: ='0.结构参数'!$K51 -> 0.9 | O7: ='0.结构参数'!$K52 -> 0.8 | P7: ='0.结构参数'!$K53 -> 0.8 | Q7: ='0.结构参数'!$K54 -> 0.7 | R7: ='0.结构参数'!$K55 -> 0.7 | S7: ='0.结构参数'!$K56 -> 0.6
B8: 机非分隔带 | C8: 高度 | D8: =('0.结构参数'!$T41+'0.结构参数'!$U41)/2 -> 1.65572 | E8: =('0.结构参数'!$T42+'0.结构参数'!$U42)/2 -> 1.65589 | F8: =('0.结构参数'!$T43+'0.结构参数'!$U43)/2 -> 1.60003 | G8: =('0.结构参数'!$T44+'0.结构参数'!$U44)/2 -> 1.60005 | H8: =('0.结构参数'!$T45+'0.结构参数'!$U45)/2 -> 1.600035 | I8: =('0.结构参数'!$T46+'0.结构参数'!$U46)/2 -> 1.60001 | J8: =('0.结构参数'!$T47+'0.结构参数'!$U47)/2 -> 1.63162 | K8: =('0.结构参数'!$T48+'0.结构参数'!$U48)/2 -> 1.6895 | L8: =('0.结构参数'!$T49+'0.结构参数'!$U499)/2 -> 1.10788 | M8: =('0.结构参数'!$T50+'0.结构参数'!$U50)/2 -> 1.964435 | N8: =('0.结构参数'!$T51+'0.结构参数'!$U51)/2 -> 2.32131 | O8: =('0.结构参数'!$T52+'0.结构参数'!$U52)/2 -> 1.954065 | P8: =('0.结构参数'!$T53+'0.结构参数'!$U53)/2 -> 1.746355 | Q8: =('0.结构参数'!$T54+'0.结构参数'!$U54)/2 -> 1.648985 | R8: =('0.结构参数'!$T55+'0.结构参数'!$U55)/2 -> 1.6 | S8: =('0.结构参数'!$T56+'0.结构参数'!$U56)/2 -> 1.6
C9: 厚度 | D9: =('0.结构参数'!$V41+'0.结构参数'!$W41)/2 -> 0.45 | E9: =('0.结构参数'!$V42+'0.结构参数'!$W42)/2 -> 0.45 | F9: =('0.结构参数'!$V43+'0.结构参数'!$W43)/2 -> 0.45 | G9: =('0.结构参数'!$V44+'0.结构参数'!$W44)/2 -> 0.45 | H9: =('0.结构参数'!$V45+'0.结构参数'!$W45)/2 -> 0.45 | I9: =('0.结构参数'!$V46+'0.结构参数'!$W46)/2 -> 0.45 | J9: =('0.结构参数'!$V47+'0.结构参数'!$W47)/2 -> 0.45 | K9: =('0.结构参数'!$V48+'0.结构参数'!$W48)/2 -> 0.45 | L9: =('0.结构参数'!$V49+'0.结构参数'!$W49)/2 -> 0.45 | M9: =('0.结构参数'!$V50+'0.结构参数'!$W50)/2 -> 0.45 | N9: =('0.结构参数'!$V51+'0.结构参数'!$W51)/2 -> 0.45 | O9: =('0.结构参数'!$V52+'0.结构参数'!$W52)/2 -> 0.45 | P9: =('0.结构参数'!$V53+'0.结构参数'!$W53)/2 -> 0.45 | Q9: =('0.结构参数'!$V54+'0.结构参数'!$W54)/2 -> 0.45 | R9: =('0.结构参数'!$V55+'0.结构参数'!$W55)/2 -> 0.45 | S9: =('0.结构参数'!$V56+'0.结构参数'!$W56)/2 -> 0.45
B10: 中分带 | C10: 高度 | D10: =('0.结构参数'!$O41+'0.结构参数'!$P41)/2 -> 1.358185 | E10: =('0.结构参数'!$O42+'0.结构参数'!$P42)/2 -> 1.447235 | F10: =('0.结构参数'!$O43+'0.结构参数'!$P43)/2 -> 1.62309 | G10: =('0.结构参数'!$O44+'0.结构参数'!$P44)/2 -> 1.91351 | H10: =('0.结构参数'!$O45+'0.结构参数'!$P45)/2 -> 2.203925 | I10: =('0.结构参数'!$O46+'0.结构参数'!$P46)/2 -> 2.49434 | J10: =('0.结构参数'!$O47+'0.结构参数'!$P47)/2 -> 2.78476 | K10: =('0.结构参数'!$O48+'0.结构参数'!$P48)/2 -> 2.96165 | L10: =('0.结构参数'!$O49+'0.结构参数'!$P49)/2 -> 3.072595 | M10: =('0.结构参数'!$O50+'0.结构参数'!$P50)/2 -> 3.05505 | N10: =('0.结构参数'!$O51+'0.结构参数'!$P51)/2 -> 3.32825 | O10: =('0.结构参数'!$O52+'0.结构参数'!$P52)/2 -> 3.13865 | P10: =('0.结构参数'!$O53+'0.结构参数'!$P53)/2 -> 3.013185 | Q10: =('0.结构参数'!$O54+'0.结构参数'!$P54)/2 -> 2.83436 | R10: =('0.结构参数'!$O55+'0.结构参数'!$P55)/2 -> 2.54393 | S10: =('0.结构参数'!$O56+'0.结构参数'!$P56)/2 -> 2.25349
C11: 厚度 | D11: =('0.结构参数'!$Q41+'0.结构参数'!$R41)/2 -> 1.75 | E11: =('0.结构参数'!$Q42+'0.结构参数'!$R42)/2 -> 1.75 | F11: =('0.结构参数'!$Q43+'0.结构参数'!$R43)/2 -> 1.75 | G11: =('0.结构参数'!$Q44+'0.结构参数'!$R44)/2 -> 1.75 | H11: =('0.结构参数'!$Q45+'0.结构参数'!$R45)/2 -> 1.75 | I11: =('0.结构参数'!$Q46+'0.结构参数'!$R46)/2 -> 1.75 | J11: =('0.结构参数'!$Q47+'0.结构参数'!$R47)/2 -> 1.75 | K11: =('0.结构参数'!$Q48+'0.结构参数'!$R48)/2 -> 1.75 | L11: =('0.结构参数'!$Q49+'0.结构参数'!$R49)/2 -> 1.75 | M11: =('0.结构参数'!$Q50+'0.结构参数'!$R50)/2 -> 1.75 | N11: =('0.结构参数'!$Q51+'0.结构参数'!$R51)/2 -> 1.75 | O11: =('0.结构参数'!$Q52+'0.结构参数'!$R52)/2 -> 1.75 | P11: =('0.结构参数'!$Q53+'0.结构参数'!$R53)/2 -> 1.75 | Q11: =('0.结构参数'!$Q54+'0.结构参数'!$R54)/2 -> 1.75 | R11: =('0.结构参数'!$Q55+'0.结构参数'!$R55)/2 -> 1.75 | S11: =('0.结构参数'!$Q56+'0.结构参数'!$R56)/2 -> 1.75
B12: 自重 | C12: 系数 | D12: 0.9 | E12: 0.9 | F12: 0.9 | G12: 0.9 | H12: 0.9 | I12: 0.9 | J12: 0.9 | K12: 0.9 | L12: 0.9 | M12: 0.9 | N12: 0.9 | O12: 0.9 | P12: 0.9 | Q12: 0.9 | R12: 0.9 | S12: 0.9
C13: 结构自重 | D13: =(D4*D5*2+D6*D7+D8*D9*2+D10*D11*2)*D3*25*D12 -> 7488.5281 | E13: =(E4*E5*2+E6*E7+E8*E9*2+E10*E11*2)*E3*25*E12 -> 7619.1068 | F13: =(F4*F5*2+F6*F7+F8*F9*2+F10*F11*2)*F3*25*F12 -> 8011.1385 | G13: =(G4*G5*2+G6*G7+G8*G9*2+G10*G11*2)*G3*25*G12 -> 10057.882 | H13: =(H4*H5*2+H6*H7+H8*H9*2+H10*H11*2)*H3*25*H12 -> 12265.013 | I13: =(I4*I5*2+I6*I7+I8*I9*2+I10*I11*2)*I3*25*I12 -> 14632.549 | J13: =(J4*J5*2+J6*J7+J8*J9*2+J10*J11*2)*J3*25*J12 -> 15529.994 | K13: =(K4*K5*2+K6*K7+K8*K9*2+K10*K11*2)*K3*25*K12 -> 17902.274 | ... S13: =(S4*S5*2+S6*S7+S8*S9*2+S10*S11*2)*S3*25*S12 -> 12509.606
B14: 浮力 | C14: 水位高度 | D14: =D4-1.2 -> 0.25563 | E14: =E4-1.2 -> 0.692875 | F14: =F4-1.2 -> 1.36948 | G14: =G4-1.2 -> 2.16065 | H14: =H4-1.2 -> 2.951815 | I14: =I4-1.2 -> 3.74298 | J14: =J4-1.2 -> 4.53415 | K14: =K4-1.2 -> 5.21179 | ... S14: =S4-1.2 -> 3.32191
C15: 计算宽度 | D15: =D6 -> 23.81 | E15: =E6 -> 23.1 | F15: =F6 -> 22.85 | G15: =G6 -> 23.05 | H15: =H6 -> 23.25 | I15: =I6 -> 23.45 | J15: =J6 -> 23.45 | K15: =K6 -> 23.65 | ... S15: =S6 -> 23.25
C16: 系数 | D16: 1.2 | E16: 1.2 | F16: 1.2 | G16: 1.2 | H16: 1.2 | I16: 1.2 | J16: 1.2 | K16: 1.2 | L16: 1.2 | M16: 1.2 | N16: 1.2 | O16: 1.2 | P16: 1.2 | Q16: 1.2 | R16: 1.2 | S16: 1.2
C17: 浮力 | D17: =D14*D15*D3*10*D16 -> 1460.7721 | E17: =E14*E15*E3*10*E16 -> 3841.299 | F17: =F14*F15*F3*10*F16 -> 7510.2283 | G17: =G14*G15*G3*10*G16 -> 11952.716 | H17: =H14*H15*H3*10*H16 -> 16471.128 | I17: =I14*I15*I3*10*I16 -> 21065.491 | J17: =J14*J15*J3*10*J16 -> 25518.196 | K17: =K14*K15*K3*10*K16 -> 29582.12 | ... S17: =S14*S15*S3*10*S16 -> 18536.258
B18: 是否需要设抗浮桩 | D18: =IF(D17>D13,"YES","NO") -> NO | E18: =IF(E17>E13,"YES","NO") -> NO | F18: =IF(F17>F13,"YES","NO") -> NO | G18: =IF(G17>G13,"YES","NO") -> YES | H18: =IF(H17>H13,"YES","NO") -> YES | I18: =IF(I17>I13,"YES","NO") -> YES | J18: =IF(J17>J13,"YES","NO") -> YES | K18: =IF(K17>K13,"YES","NO") -> YES | ... S18: =IF(S17>S13,"YES","NO") -> YES
B19: 桩长 | D19: 15 | E19: 15 | F19: 15 | G19: 15 | H19: 15 | I19: 15 | J19: 15 | K19: 15 | L19: 15 | M19: 15 | N19: 15 | O19: 15 | P19: 15 | Q19: 15 | R19: 15 | S19: 15
B20: 桩径 | D20: 1 | E20: 1 | F20: 1 | G20: 1 | H20: 1 | I20: 1 | J20: 1 | K20: 1 | L20: 1 | M20: 1 | N20: 1 | O20: 1 | P20: 1 | Q20: 1 | R20: 1 | S20: 1
B21: 单根桩自重 | D21: =(PI()*D20^2/4)*D19*(25-10) -> 176.71459 | E21: =(PI()*E20^2/4)*E19*(25-10) -> 176.71459 | F21: =(PI()*F20^2/4)*F19*(25-10) -> 176.71459 | G21: =(PI()*G20^2/4)*G19*(25-10) -> 176.71459 | H21: =(PI()*H20^2/4)*H19*(25-10) -> 176.71459 | I21: =(PI()*I20^2/4)*I19*(25-10) -> 176.71459 | J21: =(PI()*J20^2/4)*J19*(25-10) -> 176.71459 | K21: =(PI()*K20^2/4)*K19*(25-10) -> 176.71459 | ... S21: =(PI()*S20^2/4)*S19*(25-10) -> 176.71459
B22: 单根桩侧摩阻 | D22: =D44*0.3 -> 252.12773 | E22: =E44*0.3 -> 267.25038 | F22: =F44*0.3 -> 287.85351 | G22: =G44*0.3 -> 317.26212 | H22: =H44*0.3 -> 411.99827 | I22: =I44*0.3 -> 506.90681 | J22: =J44*0.3 -> 591.16641 | K22: =K44*0.3 -> 661.89413 | ... S22: =S44*0.3 -> 391.13491
B23: 钢格柱的自重和摩阻 | D23: 0 | E23: 0 | F23: 0 | G23: 0 | H23: 0 | I23: 0 | J23: 0 | K23: 0 | L23: 0 | M23: 0 | N23: 0 | O23: 0 | P23: 0 | Q23: 0 | R23: 0 | S23: 0
B24: 需要桩数量 | D24: =ROUNDUP((D17-D13)/(D22+D21+D23),0) -> -15 | E24: =ROUNDUP((E17-E13)/(E22+E21+E23),0) -> -9 | F24: =ROUNDUP((F17-F13)/(F22+F21+F23),0) -> -2 | G24: =ROUNDUP((G17-G13)/(G22+G21+G23),0) -> 4 | H24: =ROUNDUP((H17-H13)/(H22+H21+H23),0) -> 8 | I24: =ROUNDUP((I17-I13)/(I22+I21+I23),0) -> 10 | J24: =ROUNDUP((J17-J13)/(J22+J21+J23),0) -> 14 | K24: =ROUNDUP((K17-K13)/(K22+K21+K23),0) -> 14 | ... S24: =ROUNDUP((S17-S13)/(S22+S21+S23),0) -> 11 | W24: 300 | X24: 400
D25: 12 | E25: 12 | F25: 16 | G25: 16 | H25: 16 | I25: 20 | J25: 12 | K25: 20 | L25: 16 | M25: 16 | N25: 16 | O25: 12 | P25: 12 | Q25: 6 | R25: 6 | S25: 0 | T25: =SUM(D25:S25) -> 208 | V25: 11.8 | W25: 140.9 | X25: 984.5
B26: 钢筋面积 | D26: =(D22+D21)*1000/180/16 -> 148.90358 | E26: =(E22+E21)*1000/180/16 -> 154.1545 | F26: =(F22+F21)*1000/180/16 -> 161.30837 | G26: =(G22+G21)*1000/180/16 -> 171.51969 | H26: =(H22+H21)*1000/180/16 -> 204.41418 | I26: =(I22+I21)*1000/180/16 -> 237.36854 | J26: =(J22+J21)*1000/180/16 -> 266.62535 | K26: =(K22+K21)*1000/180/16 -> 291.18358 | ... S26: =(S22+S21)*1000/180/16 -> 197.16997 | V26: =$T$25*2*V25*2 -> 9817.6 | W26: =$T$25*2*W25*2 -> 117228.8 | X26: =$T$25*2*X25*2 -> 819104
B27: 主筋直径 | D27: 16 | E27: 16 | F27: 16 | G27: 16 | H27: 16 | I27: 16 | J27: 16 | K27: 16 | L27: 16 | M27: 16 | N27: 16 | O27: 16 | P27: 16 | Q27: 16 | R27: 16 | S27: 16
D29: =D2 -> 西U10 | E29: =E2 -> 西U9 | F29: =F2 -> 西U8 | G29: =G2 -> 西U7 | H29: =H2 -> 西U6 | I29: =I2 -> 西U5 | J29: =J2 -> 西U4 | K29: =K2 -> 西U3 | ... S29: =S2 -> 东U6
D30: =MIN('0.结构参数'!$G41,'0.结构参数'!$H41)-'0.结构参数'!$K41 -> 1.33674 | E30: =MIN('0.结构参数'!$G42,'0.结构参数'!$H42)-'0.结构参数'!$K42 -> 0.77435 | F30: =MIN('0.结构参数'!$G43,'0.结构参数'!$H43)-'0.结构参数'!$K43 -> -0.01647 | G30: =MIN('0.结构参数'!$G44,'0.结构参数'!$H44)-'0.结构参数'!$K44 -> -0.90764 | H30: =MIN('0.结构参数'!$G45,'0.结构参数'!$H45)-'0.结构参数'!$K45 -> -1.79881 | I30: =MIN('0.结构参数'!$G46,'0.结构参数'!$H46)-'0.结构参数'!$K46 -> -2.68997 | J30: =MIN('0.结构参数'!$G47,'0.结构参数'!$H47)-'0.结构参数'!$K47 -> -3.48114 | K30: =MIN('0.结构参数'!$G48,'0.结构参数'!$H48)-'0.结构参数'!$K48 -> -4.14525 | L30: =MIN('0.结构参数'!$G49,'0.结构参数'!$H49)-'0.结构参数'!$K49 -> -4.70902 | M30: =MIN('0.结构参数'!$G50,'0.结构参数'!$H50)-'0.结构参数'!$K50 -> -4.70902 | N30: =MIN('0.结构参数'!$G51,'0.结构参数'!$H51)-'0.结构参数'!$K51 -> -5.23477 | O30: =MIN('0.结构参数'!$G52,'0.结构参数'!$H52)-'0.结构参数'!$K52 -> -4.51932 | P30: =MIN('0.结构参数'!$G53,'0.结构参数'!$H53)-'0.结构参数'!$K53 -> -3.95247 | Q30: =MIN('0.结构参数'!$G54,'0.结构参数'!$H54)-'0.结构参数'!$K54 -> -3.28528 | R30: =MIN('0.结构参数'!$G55,'0.结构参数'!$H55)-'0.结构参数'!$K55 -> -2.4941 | S30: =MIN('0.结构参数'!$G56,'0.结构参数'!$H56)-'0.结构参数'!$K56 -> -1.60291
D31: =IF(($D$30-15>$W30),0,IF(($D$30-15)>=$W31,(15-($D$30-$W30)),IF($W31>=$D$30,0,IF($W30<$D$30,$W30-$W31,$D$30-$W31)))) -> 0 | E31: =IF(($E$30-15>$W30),0,IF(($E$30-15)>=$W31,(15-($E$30-$W30)),IF($W31>=$E$30,0,IF($W30<$E$30,$W30-$W31,$E$30-$W31)))) -> 0 | F31: =IF(($F$30-15>$W30),0,IF(($F$30-15)>=$W31,(15-($F$30-$W30)),IF($W31>=$F$30,0,IF($W30<$F$30,$W30-$W31,$F$30-$W31)))) -> 0 | G31: =IF(($G$30-15>$W30),0,IF(($G$30-15)>=$W31,(15-($G$30-$W30)),IF($W31>=$G$30,0,IF($W30<$G$30,$W30-$W31,$G$30-$W31)))) -> 0 | H31: =IF(($H$30-15>$W30),0,IF(($H$30-15)>=$W31,(15-($H$30-$W30)),IF($W31>=$H$30,0,IF($W30<$H$30,$W30-$W31,$H$30-$W31)))) -> 0 | I31: =IF(($I$30-15>$W30),0,IF(($I$30-15)>=$W31,(15-($I$30-$W30)),IF($W31>=$I$30,0,IF($W30<$I$30,$W30-$W31,$I$30-$W31)))) -> 0 | J31: =IF(($J$30-15>$W30),0,IF(($J$30-15)>=$W31,(15-($J$30-$W30)),IF($W31>=$J$30,0,IF($W30<$J$30,$W30-$W31,$J$30-$W31)))) -> 0 | K31: =IF(($K$30-15>$W30),0,IF(($K$30-15)>=$W31,(15-($K$30-$W30)),IF($W31>=$K$30,0,IF($W30<$K$30,$W30-$W31,$K$30-$W31)))) -> 0 | L31: =IF(($L$30-15>$W30),0,IF(($L$30-15)>=$W31,(15-($L$30-$W30)),IF($W31>=$L$30,0,IF($W30<$L$30,$W30-$W31,$L$30-$W31)))) -> 0 | M31: =IF(($M$30-15>$W30),0,IF(($M$30-15)>=$W31,(15-($M$30-$W30)),IF($W31>=$M$30,0,IF($W30<$M$30,$W30-$W31,$M$30-$W31)))) -> 0 | N31: =IF(($N$30-15>$W30),0,IF(($N$30-15)>=$W31,(15-($N$30-$W30)),IF($W31>=$N$30,0,IF($W30<$N$30,$W30-$W31,$N$30-$W31)))) -> 0 | O31: =IF(($O$30-15>$W30),0,IF(($O$30-15)>=$W31,(15-($O$30-$W30)),IF($W31>=$O$30,0,IF($W30<$O$30,$W30-$W31,$O$30-$W31)))) -> 0 | P31: =IF(($P$30-15>$W30),0,IF(($P$30-15)>=$W31,(15-($P$30-$W30)),IF($W31>=$P$30,0,IF($W30<$P$30,$W30-$W31,$P$30-$W31)))) -> 0 | Q31: =IF(($Q$30-15>$W30),0,IF(($Q$30-15)>=$W31,(15-($Q$30-$W30)),IF($W31>=$Q$30,0,IF($W30<$Q$30,$W30-$W31,$Q$30-$W31)))) -> 0 | R31: =IF(($R$30-15>$W30),0,IF(($R$30-15)>=$W31,(15-($R$30-$W30)),IF($W31>=$R$30,0,IF($W30<$R$30,$W30-$W31,$R$30-$W31)))) -> 0 | S31: =IF(($S$30-15>$W30),0,IF(($S$30-15)>=$W31,(15-($S$30-$W30)),IF($W31>=$S$30,0,IF($W30<$S$30,$W30-$W31,$S$30-$W31)))) -> 0 | T31: ='0.地勘及桩计算'!G7 -> 1 | U31: 1 | V31: 杂填土 | W31: ='0.地勘及桩计算'!J7 -> 1.97
D32: =IF(($D$30-15>$W31),0,IF(($D$30-15)>=$W32,(15-($D$30-$W31)),IF($W32>=$D$30,0,IF($W31<$D$30,$W31-$W32,$D$30-$W32)))) -> 1.26674 | E32: =IF(($E$30-15>$W31),0,IF(($E$30-15)>=$W32,(15-($E$30-$W31)),IF($W32>=$E$30,0,IF($W31<$E$30,$W31-$W32,$E$30-$W32)))) -> 0.70435 | F32: =IF(($F$30-15>$W31),0,IF(($F$30-15)>=$W32,(15-($F$30-$W31)),IF($W32>=$F$30,0,IF($W31<$F$30,$W31-$W32,$F$30-$W32)))) -> 0 | G32: =IF(($G$30-15>$W31),0,IF(($G$30-15)>=$W32,(15-($G$30-$W31)),IF($W32>=$G$30,0,IF($W31<$G$30,$W31-$W32,$G$30-$W32)))) -> 0 | H32: =IF(($H$30-15>$W31),0,IF(($H$30-15)>=$W32,(15-($H$30-$W31)),IF($W32>=$H$30,0,IF($W31<$H$30,$W31-$W32,$H$30-$W32)))) -> 0 | I32: =IF(($I$30-15>$W31),0,IF(($I$30-15)>=$W32,(15-($I$30-$W31)),IF($W32>=$I$30,0,IF($W31<$I$30,$W31-$W32,$I$30-$W32)))) -> 0 | J32: =IF(($J$30-15>$W31),0,IF(($J$30-15)>=$W32,(15-($J$30-$W31)),IF($W32>=$J$30,0,IF($W31<$J$30,$W31-$W32,$J$30-$W32)))) -> 0 | K32: =IF(($K$30-15>$W31),0,IF(($K$30-15)>=$W32,(15-($K$30-$W31)),IF($W32>=$K$30,0,IF($W31<$K$30,$W31-$W32,$K$30-$W32)))) -> 0 | L32: =IF(($L$30-15>$W31),0,IF(($L$30-15)>=$W32,(15-($L$30-$W31)),IF($W32>=$L$30,0,IF($W31<$L$30,$W31-$W32,$L$30-$W32)))) -> 0 | M32: =IF(($M$30-15>$W31),0,IF(($M$30-15)>=$W32,(15-($M$30-$W31)),IF($W32>=$M$30,0,IF($W31<$M$30,$W31-$W32,$M$30-$W32)))) -> 0 | N32: =IF(($N$30-15>$W31),0,IF(($N$30-15)>=$W32,(15-($N$30-$W31)),IF($W32>=$N$30,0,IF($W31<$N$30,$W31-$W32,$N$30-$W32)))) -> 0 | O32: =IF(($O$30-15>$W31),0,IF(($O$30-15)>=$W32,(15-($O$30-$W31)),IF($W32>=$O$30,0,IF($W31<$O$30,$W31-$W32,$O$30-$W32)))) -> 0 | P32: =IF(($P$30-15>$W31),0,IF(($P$30-15)>=$W32,(15-($P$30-$W31)),IF($W32>=$P$30,0,IF($W31<$P$30,$W31-$W32,$P$30-$W32)))) -> 0 | Q32: =IF(($Q$30-15>$W31),0,IF(($Q$30-15)>=$W32,(15-($Q$30-$W31)),IF($W32>=$Q$30,0,IF($W31<$Q$30,$W31-$W32,$Q$30-$W32)))) -> 0 | R32: =IF(($R$30-15>$W31),0,IF(($R$30-15)>=$W32,(15-($R$30-$W31)),IF($W32>=$R$30,0,IF($W31<$R$30,$W31-$W32,$R$30-$W32)))) -> 0 | S32: =IF(($S$30-15>$W31),0,IF(($S$30-15)>=$W32,(15-($S$30-$W31)),IF($W32>=$S$30,0,IF($W31<$S$30,$W31-$W32,$S$30-$W32)))) -> 0 | T32: ='0.地勘及桩计算'!G8 -> 38 | U32: 2 | V32: 黏土 | W32: ='0.地勘及桩计算'!J8 -> 0.07
D33: =IF(($D$30-15>$W32),0,IF(($D$30-15)>=$W33,(15-($D$30-$W32)),IF($W33>=$D$30,0,IF($W32<$D$30,$W32-$W33,$D$30-$W33)))) -> 7.3 | E33: =IF(($E$30-15>$W32),0,IF(($E$30-15)>=$W33,(15-($E$30-$W32)),IF($W33>=$E$30,0,IF($W32<$E$30,$W32-$W33,$E$30-$W33)))) -> 7.3 | F33: =IF(($F$30-15>$W32),0,IF(($F$30-15)>=$W33,(15-($F$30-$W32)),IF($W33>=$F$30,0,IF($W32<$F$30,$W32-$W33,$F$30-$W33)))) -> 7.21353 | G33: =IF(($G$30-15>$W32),0,IF(($G$30-15)>=$W33,(15-($G$30-$W32)),IF($W33>=$G$30,0,IF($W32<$G$30,$W32-$W33,$G$30-$W33)))) -> 6.32236 | H33: =IF(($H$30-15>$W32),0,IF(($H$30-15)>=$W33,(15-($H$30-$W32)),IF($W33>=$H$30,0,IF($W32<$H$30,$W32-$W33,$H$30-$W33)))) -> 5.43119 | I33: =IF(($I$30-15>$W32),0,IF(($I$30-15)>=$W33,(15-($I$30-$W32)),IF($W33>=$I$30,0,IF($W32<$I$30,$W32-$W33,$I$30-$W33)))) -> 4.54003 | J33: =IF(($J$30-15>$W32),0,IF(($J$30-15)>=$W33,(15-($J$30-$W32)),IF($W33>=$J$30,0,IF($W32<$J$30,$W32-$W33,$J$30-$W33)))) -> 3.74886 | K33: =IF(($K$30-15>$W32),0,IF(($K$30-15)>=$W33,(15-($K$30-$W32)),IF($W33>=$K$30,0,IF($W32<$K$30,$W32-$W33,$K$30-$W33)))) -> 3.08475 | L33: =IF(($L$30-15>$W32),0,IF(($L$30-15)>=$W33,(15-($L$30-$W32)),IF($W33>=$L$30,0,IF($W32<$L$30,$W32-$W33,$L$30-$W33)))) -> 2.52098 | M33: =IF(($M$30-15>$W32),0,IF(($M$30-15)>=$W33,(15-($M$30-$W32)),IF($W33>=$M$30,0,IF($W32<$M$30,$W32-$W33,$M$30-$W33)))) -> 2.52098 | N33: =IF(($N$30-15>$W32),0,IF(($N$30-15)>=$W33,(15-($N$30-$W32)),IF($W33>=$N$30,0,IF($W32<$N$30,$W32-$W33,$N$30-$W33)))) -> 1.99523 | O33: =IF(($O$30-15>$W32),0,IF(($O$30-15)>=$W33,(15-($O$30-$W32)),IF($W33>=$O$30,0,IF($W32<$O$30,$W32-$W33,$O$30-$W33)))) -> 2.71068 | P33: =IF(($P$30-15>$W32),0,IF(($P$30-15)>=$W33,(15-($P$30-$W32)),IF($W33>=$P$30,0,IF($W32<$P$30,$W32-$W33,$P$30-$W33)))) -> 3.27753 | Q33: =IF(($Q$30-15>$W32),0,IF(($Q$30-15)>=$W33,(15-($Q$30-$W32)),IF($W33>=$Q$30,0,IF($W32<$Q$30,$W32-$W33,$Q$30-$W33)))) -> 3.94472 | R33: =IF(($R$30-15>$W32),0,IF(($R$30-15)>=$W33,(15-($R$30-$W32)),IF($W33>=$R$30,0,IF($W32<$R$30,$W32-$W33,$R$30-$W33)))) -> 4.7359 | S33: =IF(($S$30-15>$W32),0,IF(($S$30-15)>=$W33,(15-($S$30-$W32)),IF($W33>=$S$30,0,IF($W32<$S$30,$W32-$W33,$S$30-$W33)))) -> 5.62709 | T33: ='0.地勘及桩计算'!G9 -> 12 | U33: 3 | V33: 淤泥 | W33: ='0.地勘及桩计算'!J9 -> -7.23
D34: =IF(($D$30-15>$W33),0,IF(($D$30-15)>=$W34,(15-($D$30-$W33)),IF($W34>=$D$30,0,IF($W33<$D$30,$W33-$W34,$D$30-$W34)))) -> 0.9 | E34: =IF(($E$30-15>$W33),0,IF(($E$30-15)>=$W34,(15-($E$30-$W33)),IF($W34>=$E$30,0,IF($W33<$E$30,$W33-$W34,$E$30-$W34)))) -> 0.9 | F34: =IF(($F$30-15>$W33),0,IF(($F$30-15)>=$W34,(15-($F$30-$W33)),IF($W34>=$F$30,0,IF($W33<$F$30,$W33-$W34,$F$30-$W34)))) -> 0.9 | G34: =IF(($G$30-15>$W33),0,IF(($G$30-15)>=$W34,(15-($G$30-$W33)),IF($W34>=$G$30,0,IF($W33<$G$30,$W33-$W34,$G$30-$W34)))) -> 0.9 | H34: =IF(($H$30-15>$W33),0,IF(($H$30-15)>=$W34,(15-($H$30-$W33)),IF($W34>=$H$30,0,IF($W33<$H$30,$W33-$W34,$H$30-$W34)))) -> 0.9 | I34: =IF(($I$30-15>$W33),0,IF(($I$30-15)>=$W34,(15-($I$30-$W33)),IF($W34>=$I$30,0,IF($W33<$I$30,$W33-$W34,$I$30-$W34)))) -> 0.9 | J34: =IF(($J$30-15>$W33),0,IF(($J$30-15)>=$W34,(15-($J$30-$W33)),IF($W34>=$J$30,0,IF($W33<$J$30,$W33-$W34,$J$30-$W34)))) -> 0.9 | K34: =IF(($K$30-15>$W33),0,IF(($K$30-15)>=$W34,(15-($K$30-$W33)),IF($W34>=$K$30,0,IF($W33<$K$30,$W33-$W34,$K$30-$W34)))) -> 0.9 | L34: =IF(($L$30-15>$W33),0,IF(($L$30-15)>=$W34,(15-($L$30-$W33)),IF($W34>=$L$30,0,IF($W33<$L$30,$W33-$W34,$L$30-$W34)))) -> 0.9 | M34: =IF(($M$30-15>$W33),0,IF(($M$30-15)>=$W34,(15-($M$30-$W33)),IF($W34>=$M$30,0,IF($W33<$M$30,$W33-$W34,$M$30-$W34)))) -> 0.9 | N34: =IF(($N$30-15>$W33),0,IF(($N$30-15)>=$W34,(15-($N$30-$W33)),IF($W34>=$N$30,0,IF($W33<$N$30,$W33-$W34,$N$30-$W34)))) -> 0.9 | O34: =IF(($O$30-15>$W33),0,IF(($O$30-15)>=$W34,(15-($O$30-$W33)),IF($W34>=$O$30,0,IF($W33<$O$30,$W33-$W34,$O$30-$W34)))) -> 0.9 | P34: =IF(($P$30-15>$W33),0,IF(($P$30-15)>=$W34,(15-($P$30-$W33)),IF($W34>=$P$30,0,IF($W33<$P$30,$W33-$W34,$P$30-$W34)))) -> 0.9 | Q34: =IF(($Q$30-15>$W33),0,IF(($Q$30-15)>=$W34,(15-($Q$30-$W33)),IF($W34>=$Q$30,0,IF($W33<$Q$30,$W33-$W34,$Q$30-$W34)))) -> 0.9 | R34: =IF(($R$30-15>$W33),0,IF(($R$30-15)>=$W34,(15-($R$30-$W33)),IF($W34>=$R$30,0,IF($W33<$R$30,$W33-$W34,$R$30-$W34)))) -> 0.9 | S34: =IF(($S$30-15>$W33),0,IF(($S$30-15)>=$W34,(15-($S$30-$W33)),IF($W34>=$S$30,0,IF($W33<$S$30,$W33-$W34,$S$30-$W34)))) -> 0.9 | T34: ='0.地勘及桩计算'!G10 -> 37 | U34: 4 | V34: 粉土 | W34: ='0.地勘及桩计算'!J10 -> -8.13
D35: =IF(($D$30-15>$W34),0,IF(($D$30-15)>=$W35,(15-($D$30-$W34)),IF($W35>=$D$30,0,IF($W34<$D$30,$W34-$W35,$D$30-$W35)))) -> 0 | E35: =IF(($E$30-15>$W34),0,IF(($E$30-15)>=$W35,(15-($E$30-$W34)),IF($W35>=$E$30,0,IF($W34<$E$30,$W34-$W35,$E$30-$W35)))) -> 0 | F35: =IF(($F$30-15>$W34),0,IF(($F$30-15)>=$W35,(15-($F$30-$W34)),IF($W35>=$F$30,0,IF($W34<$F$30,$W34-$W35,$F$30-$W35)))) -> 0 | G35: =IF(($G$30-15>$W34),0,IF(($G$30-15)>=$W35,(15-($G$30-$W34)),IF($W35>=$G$30,0,IF($W34<$G$30,$W34-$W35,$G$30-$W35)))) -> 0 | H35: =IF(($H$30-15>$W34),0,IF(($H$30-15)>=$W35,(15-($H$30-$W34)),IF($W35>=$H$30,0,IF($W34<$H$30,$W34-$W35,$H$30-$W35)))) -> 0 | I35: =IF(($I$30-15>$W34),0,IF(($I$30-15)>=$W35,(15-($I$30-$W34)),IF($W35>=$I$30,0,IF($W34<$I$30,$W34-$W35,$I$30-$W35)))) -> 0 | J35: =IF(($J$30-15>$W34),0,IF(($J$30-15)>=$W35,(15-($J$30-$W34)),IF($W35>=$J$30,0,IF($W34<$J$30,$W34-$W35,$J$30-$W35)))) -> 0 | K35: =IF(($K$30-15>$W34),0,IF(($K$30-15)>=$W35,(15-($K$30-$W34)),IF($W35>=$K$30,0,IF($W34<$K$30,$W34-$W35,$K$30-$W35)))) -> 0 | L35: =IF(($L$30-15>$W34),0,IF(($L$30-15)>=$W35,(15-($L$30-$W34)),IF($W35>=$L$30,0,IF($W34<$L$30,$W34-$W35,$L$30-$W35)))) -> 0 | M35: =IF(($M$30-15>$W34),0,IF(($M$30-15)>=$W35,(15-($M$30-$W34)),IF($W35>=$M$30,0,IF($W34<$M$30,$W34-$W35,$M$30-$W35)))) -> 0 | N35: =IF(($N$30-15>$W34),0,IF(($N$30-15)>=$W35,(15-($N$30-$W34)),IF($W35>=$N$30,0,IF($W34<$N$30,$W34-$W35,$N$30-$W35)))) -> 0 | O35: =IF(($O$30-15>$W34),0,IF(($O$30-15)>=$W35,(15-($O$30-$W34)),IF($W35>=$O$30,0,IF($W34<$O$30,$W34-$W35,$O$30-$W35)))) -> 0 | P35: =IF(($P$30-15>$W34),0,IF(($P$30-15)>=$W35,(15-($P$30-$W34)),IF($W35>=$P$30,0,IF($W34<$P$30,$W34-$W35,$P$30-$W35)))) -> 0 | Q35: =IF(($Q$30-15>$W34),0,IF(($Q$30-15)>=$W35,(15-($Q$30-$W34)),IF($W35>=$Q$30,0,IF($W34<$Q$30,$W34-$W35,$Q$30-$W35)))) -> 0 | R35: =IF(($R$30-15>$W34),0,IF(($R$30-15)>=$W35,(15-($R$30-$W34)),IF($W35>=$R$30,0,IF($W34<$R$30,$W34-$W35,$R$30-$W35)))) -> 0 | S35: =IF(($S$30-15>$W34),0,IF(($S$30-15)>=$W35,(15-($S$30-$W34)),IF($W35>=$S$30,0,IF($W34<$S$30,$W34-$W35,$S$30-$W35)))) -> 0 | T35: ='0.地勘及桩计算'!G11 -> 1 | U35: 5-1 | V35: 粉细砂 | W35: ='0.地勘及桩计算'!J11 -> -8.13
D36: =IF(($D$30-15>$W35),0,IF(($D$30-15)>=$W36,(15-($D$30-$W35)),IF($W36>=$D$30,0,IF($W35<$D$30,$W35-$W36,$D$30-$W36)))) -> 3.2 | E36: =IF(($E$30-15>$W35),0,IF(($E$30-15)>=$W36,(15-($E$30-$W35)),IF($W36>=$E$30,0,IF($W35<$E$30,$W35-$W36,$E$30-$W36)))) -> 3.2 | F36: =IF(($F$30-15>$W35),0,IF(($F$30-15)>=$W36,(15-($F$30-$W35)),IF($W36>=$F$30,0,IF($W35<$F$30,$W35-$W36,$F$30-$W36)))) -> 3.2 | G36: =IF(($G$30-15>$W35),0,IF(($G$30-15)>=$W36,(15-($G$30-$W35)),IF($W36>=$G$30,0,IF($W35<$G$30,$W35-$W36,$G$30-$W36)))) -> 3.2 | H36: =IF(($H$30-15>$W35),0,IF(($H$30-15)>=$W36,(15-($H$30-$W35)),IF($W36>=$H$30,0,IF($W35<$H$30,$W35-$W36,$H$30-$W36)))) -> 3.2 | I36: =IF(($I$30-15>$W35),0,IF(($I$30-15)>=$W36,(15-($I$30-$W35)),IF($W36>=$I$30,0,IF($W35<$I$30,$W35-$W36,$I$30-$W36)))) -> 3.2 | J36: =IF(($J$30-15>$W35),0,IF(($J$30-15)>=$W36,(15-($J$30-$W35)),IF($W36>=$J$30,0,IF($W35<$J$30,$W35-$W36,$J$30-$W36)))) -> 3.2 | K36: =IF(($K$30-15>$W35),0,IF(($K$30-15)>=$W36,(15-($K$30-$W35)),IF($W36>=$K$30,0,IF($W35<$K$30,$W35-$W36,$K$30-$W36)))) -> 3.2 | L36: =IF(($L$30-15>$W35),0,IF(($L$30-15)>=$W36,(15-($L$30-$W35)),IF($W36>=$L$30,0,IF($W35<$L$30,$W35-$W36,$L$30-$W36)))) -> 3.2 | M36: =IF(($M$30-15>$W35),0,IF(($M$30-15)>=$W36,(15-($M$30-$W35)),IF($W36>=$M$30,0,IF($W35<$M$30,$W35-$W36,$M$30-$W36)))) -> 3.2 | N36: =IF(($N$30-15>$W35),0,IF(($N$30-15)>=$W36,(15-($N$30-$W35)),IF($W36>=$N$30,0,IF($W35<$N$30,$W35-$W36,$N$30-$W36)))) -> 3.2 | O36: =IF(($O$30-15>$W35),0,IF(($O$30-15)>=$W36,(15-($O$30-$W35)),IF($W36>=$O$30,0,IF($W35<$O$30,$W35-$W36,$O$30-$W36)))) -> 3.2 | P36: =IF(($P$30-15>$W35),0,IF(($P$30-15)>=$W36,(15-($P$30-$W35)),IF($W36>=$P$30,0,IF($W35<$P$30,$W35-$W36,$P$30-$W36)))) -> 3.2 | Q36: =IF(($Q$30-15>$W35),0,IF(($Q$30-15)>=$W36,(15-($Q$30-$W35)),IF($W36>=$Q$30,0,IF($W35<$Q$30,$W35-$W36,$Q$30-$W36)))) -> 3.2 | R36: =IF(($R$30-15>$W35),0,IF(($R$30-15)>=$W36,(15-($R$30-$W35)),IF($W36>=$R$30,0,IF($W35<$R$30,$W35-$W36,$R$30-$W36)))) -> 3.2 | S36: =IF(($S$30-15>$W35),0,IF(($S$30-15)>=$W36,(15-($S$30-$W35)),IF($W36>=$S$30,0,IF($W35<$S$30,$W35-$W36,$S$30-$W36)))) -> 3.2 | T36: ='0.地勘及桩计算'!G12 -> 122 | U36: 5-2 | V36: 中粗砂 | W36: ='0.地勘及桩计算'!J12 -> -11.33
D37: =IF(($D$30-15>$W36),0,IF(($D$30-15)>=$W37,(15-($D$30-$W36)),IF($W37>=$D$30,0,IF($W36<$D$30,$W36-$W37,$D$30-$W37)))) -> 2 | E37: =IF(($E$30-15>$W36),0,IF(($E$30-15)>=$W37,(15-($E$30-$W36)),IF($W37>=$E$30,0,IF($W36<$E$30,$W36-$W37,$E$30-$W37)))) -> 2 | F37: =IF(($F$30-15>$W36),0,IF(($F$30-15)>=$W37,(15-($F$30-$W36)),IF($W37>=$F$30,0,IF($W36<$F$30,$W36-$W37,$F$30-$W37)))) -> 2 | G37: =IF(($G$30-15>$W36),0,IF(($G$30-15)>=$W37,(15-($G$30-$W36)),IF($W37>=$G$30,0,IF($W36<$G$30,$W36-$W37,$G$30-$W37)))) -> 2 | H37: =IF(($H$30-15>$W36),0,IF(($H$30-15)>=$W37,(15-($H$30-$W36)),IF($W37>=$H$30,0,IF($W36<$H$30,$W36-$W37,$H$30-$W37)))) -> 2 | I37: =IF(($I$30-15>$W36),0,IF(($I$30-15)>=$W37,(15-($I$30-$W36)),IF($W37>=$I$30,0,IF($W36<$I$30,$W36-$W37,$I$30-$W37)))) -> 2 | J37: =IF(($J$30-15>$W36),0,IF(($J$30-15)>=$W37,(15-($J$30-$W36)),IF($W37>=$J$30,0,IF($W36<$J$30,$W36-$W37,$J$30-$W37)))) -> 2 | K37: =IF(($K$30-15>$W36),0,IF(($K$30-15)>=$W37,(15-($K$30-$W36)),IF($W37>=$K$30,0,IF($W36<$K$30,$W36-$W37,$K$30-$W37)))) -> 2 | L37: =IF(($L$30-15>$W36),0,IF(($L$30-15)>=$W37,(15-($L$30-$W36)),IF($W37>=$L$30,0,IF($W36<$L$30,$W36-$W37,$L$30-$W37)))) -> 2 | M37: =IF(($M$30-15>$W36),0,IF(($M$30-15)>=$W37,(15-($M$30-$W36)),IF($W37>=$M$30,0,IF($W36<$M$30,$W36-$W37,$M$30-$W37)))) -> 2 | N37: =IF(($N$30-15>$W36),0,IF(($N$30-15)>=$W37,(15-($N$30-$W36)),IF($W37>=$N$30,0,IF($W36<$N$30,$W36-$W37,$N$30-$W37)))) -> 2 | O37: =IF(($O$30-15>$W36),0,IF(($O$30-15)>=$W37,(15-($O$30-$W36)),IF($W37>=$O$30,0,IF($W36<$O$30,$W36-$W37,$O$30-$W37)))) -> 2 | P37: =IF(($P$30-15>$W36),0,IF(($P$30-15)>=$W37,(15-($P$30-$W36)),IF($W37>=$P$30,0,IF($W36<$P$30,$W36-$W37,$P$30-$W37)))) -> 2 | Q37: =IF(($Q$30-15>$W36),0,IF(($Q$30-15)>=$W37,(15-($Q$30-$W36)),IF($W37>=$Q$30,0,IF($W36<$Q$30,$W36-$W37,$Q$30-$W37)))) -> 2 | R37: =IF(($R$30-15>$W36),0,IF(($R$30-15)>=$W37,(15-($R$30-$W36)),IF($W37>=$R$30,0,IF($W36<$R$30,$W36-$W37,$R$30-$W37)))) -> 2 | S37: =IF(($S$30-15>$W36),0,IF(($S$30-15)>=$W37,(15-($S$30-$W36)),IF($W37>=$S$30,0,IF($W36<$S$30,$W36-$W37,$S$30-$W37)))) -> 2 | T37: ='0.地勘及桩计算'!G13 -> 117 | U37: 6 | V37: 含砂姜黏土 | W37: ='0.地勘及桩计算'!J13 -> -13.33
D38: =IF(($D$30-15>$W37),0,IF(($D$30-15)>=$W38,(15-($D$30-$W37)),IF($W38>=$D$30,0,IF($W37<$D$30,$W37-$W38,$D$30-$W38)))) -> 0.33326 | E38: =IF(($E$30-15>$W37),0,IF(($E$30-15)>=$W38,(15-($E$30-$W37)),IF($W38>=$E$30,0,IF($W37<$E$30,$W37-$W38,$E$30-$W38)))) -> 0.5 | F38: =IF(($F$30-15>$W37),0,IF(($F$30-15)>=$W38,(15-($F$30-$W37)),IF($W38>=$F$30,0,IF($W37<$F$30,$W37-$W38,$F$30-$W38)))) -> 0.5 | G38: =IF(($G$30-15>$W37),0,IF(($G$30-15)>=$W38,(15-($G$30-$W37)),IF($W38>=$G$30,0,IF($W37<$G$30,$W37-$W38,$G$30-$W38)))) -> 0.5 | H38: =IF(($H$30-15>$W37),0,IF(($H$30-15)>=$W38,(15-($H$30-$W37)),IF($W38>=$H$30,0,IF($W37<$H$30,$W37-$W38,$H$30-$W38)))) -> 0.5 | I38: =IF(($I$30-15>$W37),0,IF(($I$30-15)>=$W38,(15-($I$30-$W37)),IF($W38>=$I$30,0,IF($W37<$I$30,$W37-$W38,$I$30-$W38)))) -> 0.5 | J38: =IF(($J$30-15>$W37),0,IF(($J$30-15)>=$W38,(15-($J$30-$W37)),IF($W38>=$J$30,0,IF($W37<$J$30,$W37-$W38,$J$30-$W38)))) -> 0.5 | K38: =IF(($K$30-15>$W37),0,IF(($K$30-15)>=$W38,(15-($K$30-$W37)),IF($W38>=$K$30,0,IF($W37<$K$30,$W37-$W38,$K$30-$W38)))) -> 0.5 | L38: =IF(($L$30-15>$W37),0,IF(($L$30-15)>=$W38,(15-($L$30-$W37)),IF($W38>=$L$30,0,IF($W37<$L$30,$W37-$W38,$L$30-$W38)))) -> 0.5 | M38: =IF(($M$30-15>$W37),0,IF(($M$30-15)>=$W38,(15-($M$30-$W37)),IF($W38>=$M$30,0,IF($W37<$M$30,$W37-$W38,$M$30-$W38)))) -> 0.5 | N38: =IF(($N$30-15>$W37),0,IF(($N$30-15)>=$W38,(15-($N$30-$W37)),IF($W38>=$N$30,0,IF($W37<$N$30,$W37-$W38,$N$30-$W38)))) -> 0.5 | O38: =IF(($O$30-15>$W37),0,IF(($O$30-15)>=$W38,(15-($O$30-$W37)),IF($W38>=$O$30,0,IF($W37<$O$30,$W37-$W38,$O$30-$W38)))) -> 0.5 | P38: =IF(($P$30-15>$W37),0,IF(($P$30-15)>=$W38,(15-($P$30-$W37)),IF($W38>=$P$30,0,IF($W37<$P$30,$W37-$W38,$P$30-$W38)))) -> 0.5 | Q38: =IF(($Q$30-15>$W37),0,IF(($Q$30-15)>=$W38,(15-($Q$30-$W37)),IF($W38>=$Q$30,0,IF($W37<$Q$30,$W37-$W38,$Q$30-$W38)))) -> 0.5 | R38: =IF(($R$30-15>$W37),0,IF(($R$30-15)>=$W38,(15-($R$30-$W37)),IF($W38>=$R$30,0,IF($W37<$R$30,$W37-$W38,$R$30-$W38)))) -> 0.5 | S38: =IF(($S$30-15>$W37),0,IF(($S$30-15)>=$W38,(15-($S$30-$W37)),IF($W38>=$S$30,0,IF($W37<$S$30,$W37-$W38,$S$30-$W38)))) -> 0.5 | T38: ='0.地勘及桩计算'!G14 -> 141 | U38: 7 | V38: 黏土 | W38: ='0.地勘及桩计算'!J14 -> -13.83
D39: =IF(($D$30-15>$W38),0,IF(($D$30-15)>=$W39,(15-($D$30-$W38)),IF($W39>=$D$30,0,IF($W38<$D$30,$W38-$W39,$D$30-$W39)))) -> 0 | E39: =IF(($E$30-15>$W38),0,IF(($E$30-15)>=$W39,(15-($E$30-$W38)),IF($W39>=$E$30,0,IF($W38<$E$30,$W38-$W39,$E$30-$W39)))) -> 0.39565 | F39: =IF(($F$30-15>$W38),0,IF(($F$30-15)>=$W39,(15-($F$30-$W38)),IF($W39>=$F$30,0,IF($W38<$F$30,$W38-$W39,$F$30-$W39)))) -> 1.18647 | G39: =IF(($G$30-15>$W38),0,IF(($G$30-15)>=$W39,(15-($G$30-$W38)),IF($W39>=$G$30,0,IF($W38<$G$30,$W38-$W39,$G$30-$W39)))) -> 2.07764 | H39: =IF(($H$30-15>$W38),0,IF(($H$30-15)>=$W39,(15-($H$30-$W38)),IF($W39>=$H$30,0,IF($W38<$H$30,$W38-$W39,$H$30-$W39)))) -> 2.08 | I39: =IF(($I$30-15>$W38),0,IF(($I$30-15)>=$W39,(15-($I$30-$W38)),IF($W39>=$I$30,0,IF($W38<$I$30,$W38-$W39,$I$30-$W39)))) -> 2.08 | J39: =IF(($J$30-15>$W38),0,IF(($J$30-15)>=$W39,(15-($J$30-$W38)),IF($W39>=$J$30,0,IF($W38<$J$30,$W38-$W39,$J$30-$W39)))) -> 2.08 | K39: =IF(($K$30-15>$W38),0,IF(($K$30-15)>=$W39,(15-($K$30-$W38)),IF($W39>=$K$30,0,IF($W38<$K$30,$W38-$W39,$K$30-$W39)))) -> 2.08 | L39: =IF(($L$30-15>$W38),0,IF(($L$30-15)>=$W39,(15-($L$30-$W38)),IF($W39>=$L$30,0,IF($W38<$L$30,$W38-$W39,$L$30-$W39)))) -> 2.08 | M39: =IF(($M$30-15>$W38),0,IF(($M$30-15)>=$W39,(15-($M$30-$W38)),IF($W39>=$M$30,0,IF($W38<$M$30,$W38-$W39,$M$30-$W39)))) -> 2.08 | N39: =IF(($N$30-15>$W38),0,IF(($N$30-15)>=$W39,(15-($N$30-$W38)),IF($W39>=$N$30,0,IF($W38<$N$30,$W38-$W39,$N$30-$W39)))) -> 2.08 | O39: =IF(($O$30-15>$W38),0,IF(($O$30-15)>=$W39,(15-($O$30-$W38)),IF($W39>=$O$30,0,IF($W38<$O$30,$W38-$W39,$O$30-$W39)))) -> 2.08 | P39: =IF(($P$30-15>$W38),0,IF(($P$30-15)>=$W39,(15-($P$30-$W38)),IF($W39>=$P$30,0,IF($W38<$P$30,$W38-$W39,$P$30-$W39)))) -> 2.08 | Q39: =IF(($Q$30-15>$W38),0,IF(($Q$30-15)>=$W39,(15-($Q$30-$W38)),IF($W39>=$Q$30,0,IF($W38<$Q$30,$W38-$W39,$Q$30-$W39)))) -> 2.08 | R39: =IF(($R$30-15>$W38),0,IF(($R$30-15)>=$W39,(15-($R$30-$W38)),IF($W39>=$R$30,0,IF($W38<$R$30,$W38-$W39,$R$30-$W39)))) -> 2.08 | S39: =IF(($S$30-15>$W38),0,IF(($S$30-15)>=$W39,(15-($S$30-$W38)),IF($W39>=$S$30,0,IF($W38<$S$30,$W38-$W39,$S$30-$W39)))) -> 2.08 | T39: ='0.地勘及桩计算'!G15 -> 122 | U39: 8 | V39: 含砂姜黏土 | W39: ='0.地勘及桩计算'!J15 -> -15.91
D40: =IF(($D$30-15>$W39),0,IF(($D$30-15)>=$W40,(15-($D$30-$W39)),IF($W40>=$D$30,0,IF($W39<$D$30,$W39-$W40,$D$30-$W40)))) -> 0 | E40: =IF(($E$30-15>$W39),0,IF(($E$30-15)>=$W40,(15-($E$30-$W39)),IF($W40>=$E$30,0,IF($W39<$E$30,$W39-$W40,$E$30-$W40)))) -> 0 | F40: =IF(($F$30-15>$W39),0,IF(($F$30-15)>=$W40,(15-($F$30-$W39)),IF($W40>=$F$30,0,IF($W39<$F$30,$W39-$W40,$F$30-$W40)))) -> 0 | G40: =IF(($G$30-15>$W39),0,IF(($G$30-15)>=$W40,(15-($G$30-$W39)),IF($W40>=$G$30,0,IF($W39<$G$30,$W39-$W40,$G$30-$W40)))) -> 0 | H40: =IF(($H$30-15>$W39),0,IF(($H$30-15)>=$W40,(15-($H$30-$W39)),IF($W40>=$H$30,0,IF($W39<$H$30,$W39-$W40,$H$30-$W40)))) -> 0.88881 | I40: =IF(($I$30-15>$W39),0,IF(($I$30-15)>=$W40,(15-($I$30-$W39)),IF($W40>=$I$30,0,IF($W39<$I$30,$W39-$W40,$I$30-$W40)))) -> 1.77997 | J40: =IF(($J$30-15>$W39),0,IF(($J$30-15)>=$W40,(15-($J$30-$W39)),IF($W40>=$J$30,0,IF($W39<$J$30,$W39-$W40,$J$30-$W40)))) -> 2.57114 | K40: =IF(($K$30-15>$W39),0,IF(($K$30-15)>=$W40,(15-($K$30-$W39)),IF($W40>=$K$30,0,IF($W39<$K$30,$W39-$W40,$K$30-$W40)))) -> 3.23525 | L40: =IF(($L$30-15>$W39),0,IF(($L$30-15)>=$W40,(15-($L$30-$W39)),IF($W40>=$L$30,0,IF($W39<$L$30,$W39-$W40,$L$30-$W40)))) -> 3.79902 | M40: =IF(($M$30-15>$W39),0,IF(($M$30-15)>=$W40,(15-($M$30-$W39)),IF($W40>=$M$30,0,IF($W39<$M$30,$W39-$W40,$M$30-$W40)))) -> 3.79902 | N40: =IF(($N$30-15>$W39),0,IF(($N$30-15)>=$W40,(15-($N$30-$W39)),IF($W40>=$N$30,0,IF($W39<$N$30,$W39-$W40,$N$30-$W40)))) -> 4.09 | O40: =IF(($O$30-15>$W39),0,IF(($O$30-15)>=$W40,(15-($O$30-$W39)),IF($W40>=$O$30,0,IF($W39<$O$30,$W39-$W40,$O$30-$W40)))) -> 3.60932 | P40: =IF(($P$30-15>$W39),0,IF(($P$30-15)>=$W40,(15-($P$30-$W39)),IF($W40>=$P$30,0,IF($W39<$P$30,$W39-$W40,$P$30-$W40)))) -> 3.04247 | Q40: =IF(($Q$30-15>$W39),0,IF(($Q$30-15)>=$W40,(15-($Q$30-$W39)),IF($W40>=$Q$30,0,IF($W39<$Q$30,$W39-$W40,$Q$30-$W40)))) -> 2.37528 | R40: =IF(($R$30-15>$W39),0,IF(($R$30-15)>=$W40,(15-($R$30-$W39)),IF($W40>=$R$30,0,IF($W39<$R$30,$W39-$W40,$R$30-$W40)))) -> 1.5841 | S40: =IF(($S$30-15>$W39),0,IF(($S$30-15)>=$W40,(15-($S$30-$W39)),IF($W40>=$S$30,0,IF($W39<$S$30,$W39-$W40,$S$30-$W40)))) -> 0.69291 | T40: ='0.地勘及桩计算'!G16 -> 367 | U40: 9 | V40: 含砂姜黏土 | W40: -20
D41: =IF(($D$30-15>$W40),0,IF(($D$30-15)>=$W41,(15-($D$30-$W40)),IF($W41>=$D$30,0,IF($W40<$D$30,$W40-$W41,$D$30-$W41)))) -> 0 | E41: =IF(($E$30-15>$W40),0,IF(($E$30-15)>=$W41,(15-($E$30-$W40)),IF($W41>=$E$30,0,IF($W40<$E$30,$W40-$W41,$E$30-$W41)))) -> 0 | F41: =IF(($F$30-15>$W40),0,IF(($F$30-15)>=$W41,(15-($F$30-$W40)),IF($W41>=$F$30,0,IF($W40<$F$30,$W40-$W41,$F$30-$W41)))) -> 0 | G41: =IF(($G$30-15>$W40),0,IF(($G$30-15)>=$W41,(15-($G$30-$W40)),IF($W41>=$G$30,0,IF($W40<$G$30,$W40-$W41,$G$30-$W41)))) -> 0 | H41: =IF(($H$30-15>$W40),0,IF(($H$30-15)>=$W41,(15-($H$30-$W40)),IF($W41>=$H$30,0,IF($W40<$H$30,$W40-$W41,$H$30-$W41)))) -> 0 | I41: =IF(($I$30-15>$W40),0,IF(($I$30-15)>=$W41,(15-($I$30-$W40)),IF($W41>=$I$30,0,IF($W40<$I$30,$W40-$W41,$I$30-$W41)))) -> 0 | J41: =IF(($J$30-15>$W40),0,IF(($J$30-15)>=$W41,(15-($J$30-$W40)),IF($W41>=$J$30,0,IF($W40<$J$30,$W40-$W41,$J$30-$W41)))) -> 0 | K41: =IF(($K$30-15>$W40),0,IF(($K$30-15)>=$W41,(15-($K$30-$W40)),IF($W41>=$K$30,0,IF($W40<$K$30,$W40-$W41,$K$30-$W41)))) -> 0 | L41: =IF(($L$30-15>$W40),0,IF(($L$30-15)>=$W41,(15-($L$30-$W40)),IF($W41>=$L$30,0,IF($W40<$L$30,$W40-$W41,$L$30-$W41)))) -> 0 | M41: =IF(($M$30-15>$W40),0,IF(($M$30-15)>=$W41,(15-($M$30-$W40)),IF($W41>=$M$30,0,IF($W40<$M$30,$W40-$W41,$M$30-$W41)))) -> 0 | N41: =IF(($N$30-15>$W40),0,IF(($N$30-15)>=$W41,(15-($N$30-$W40)),IF($W41>=$N$30,0,IF($W40<$N$30,$W40-$W41,$N$30-$W41)))) -> 0.23477 | O41: =IF(($O$30-15>$W40),0,IF(($O$30-15)>=$W41,(15-($O$30-$W40)),IF($W41>=$O$30,0,IF($W40<$O$30,$W40-$W41,$O$30-$W41)))) -> 0 | P41: =IF(($P$30-15>$W40),0,IF(($P$30-15)>=$W41,(15-($P$30-$W40)),IF($W41>=$P$30,0,IF($W40<$P$30,$W40-$W41,$P$30-$W41)))) -> 0 | Q41: =IF(($Q$30-15>$W40),0,IF(($Q$30-15)>=$W41,(15-($Q$30-$W40)),IF($W41>=$Q$30,0,IF($W40<$Q$30,$W40-$W41,$Q$30-$W41)))) -> 0 | R41: =IF(($R$30-15>$W40),0,IF(($R$30-15)>=$W41,(15-($R$30-$W40)),IF($W41>=$R$30,0,IF($W40<$R$30,$W40-$W41,$R$30-$W41)))) -> 0 | S41: =IF(($S$30-15>$W40),0,IF(($S$30-15)>=$W41,(15-($S$30-$W40)),IF($W41>=$S$30,0,IF($W40<$S$30,$W40-$W41,$S$30-$W41)))) -> 0 | T41: ='0.地勘及桩计算'!G17 -> 0 | U41: 10 | V41: 含碎石黏土 | W41: -23
T42: ='0.地勘及桩计算'!G18 -> 0 | U42: 11 | V42: 全风化片麻岩 | W42: -25
D43: =SUM(D31:D42) -> 15 | E43: =SUM(E31:E42) -> 15 | F43: =SUM(F31:F42) -> 15 | G43: =SUM(G31:G42) -> 15 | H43: =SUM(H31:H42) -> 15 | I43: =SUM(I31:I42) -> 15 | J43: =SUM(J31:J42) -> 15 | K43: =SUM(K31:K42) -> 15 | ... S43: =SUM(S31:S42) -> 15
D44: =D31*$T31+D32*$T32+D33*$T33+D34*$T34+D35*$T35+D36*$T36+D37*$T37+D38*$T38+D39*$T39+D40*$T40+D41*$T41+D42*$T42 -> 840.42578 | E44: =E31*$T31+E32*$T32+E33*$T33+E34*$T34+E35*$T35+E36*$T36+E37*$T37+E38*$T38+E39*$T39+E40*$T40+E41*$T41+E42*$T42 -> 890.8346 | F44: =F31*$T31+F32*$T32+F33*$T33+F34*$T34+F35*$T35+F36*$T36+F37*$T37+F38*$T38+F39*$T39+F40*$T40+F41*$T41+F42*$T42 -> 959.5117 | G44: =G31*$T31+G32*$T32+G33*$T33+G34*$T34+G35*$T35+G36*$T36+G37*$T37+G38*$T38+G39*$T39+G40*$T40+G41*$T41+G42*$T42 -> 1057.5404 | H44: =H31*$T31+H32*$T32+H33*$T33+H34*$T34+H35*$T35+H36*$T36+H37*$T37+H38*$T38+H39*$T39+H40*$T40+H41*$T41+H42*$T42 -> 1373.3275 | I44: =I31*$T31+I32*$T32+I33*$T33+I34*$T34+I35*$T35+I36*$T36+I37*$T37+I38*$T38+I39*$T39+I40*$T40+I41*$T41+I42*$T42 -> 1689.6894 | J44: =J31*$T31+J32*$T32+J33*$T33+J34*$T34+J35*$T35+J36*$T36+J37*$T37+J38*$T38+J39*$T39+J40*$T40+J41*$T41+J42*$T42 -> 1970.5547 | K44: =K31*$T31+K32*$T32+K33*$T33+K34*$T34+K35*$T35+K36*$T36+K37*$T37+K38*$T38+K39*$T39+K40*$T40+K41*$T41+K42*$T42 -> 2206.3137 | ... S44: =S31*$T31+S32*$T32+S33*$T33+S34*$T34+S35*$T35+S36*$T36+S37*$T37+S38*$T38+S39*$T39+S40*$T40+S41*$T41+S42*$T42 -> 1303.7831

Sheet 3.抗浮桩钢筋计算
B1: 桩长 | C1: 18000 | D1: 底板厚 | E1: 900 | F1: 半径 | G1: 1148
B2: 编号 | C2: 规格 | D2: 单根长 | E2: 根数 | F2: 每米重 | G2: 总长 | H2: 总重
B3: N1 | C3: 25 | D3: =I3+J3+K3 -> 19100 | E3: 32 | F3: =ROUND(C3^2*PI()/4/1000000*7850,3) -> 3.853 | G3: =E3*D3/1000 -> 611.2 | H3: =F3*G3 -> 2354.9536 | I3: =ROUND((E1-100-50)/COS(RADIANS(15)),0) -> 776 | J3: =C1-50+100 -> 18050 | K3: =ROUNDUP((IF(C3<26,10.927,11.212))*C3,0) -> 274 | L3: =I3+J3 -> 18826
B4: N2 | C4: 10 | D4: =((PI()*G1)^2+100^2)^0.5*51+((PI()*G1)^2+200^2)^0.5*ROUNDDOWN((C1-5000)/200,0)+((PI()*J4)^2+100^2)^0.5*I4+PI()*(G1+(100*I4*TAN(RADIANS(15))*2+G1)) -> 456561.02 | E4: 1 | F4: =ROUND(C4^2*PI()/4/1000000*7850,3) -> 0.617 | G4: =E4*D4/1000 -> 456.56102 | H4: =F4*G4 -> 281.69815 | I4: =ROUNDDOWN((E1-150)/100,0) -> 7 | J4: =100*I4*0.5*TAN(RADIANS(15))*2+G1 -> 1335.5644
B5: N3 | C5: 20 | D5: 3505 | E5: =ROUND((C1/1000-1.5)/2,0)+1 -> 9 | F5: =ROUND(C5^2*PI()/4/1000000*7850,3) -> 2.466 | G5: =E5*D5/1000 -> 31.545 | H5: =F5*G5 -> 77.78997
B6: N4 | C6: 16 | D6: 450 | E6: =E5*4 -> 36 | F6: =ROUND(C6^2*PI()/4/1000000*7850,3) -> 1.578 | G6: =E6*D6/1000 -> 16.2 | H6: =F6*G6 -> 25.5636
C7: =PI()*0.625^2*C1/1000 -> 22.089323 | E7: =H3+H5+H6 -> 2458.3072 | G7: =H4 -> 281.69815 | I7: 93
B9: 桩长 | C9: 18000 | D9: 底板厚 | E9: 800 | F9: 半径 | G9: 1148
B10: 编号 | C10: 规格 | D10: 单根长 | E10: 根数 | F10: 每米重 | G10: 总长 | H10: 总重
B11: N1 | C11: 25 | D11: =I11+J11+K11 -> 18997 | E11: 32 | F11: =ROUND(C11^2*PI()/4/1000000*7850,3) -> 3.853 | G11: =E11*D11/1000 -> 607.904 | H11: =F11*G11 -> 2342.2541 | I11: =ROUND((E9-100-50)/COS(RADIANS(15)),0) -> 673 | J11: =C9-50+100 -> 18050 | K11: =ROUNDUP((IF(C11<26,10.927,11.212))*C11,0) -> 274 | L11: =I11+J11 -> 18723
B12: N2 | C12: 10 | D12: =((PI()*G9)^2+100^2)^0.5*51+((PI()*G9)^2+200^2)^0.5*ROUNDDOWN((C9-5000)/200,0)+((PI()*J12)^2+100^2)^0.5*I12+PI()*(G9+(100*I12*TAN(RADIANS(15))*2+G9)) -> 451690.74 | E12: 1 | F12: =ROUND(C12^2*PI()/4/1000000*7850,3) -> 0.617 | G12: =E12*D12/1000 -> 451.69074 | H12: =F12*G12 -> 278.69319 | I12: =ROUNDDOWN((E9-150)/100,0) -> 6 | J12: =100*I12*0.5*TAN(RADIANS(15))*2+G9 -> 1308.7695
B13: N3 | C13: 20 | D13: 3505 | E13: =ROUND((C9/1000-1.5)/2,0)+1 -> 9 | F13: =ROUND(C13^2*PI()/4/1000000*7850,3) -> 2.466 | G13: =E13*D13/1000 -> 31.545 | H13: =F13*G13 -> 77.78997
B14: N4 | C14: 16 | D14: 450 | E14: =E13*4 -> 36 | F14: =ROUND(C14^2*PI()/4/1000000*7850,3) -> 1.578 | G14: =E14*D14/1000 -> 16.2 | H14: =F14*G14 -> 25.5636
C15: =PI()*0.625^2*C9/1000 -> 22.089323 | E15: =H11+H13+H14 -> 2445.6077 | G15: =H12 -> 278.69319 | I15: 32
B17: 桩长 | C17: 18000 | D17: 底板厚 | E17: 700 | F17: 半径 | G17: 1148
B18: 编号 | C18: 规格 | D18: 单根长 | E18: 根数 | F18: 每米重 | G18: 总长 | H18: 总重
B19: N1 | C19: 25 | D19: =I19+J19+K19 -> 18893 | E19: 32 | F19: =ROUND(C19^2*PI()/4/1000000*7850,3) -> 3.853 | G19: =E19*D19/1000 -> 604.576 | H19: =F19*G19 -> 2329.4313 | I19: =ROUND((E17-100-50)/COS(RADIANS(15)),0) -> 569 | J19: =C17-50+100 -> 18050 | K19: =ROUNDUP((IF(C19<26,10.927,11.212))*C19,0) -> 274 | L19: =I19+J19 -> 18619
B20: N2 | C20: 10 | D20: =((PI()*G17)^2+100^2)^0.5*51+((PI()*G17)^2+200^2)^0.5*ROUNDDOWN((C17-5000)/200,0)+((PI()*J20)^2+100^2)^0.5*I20+PI()*(G17+(100*I20*TAN(RADIANS(15))*2+G17)) -> 446988.78 | E20: 1 | F20: =ROUND(C20^2*PI()/4/1000000*7850,3) -> 0.617 | G20: =E20*D20/1000 -> 446.98878 | H20: =F20*G20 -> 275.79208 | I20: =ROUNDDOWN((E17-150)/100,0) -> 5 | J20: =100*I20*0.5*TAN(RADIANS(15))*2+G17 -> 1281.9746
B21: N3 | C21: 20 | D21: 3505 | E21: =ROUND((C17/1000-1.5)/2,0)+1 -> 9 | F21: =ROUND(C21^2*PI()/4/1000000*7850,3) -> 2.466 | G21: =E21*D21/1000 -> 31.545 | H21: =F21*G21 -> 77.78997
B22: N4 | C22: 16 | D22: 450 | E22: =E21*4 -> 36 | F22: =ROUND(C22^2*PI()/4/1000000*7850,3) -> 1.578 | G22: =E22*D22/1000 -> 16.2 | H22: =F22*G22 -> 25.5636
C23: =PI()*0.625^2*C17/1000 -> 22.089323 | E23: =H19+H21+H22 -> 2432.7849 | G23: =H20 -> 275.79208 | I23: 38
C25: =SUM(C7*$I7+C15*$I15+C23*$I23) -> 3600.5597 | E25: =SUM(E7*$I7+E15*$I15+E23*$I23) -> 399327.84 | G25: =SUM(G7*$I7+G15*$I15+G23*$I23) -> 45596.209
B27: 桩长 | C27: 21000 | D27: 螺旋筋间距 | E27: 150 | F27: 螺旋筋直径 | G27: 1150
A28: 编号 | B28: 规格 | C28: 大样(mm) | D28: 单根长(mm) | E28: 根数 | F28: 每米重(kg/m) | G28: 总长(m) | H28: 总重(kg)
A29: N1 | B29: 20 | D29: =B36-100+ROUNDUP((IF(B29<26,10.927,11.212))*B29,0) -> 22119 | E29: 30 | F29: =ROUND(B29^2*PI()/4/1000000*7850,3) -> 2.466 | G29: =E29*D29/1000 -> 663.57 | H29: =F29*G29 -> 1636.3636
A30: N2 | B30: 12 | D30: =((PI()*G27)^2+E27^2)^0.5*C36+2*PI()*G27 -> 509841.89 | E30: 1 | F30: =ROUND(B30^2*PI()/4/1000000*7850,3) -> 0.888 | G30: =E30*D30/1000 -> 509.84189 | H30: =F30*G30 -> 452.7396
A31: N3 | B31: 20 | D31: 3504 | E31: =F36+1 -> 12 | F31: =ROUND(B31^2*PI()/4/1000000*7850,3) -> 2.466 | G31: =E31*D31/1000 -> 42.048 | H31: =F31*G31 -> 103.69037
A32: N4 | B32: 16 | D32: 450 | E32: =E31*4 -> 48 | F32: =ROUND(B32^2*PI()/4/1000000*7850,3) -> 1.578 | G32: =E32*D32/1000 -> 21.6 | H32: =F32*G32 -> 34.0848
A33: C25混凝土: | C33: =PI()*(A36/1000/2)^2*C27/1000 -> 25.770877 | D33: HRB400钢筋: | E33: =H29+H31+H32 -> 1774.1388 | G33: HPB300钢筋: | H33: =H30 -> 452.7396
A35: 直径D | B35: 桩长L | C35: n | D35: d | E35: e1 | F35: m | G35: b | H35: e2
A36: 1250 | B36: =C27+1000 -> 22000 | C36: =ROUNDDOWN((C27-50-D36/2)/D36,0) -> 139 | D36: =E27 -> 150 | E36: =C27-C36*D36-D36/2 -> 75 | F36: =ROUNDDOWN((C27-G36)/(G36*2),0) -> 11 | G36: =D36*6 -> 900 | H36: =C27-G36-G36*F36*2 -> 300
B40: 桩长 | C40: 21000 | D40: 螺旋筋间距 | E40: 150 | F40: 螺旋筋直径 | G40: 1150
A41: 编号 | B41: 规格 | C41: 大样(mm) | D41: 单根长(mm) | E41: 根数 | F41: 每米重(kg/m) | G41: 总长(m) | H41: 总重(kg)
A42: N1 | B42: 20 | D42: =B49-100+ROUNDUP((IF(B42<26,10.927,11.212))*B42,0) -> 22119 | E42: 30 | F42: =ROUND(B42^2*PI()/4/1000000*7850,3) -> 2.466 | G42: =E42*D42/1000 -> 663.57 | H42: =F42*G42 -> 1636.3636
A43: N2 | B43: 12 | D43: =((PI()*G40)^2+E40^2)^0.5*C49+2*PI()*G40 -> 509841.89 | E43: 1 | F43: =ROUND(B43^2*PI()/4/1000000*7850,3) -> 0.888 | G43: =E43*D43/1000 -> 509.84189 | H43: =F43*G43 -> 452.7396
A44: N3 | B44: 20 | D44: 3504 | E44: =F49+1 -> 11 | F44: =ROUND(B44^2*PI()/4/1000000*7850,3) -> 2.466 | G44: =E44*D44/1000 -> 38.544 | H44: =F44*G44 -> 95.049504
A45: N4 | B45: 16 | D45: 450 | E45: =E44*4 -> 44 | F45: =ROUND(B45^2*PI()/4/1000000*7850,3) -> 1.578 | G45: =E45*D45/1000 -> 19.8 | H45: =F45*G45 -> 31.2444
A46: C25混凝土: | C46: =PI()*(A49/1000/2)^2*C40/1000 -> 25.770877 | D46: HRB400钢筋: | E46: =H42+H44+H45 -> 1762.6575 | G46: HPB300钢筋: | H46: =H43 -> 452.7396
A48: 直径D | B48: 桩长L | C48: n | D48: d | E48: e1 | F48: m | G48: b | H48: e2
A49: 1250 | B49: =C40+1000 -> 22000 | C49: =ROUNDDOWN((C40-50-D49/2)/D49,0) -> 139 | D49: =E40 -> 150 | E49: =C40-C49*D49-D49/2 -> 75 | F49: =ROUNDDOWN((C40-G49)/(G49*2),0) -> 10 | G49: =1000 -> 1000 | H49: =C40-G49-G49*F49*2 -> 0

Sheet 4.防水 
W1: 软保护层
B2: 编号 | C2: H1 | D2: B | E2: T | F2: H2 | G2: H3 | H2: W1 | I2: W2 | J2: W3 | K2: L | L2: 中央分隔带 | U2: 聚乙烯泡沫条
L3: H | M3: B | N3: 数量 | O3: 剪力销 | Q3: 中埋式钢板止水带 | R3: 遇水膨胀止水条 | S3: 中埋式钢边橡胶止水带 | T3: 背贴式橡胶止水带 | U3: 单组份聚硫橡胶密封膏 | V3: 沥青浸制木板 | W3: 冷自粘防水卷材(加强层) | X3: 冷自粘防水卷材 | Y3: 软保护层 | Z3: 直径8钢筋卡 | AA3: 钢筋卡 | AB3: 绑扎钢丝
B4: ='0.结构参数'!B5 -> 西U10 | C4: ='0.结构参数'!J41 -> 1.61126 | D4: ='0.结构参数'!L41 -> 0.3 | E4: ='0.结构参数'!K41 -> 0.4 | F4: =C4+E4/2 -> 1.81126 | G4: =C4+E4 -> 2.01126 | H4: =('0.结构参数'!V5+'0.结构参数'!W5)/2 -> 23.21 | I4: =H4+D4 -> 23.51 | J4: =H4+D4*2 -> 23.81 | K4: ='0.结构参数'!D41 -> 20 | O4: =ROUND(R4/0.4,0) -> 100 | P4: =2*K4 -> 40 | Q4: =P4 -> 40 | R4: =Q4 -> 40 | S4: =F4+I4+L4*N4 -> 25.32126 | T4: =G4*2+J4 -> 27.83252 | U4: =C4*2+H4+L4*M4*N4*2 -> 26.43252 | V4: =D4*(2*F4+I4)+L4*M4*N4 -> 8.139756 | W4: =(2*G4+J4)*1 -> 27.83252 | X4: =W4*K4 -> 556.6504 | Y4: =X4 -> 556.6504 | Z4: =ROUND(S4/0.4,0) -> 63 | AA4: =(0.3+0.15+0.05+(E4-0.2))*2*Z4*0.395 -> 34.839 | AB4: =(D4-0.1)*(2^0.5)*Z4*0.395 -> 7.0385409
B5: ='0.结构参数'!B6 -> 西U9 | C5: ='0.结构参数'!J42 -> 2.17365 | D5: ='0.结构参数'!L42 -> 0.3 | E5: ='0.结构参数'!K42 -> 0.4 | F5: =C5+E5/2 -> 2.37365 | G5: =C5+E5 -> 2.57365 | H5: =('0.结构参数'!V6+'0.结构参数'!W6)/2 -> 22.5 | I5: =H5+D5 -> 22.8 | J5: =H5+D5*2 -> 23.1 | K5: ='0.结构参数'!D42 -> 20 | O5: =ROUND(R5/0.4,0) -> 100 | P5: =2*K5 -> 40 | Q5: =P5 -> 40 | R5: =Q5 -> 40 | S5: =F5+I5+L5*N5 -> 25.17365 | T5: =G5*2+J5 -> 28.2473 | U5: =C5*2+H5+L5*M5*N5*2 -> 26.8473 | V5: =D5*(2*F5+I5)+L5*M5*N5 -> 8.26419 | W5: =(2*G5+J5)*1 -> 28.2473 | X5: =W5*K5 -> 564.946 | Y5: =X5 -> 564.946 | Z5: =ROUND(S5/0.4,0) -> 63 | AA5: =(0.3+0.15+0.05+(E5-0.2))*2*Z5*0.395*2 -> 69.678 | AB5: =(D5-0.1)*(2^0.5)*Z5*0.395*2 -> 14.077082
B6: ='0.结构参数'!B7 -> 西U8 | C6: ='0.结构参数'!J43 -> 2.96447 | D6: ='0.结构参数'!L43 -> 0.3 | E6: ='0.结构参数'!K43 -> 0.4 | F6: =C6+E6/2 -> 3.16447 | G6: =C6+E6 -> 3.36447 | H6: =('0.结构参数'!V7+'0.结构参数'!W7)/2 -> 22.25 | I6: =H6+D6 -> 22.55 | J6: =H6+D6*2 -> 22.85 | K6: ='0.结构参数'!D43 -> 20 | O6: =ROUND(R6/0.4,0) -> 100 | P6: =2*K6 -> 40 | Q6: =P6 -> 40 | R6: =Q6 -> 40 | S6: =F6+I6+L6*N6 -> 25.71447 | T6: =G6*2+J6 -> 29.57894 | U6: =C6*2+H6+L6*M6*N6*2 -> 28.17894 | V6: =D6*(2*F6+I6)+L6*M6*N6 -> 8.663682 | W6: =(2*G6+J6)*1 -> 29.57894 | X6: =W6*K6 -> 591.5788 | Y6: =X6 -> 591.5788 | Z6: =ROUND(S6/0.4,0) -> 64 | AA6: =(0.3+0.15+0.05+(E6-0.2))*2*Z6*0.395*2 -> 70.784 | AB6: =(D6-0.1)*(2^0.5)*Z6*0.395*2 -> 14.300528
B7: ='0.结构参数'!B8 -> 西U7 | C7: ='0.结构参数'!J44 -> 3.75564 | D7: ='0.结构参数'!L44 -> 0.4 | E7: ='0.结构参数'!K44 -> 0.5 | F7: =C7+E7/2 -> 4.00564 | G7: =C7+E7 -> 4.25564 | H7: =('0.结构参数'!V8+'0.结构参数'!W8)/2 -> 22.25 | I7: =H7+D7 -> 22.65 | J7: =H7+D7*2 -> 23.05 | K7: ='0.结构参数'!D44 -> 20 | O7: =ROUND(R7/0.4,0) -> 100 | P7: =2*K7 -> 40 | Q7: =P7 -> 40 | R7: =Q7 -> 40 | S7: =F7+I7+L7*N7 -> 26.65564 | T7: =G7*2+J7 -> 31.56128 | U7: =C7*2+H7+L7*M7*N7*2 -> 29.76128 | V7: =D7*(2*F7+I7)+L7*M7*N7 -> 12.264512 | W7: =(2*G7+J7)*1 -> 31.56128 | X7: =W7*K7 -> 631.2256 | Y7: =X7 -> 631.2256 | Z7: =ROUND(S7/0.4,0) -> 67 | AA7: =(0.3+0.15+0.05+(E7-0.2))*2*Z7*0.395*2 -> 84.688 | AB7: =(D7-0.1)*(2^0.5)*Z7*0.395*2 -> 22.456297
B8: ='0.结构参数'!B9 -> 西U6 | C8: ='0.结构参数'!J45 -> 4.54681 | D8: ='0.结构参数'!L45 -> 0.5 | E8: ='0.结构参数'!K45 -> 0.6 | F8: =C8+E8/2 -> 4.84681 | G8: =C8+E8 -> 5.14681 | H8: =('0.结构参数'!V9+'0.结构参数'!W9)/2 -> 22.25 | I8: =H8+D8 -> 22.75 | J8: =H8+D8*2 -> 23.25 | K8: ='0.结构参数'!D45 -> 20 | O8: =ROUND(R8/0.4,0) -> 100 | P8: =2*K8 -> 40 | Q8: =P8 -> 40 | R8: =Q8 -> 40 | S8: =F8+I8+L8*N8 -> 27.59681 | T8: =G8*2+J8 -> 33.54362 | U8: =C8*2+H8+L8*M8*N8*2 -> 31.34362 | V8: =D8*(2*F8+I8)+L8*M8*N8 -> 16.22181 | W8: =(2*G8+J8)*1 -> 33.54362 | X8: =W8*K8 -> 670.8724 | Y8: =X8 -> 670.8724 | Z8: =ROUND(S8/0.4,0) -> 69 | AA8: =(0.3+0.15+0.05+(E8-0.2))*2*Z8*0.395*2 -> 98.118 | AB8: =(D8-0.1)*(2^0.5)*Z8*0.395*2 -> 30.835513
B9: ='0.结构参数'!B10 -> 西U5 | C9: ='0.结构参数'!J46 -> 5.33797 | D9: ='0.结构参数'!L46 -> 0.6 | E9: ='0.结构参数'!K46 -> 0.7 | F9: =C9+E9/2 -> 5.68797 | G9: =C9+E9 -> 6.03797 | H9: =('0.结构参数'!V10+'0.结构参数'!W10)/2 -> 22.25 | I9: =H9+D9 -> 22.85 | J9: =H9+D9*2 -> 23.45 | K9: ='0.结构参数'!D46 -> 20 | O9: =ROUND(R9/0.4,0) -> 100 | P9: =2*K9 -> 40 | Q9: =P9 -> 40 | R9: =Q9 -> 40 | S9: =F9+I9+L9*N9 -> 28.53797 | T9: =G9*2+J9 -> 35.52594 | U9: =C9*2+H9+L9*M9*N9*2 -> 32.92594 | V9: =D9*(2*F9+I9)+L9*M9*N9 -> 20.535564 | W9: =(2*G9+J9)*1 -> 35.52594 | X9: =W9*K9 -> 710.5188 | Y9: =X9 -> 710.5188 | Z9: =ROUND(S9/0.4,0) -> 71 | AA9: =(0.3+0.15+0.05+(E9-0.2))*2*Z9*0.395*2 -> 112.18 | AB9: =(D9-0.1)*(2^0.5)*Z9*0.395*2 -> 39.661619
B10: ='0.结构参数'!B11 -> 西U4 | C10: ='0.结构参数'!I47 -> 5.33916 | D10: ='0.结构参数'!L47 -> 0.6 | E10: ='0.结构参数'!K47 -> 0.7 | F10: =C10+E10/2 -> 5.68916 | G10: =C10+E10 -> 6.03916 | H10: =('0.结构参数'!V11+'0.结构参数'!W11)/2 -> 22.25 | I10: =H10+D10 -> 22.85 | J10: =H10+D10*2 -> 23.45 | K10: ='0.结构参数'!D47 -> 20 | O10: =ROUND(R10/0.4,0) -> 100 | P10: =2*K10 -> 40 | Q10: =P10 -> 40 | R10: =Q10 -> 40 | S10: =F10+I10+L10*N10 -> 28.53916 | T10: =G10*2+J10 -> 35.52832 | U10: =C10*2+H10+L10*M10*N10*2 -> 32.92832 | V10: =D10*(2*F10+I10)+L10*M10*N10 -> 20.536992 | W10: =(2*G10+J10)*1 -> 35.52832 | X10: =W10*K10 -> 710.5664 | Y10: =X10 -> 710.5664 | Z10: =ROUND(S10/0.4,0) -> 71 | AA10: =(0.3+0.15+0.05+(E10-0.2))*2*Z10*0.395*2 -> 112.18 | AB10: =(D10-0.1)*(2^0.5)*Z10*0.395*2 -> 39.661619
B11: ='0.结构参数'!B12 -> 西U3 | C11: ='0.结构参数'!I48 -> 6.13033 | D11: ='0.结构参数'!L48 -> 0.7 | E11: ='0.结构参数'!K48 -> 0.8 | F11: =C11+E11/2 -> 6.53033 | G11: =C11+E11 -> 6.93033 | H11: =('0.结构参数'!V12+'0.结构参数'!W12)/2 -> 22.25 | I11: =H11+D11 -> 22.95 | J11: =H11+D11*2 -> 23.65 | K11: ='0.结构参数'!D48 -> 20 | O11: =ROUND(R11/0.4,0) -> 100 | P11: =2*K11 -> 40 | Q11: =P11 -> 40 | R11: =Q11 -> 40 | S11: =F11+I11+L11*N11 -> 29.48033 | T11: =G11*2+J11 -> 37.51066 | U11: =C11*2+H11+L11*M11*N11*2 -> 34.51066 | V11: =D11*(2*F11+I11)+L11*M11*N11 -> 25.207462 | W11: =(2*G11+J11)*1 -> 37.51066 | X11: =W11*K11 -> 750.2132 | Y11: =X11 -> 750.2132 | Z11: =ROUND(S11/0.4,0) -> 74 | AA11: =(0.3+0.15+0.05+(E11-0.2))*2*Z11*0.395*2 -> 128.612 | AB11: =(D11-0.1)*(2^0.5)*Z11*0.395*2 -> 49.604955
B12: ='0.结构参数'!B13 -> 西U2 | C12: ='0.结构参数'!I49 -> 6.6941 | D12: ='0.结构参数'!L49 -> 0.7 | E12: ='0.结构参数'!K49 -> 0.8 | F12: =C12+E12/2 -> 7.0941 | G12: =C12+E12 -> 7.4941 | H12: =('0.结构参数'!V13+'0.结构参数'!W13)/2 -> 22.25 | I12: =H12+D12 -> 22.95 | J12: =H12+D12*2 -> 23.65 | K12: ='0.结构参数'!D49 -> 20 | O12: =ROUND(R12/0.4,0) -> 100 | P12: =2*K12 -> 40 | Q12: =P12 -> 40 | R12: =Q12 -> 40 | S12: =F12+I12+L12*N12 -> 30.0441 | T12: =G12*2+J12 -> 38.6382 | U12: =C12*2+H12+L12*M12*N12*2 -> 35.6382 | V12: =D12*(2*F12+I12)+L12*M12*N12 -> 25.99674 | W12: =(2*G12+J12)*1 -> 38.6382 | X12: =W12*K12 -> 772.764 | Y12: =X12 -> 772.764 | Z12: =ROUND(S12/0.4,0) -> 75 | AA12: =(0.3+0.15+0.05+(E12-0.2))*2*Z12*0.395*2 -> 130.35 | AB12: =(D12-0.1)*(2^0.5)*Z12*0.395*2 -> 50.275292
B13: ='0.结构参数'!B14 -> 西U1 | C13: ='0.结构参数'!I50 -> 7.25702 | D13: ='0.结构参数'!L50 -> 0.7 | E13: ='0.结构参数'!K50 -> 0.8 | F13: =C13+E13/2 -> 7.65702 | G13: =C13+E13 -> 8.05702 | H13: =('0.结构参数'!V14+'0.结构参数'!W14)/2 -> 22.25 | I13: =H13+D13 -> 22.95 | J13: =H13+D13*2 -> 23.65 | K13: ='0.结构参数'!D50 -> 25 | O13: =ROUND(R13/0.4,0) -> 125 | P13: =2*K13 -> 50 | Q13: =P13 -> 50 | R13: =Q13 -> 50 | S13: =F13+I13+L13*N13 -> 30.60702 | T13: =G13*2+J13 -> 39.76404 | U13: =C13*2+H13+L13*M13*N13*2 -> 36.76404 | V13: =D13*(2*F13+I13)+L13*M13*N13 -> 26.784828 | W13: =(2*G13+J13)*1 -> 39.76404 | X13: =W13*K13 -> 994.101 | Y13: =X13 -> 994.101 | Z13: =ROUND(S13/0.4,0) -> 77 | AA13: =(0.3+0.15+0.05+(E13-0.2))*2*Z13*0.395*2 -> 133.826 | AB13: =(D13-0.1)*(2^0.5)*Z13*0.395*2 -> 51.615967
B14: ='0.结构参数'!B15 -> 东U1 | C14: ='0.结构参数'!I51 -> 7.68277 | D14: ='0.结构参数'!L51 -> 0.8 | E14: ='0.结构参数'!K51 -> 0.9 | F14: =C14+E14/2 -> 8.13277 | G14: =C14+E14 -> 8.58277 | H14: =('0.结构参数'!V15+'0.结构参数'!W15)/2 -> 22.25 | I14: =H14+D14 -> 23.05 | J14: =H14+D14*2 -> 23.85 | K14: ='0.结构参数'!D51 -> 8 | O14: =ROUND(R14/0.4,0) -> 40 | P14: =2*K14 -> 16 | Q14: =P14 -> 16 | R14: =Q14 -> 16 | S14: =F14+I14+L14*N14 -> 31.18277 | T14: =G14*2+J14 -> 41.01554 | U14: =C14*2+H14+L14*M14*N14*2 -> 37.61554 | V14: =D14*(2*F14+I14)+L14*M14*N14 -> 31.452432 | W14: =(2*G14+J14)*1 -> 41.01554 | X14: =W14*K14 -> 328.12432 | Y14: =X14 -> 328.12432 | Z14: =ROUND(S14/0.4,0) -> 78 | AA14: =(0.3+0.15+0.05+(E14-0.2))*2*Z14*0.395*2 -> 147.888 | AB14: =(D14-0.1)*(2^0.5)*Z14*0.395*2 -> 61.000688
B15: ='0.结构参数'!B16 -> 东U2 | C15: ='0.结构参数'!J52 -> 7.06732 | D15: ='0.结构参数'!L52 -> 0.7 | E15: ='0.结构参数'!K52 -> 0.8 | F15: =C15+E15/2 -> 7.46732 | G15: =C15+E15 -> 7.86732 | H15: =('0.结构参数'!V16+'0.结构参数'!W16)/2 -> 22.25 | I15: =H15+D15 -> 22.95 | J15: =H15+D15*2 -> 23.65 | K15: ='0.结构参数'!D52 -> 20 | O15: =ROUND(R15/0.4,0) -> 100 | P15: =2*K15 -> 40 | Q15: =P15 -> 40 | R15: =Q15 -> 40 | S15: =F15+I15+L15*N15 -> 30.41732 | T15: =G15*2+J15 -> 39.38464 | U15: =C15*2+H15+L15*M15*N15*2 -> 36.38464 | V15: =D15*(2*F15+I15)+L15*M15*N15 -> 26.519248 | W15: =(2*G15+J15)*1 -> 39.38464 | X15: =W15*K15 -> 787.6928 | Y15: =X15 -> 787.6928 | Z15: =ROUND(S15/0.4,0) -> 76 | AA15: =(0.3+0.15+0.05+(E15-0.2))*2*Z15*0.395*2 -> 132.088 | AB15: =(D15-0.1)*(2^0.5)*Z15*0.395*2 -> 50.945629
B16: ='0.结构参数'!B17 -> 东U3 | C16: ='0.结构参数'!J53 -> 6.50047 | D16: ='0.结构参数'!L53 -> 0.7 | E16: ='0.结构参数'!K53 -> 0.8 | F16: =C16+E16/2 -> 6.90047 | G16: =C16+E16 -> 7.30047 | H16: =('0.结构参数'!V17+'0.结构参数'!W17)/2 -> 22.25 | I16: =H16+D16 -> 22.95 | J16: =H16+D16*2 -> 23.65 | K16: ='0.结构参数'!D53 -> 20 | O16: =ROUND(R16/0.4,0) -> 100 | P16: =2*K16 -> 40 | Q16: =P16 -> 40 | R16: =Q16 -> 40 | S16: =F16+I16+L16*N16 -> 29.85047 | T16: =G16*2+J16 -> 38.25094 | U16: =C16*2+H16+L16*M16*N16*2 -> 35.25094 | V16: =D16*(2*F16+I16)+L16*M16*N16 -> 25.725658 | W16: =(2*G16+J16)*1 -> 38.25094 | X16: =W16*K16 -> 765.0188 | Y16: =X16 -> 765.0188 | Z16: =ROUND(S16/0.4,0) -> 75 | AA16: =(0.3+0.15+0.05+(E16-0.2))*2*Z16*0.395*2 -> 130.35 | AB16: =(D16-0.1)*(2^0.5)*Z16*0.395*2 -> 50.275292
B17: ='0.结构参数'!B18 -> 东U4 | C17: ='0.结构参数'!J54 -> 5.70928 | D17: ='0.结构参数'!L54 -> 0.6 | E17: ='0.结构参数'!K54 -> 0.7 | F17: =C17+E17/2 -> 6.05928 | G17: =C17+E17 -> 6.40928 | H17: =('0.结构参数'!V18+'0.结构参数'!W18)/2 -> 22.25 | I17: =H17+D17 -> 22.85 | J17: =H17+D17*2 -> 23.45 | K17: ='0.结构参数'!D54 -> 20 | O17: =ROUND(R17/0.4,0) -> 100 | P17: =2*K17 -> 40 | Q17: =P17 -> 40 | R17: =Q17 -> 40 | S17: =F17+I17+L17*N17 -> 28.90928 | T17: =G17*2+J17 -> 36.26856 | U17: =C17*2+H17+L17*M17*N17*2 -> 33.66856 | V17: =D17*(2*F17+I17)+L17*M17*N17 -> 20.981136 | W17: =(2*G17+J17)*1 -> 36.26856 | X17: =W17*K17 -> 725.3712 | Y17: =X17 -> 725.3712 | Z17: =ROUND(S17/0.4,0) -> 72 | AA17: =(0.3+0.15+0.05+(E17-0.2))*2*Z17*0.395*2 -> 113.76 | AB17: =(D17-0.1)*(2^0.5)*Z17*0.395*2 -> 40.220234
B18: ='0.结构参数'!B19 -> 东U5 | C18: ='0.结构参数'!J55 -> 4.9181 | D18: ='0.结构参数'!L55 -> 0.6 | E18: ='0.结构参数'!K55 -> 0.7 | F18: =C18+E18/2 -> 5.2681 | G18: =C18+E18 -> 5.6181 | H18: =('0.结构参数'!V19+'0.结构参数'!W19)/2 -> 22.25 | I18: =H18+D18 -> 22.85 | J18: =H18+D18*2 -> 23.45 | K18: ='0.结构参数'!D55 -> 20 | O18: =ROUND(R18/0.4,0) -> 100 | P18: =2*K18 -> 40 | Q18: =P18 -> 40 | R18: =Q18 -> 40 | S18: =F18+I18+L18*N18 -> 28.1181 | T18: =G18*2+J18 -> 34.6862 | U18: =C18*2+H18+L18*M18*N18*2 -> 32.0862 | V18: =D18*(2*F18+I18)+L18*M18*N18 -> 20.03172 | W18: =(2*G18+J18)*1 -> 34.6862 | X18: =W18*K18 -> 693.724 | Y18: =X18 -> 693.724 | Z18: =ROUND(S18/0.4,0) -> 70 | AA18: =(0.3+0.15+0.05+(E18-0.2))*2*Z18*0.395*2 -> 110.6 | AB18: =(D18-0.1)*(2^0.5)*Z18*0.395*2 -> 39.103005
B19: ='0.结构参数'!B20 -> 东U6 | C19: ='0.结构参数'!J56 -> 4.12691 | D19: ='0.结构参数'!L56 -> 0.5 | E19: ='0.结构参数'!K56 -> 0.6 | F19: =C19+E19/2 -> 4.42691 | G19: =C19+E19 -> 4.72691 | H19: =('0.结构参数'!V20+'0.结构参数'!W20)/2 -> 22.25 | I19: =H19+D19 -> 22.75 | J19: =H19+D19*2 -> 23.25 | K19: ='0.结构参数'!D56 -> 20 | O19: =ROUND(R19/0.4,0) -> 100 | P19: =2*K19 -> 40 | Q19: =P19 -> 40 | R19: =Q19 -> 40 | S19: =F19+I19+L19*N19 -> 27.17691 | T19: =G19*2+J19 -> 32.70382 | U19: =C19*2+H19+L19*M19*N19*2 -> 30.50382 | V19: =D19*(2*F19+I19)+L19*M19*N19 -> 15.80191 | W19: =(2*G19+J19)*1 -> 32.70382 | X19: =W19*K19 -> 654.0764 | Y19: =X19 -> 654.0764 | Z19: =ROUND(S19/0.4,0) -> 68 | AA19: =(0.3+0.15+0.05+(E19-0.2))*2*Z19*0.395*2 -> 96.696 | AB19: =(D19-0.1)*(2^0.5)*Z19*0.395*2 -> 30.388621
B20: ='0.结构参数'!B21 -> 东U7 | C20: ='0.结构参数'!J57 -> 3.33573 | D20: ='0.结构参数'!L57 -> 0.5 | E20: ='0.结构参数'!K57 -> 0.6 | F20: =C20+E20/2 -> 3.63573 | G20: =C20+E20 -> 3.93573 | H20: =('0.结构参数'!V21+'0.结构参数'!W21)/2 -> 22.25 | I20: =H20+D20 -> 22.75 | J20: =H20+D20*2 -> 23.25 | K20: ='0.结构参数'!D57 -> 20 | O20: =ROUND(R20/0.4,0) -> 100 | P20: =2*K20 -> 40 | Q20: =P20 -> 40 | R20: =Q20 -> 40 | S20: =F20+I20+L20*N20 -> 26.38573 | T20: =G20*2+J20 -> 31.12146 | U20: =C20*2+H20+L20*M20*N20*2 -> 28.92146 | V20: =D20*(2*F20+I20)+L20*M20*N20 -> 15.01073 | W20: =(2*G20+J20)*1 -> 31.12146 | X20: =W20*K20 -> 622.4292 | Y20: =X20 -> 622.4292 | Z20: =ROUND(S20/0.4,0) -> 66 | AA20: =(0.3+0.15+0.05+(E20-0.2))*2*Z20*0.395*2 -> 93.852 | AB20: =(D20-0.1)*(2^0.5)*Z20*0.395*2 -> 29.494838
B21: ='0.结构参数'!B22 -> 东U8 | C21: ='0.结构参数'!J58 -> 2.54454 | D21: ='0.结构参数'!L58 -> 0.3 | E21: ='0.结构参数'!K58 -> 0.4 | F21: =C21+E21/2 -> 2.74454 | G21: =C21+E21 -> 2.94454 | H21: =('0.结构参数'!V22+'0.结构参数'!W22)/2 -> 22.25 | I21: =H21+D21 -> 22.55 | J21: =H21+D21*2 -> 22.85 | K21: ='0.结构参数'!D58 -> 20 | O21: =ROUND(R21/0.4,0) -> 100 | P21: =2*K21 -> 40 | Q21: =P21 -> 40 | R21: =Q21 -> 40 | S21: =F21+I21+L21*N21 -> 25.29454 | T21: =G21*2+J21 -> 28.73908 | U21: =C21*2+H21+L21*M21*N21*2 -> 27.33908 | V21: =D21*(2*F21+I21)+L21*M21*N21 -> 8.411724 | W21: =(2*G21+J21)*1 -> 28.73908 | X21: =W21*K21 -> 574.7816 | Y21: =X21 -> 574.7816 | Z21: =ROUND(S21/0.4,0) -> 63 | AA21: =(0.3+0.15+0.05+(E21-0.2))*2*Z21*0.395*2 -> 69.678 | AB21: =(D21-0.1)*(2^0.5)*Z21*0.395*2 -> 14.077082
B22: ='0.结构参数'!B23 -> 东U9 | C22: ='0.结构参数'!J59 -> 1.94105 | D22: ='0.结构参数'!L59 -> 0.3 | E22: ='0.结构参数'!K59 -> 0.4 | F22: =C22+E22/2 -> 2.14105 | G22: =C22+E22 -> 2.34105 | H22: =('0.结构参数'!V23+'0.结构参数'!W23)/2 -> 22.25 | I22: =H22+D22 -> 22.55 | J22: =H22+D22*2 -> 22.85 | K22: ='0.结构参数'!D59 -> 20 | O22: =ROUND(R22/0.4,0) -> 100 | P22: =2*K22 -> 40 | Q22: =P22 -> 40 | R22: =Q22 -> 40 | S22: =F22+I22+L22*N22 -> 24.69105 | T22: =G22*2+J22 -> 27.5321 | U22: =C22*2+H22+L22*M22*N22*2 -> 26.1321 | V22: =D22*(2*F22+I22)+L22*M22*N22 -> 8.04963 | W22: =(2*G22+J22)*1 -> 27.5321 | X22: =W22*K22 -> 550.642 | Y22: =X22 -> 550.642 | Z22: =ROUND(S22/0.4,0) -> 62 | AA22: =(0.3+0.15+0.05+(E22-0.2))*2*Z22*0.395*2 -> 68.572 | AB22: =(D22-0.1)*(2^0.5)*Z22*0.395*2 -> 13.853636
B23: ='0.结构参数'!B24 -> 东U10 | C23: ='0.结构参数'!J60 -> 1.33755 | D23: ='0.结构参数'!L60 -> 0.3 | E23: ='0.结构参数'!K60 -> 0.4 | F23: =C23+E23/2 -> 1.53755 | G23: =C23+E23 -> 1.73755 | H23: =('0.结构参数'!V24+'0.结构参数'!W24)/2 -> 22.25 | I23: =H23+D23 -> 22.55 | J23: =H23+D23*2 -> 22.85 | K23: ='0.结构参数'!D60 -> 20 | O23: =ROUND(R23/0.4,0) -> 100 | P23: =2*K23 -> 40 | Q23: =P23 -> 40 | R23: =Q23 -> 40 | S23: =F23+I23+L23*N23 -> 24.08755 | T23: =G23*2+J23 -> 26.3251 | U23: =C23*2+H23+L23*M23*N23*2 -> 24.9251 | V23: =D23*(2*F23+I23)+L23*M23*N23 -> 7.68753 | W23: =(2*G23+J23)*1 -> 26.3251 | X23: =W23*K23 -> 526.502 | Y23: =X23 -> 526.502 | Z23: =ROUND(S23/0.4,0) -> 60 | AA23: =(0.3+0.15+0.05+(E23-0.2))*2*Z23*0.395*2 -> 66.36 | AB23: =(D23-0.1)*(2^0.5)*Z23*0.395*2 -> 13.406745
B24: ='0.结构参数'!B25 -> 西U10-1 | C24: ='0.结构参数'!J61 -> 1.61126 | D24: ='0.结构参数'!L61 -> 0.3 | E24: ='0.结构参数'!K61 -> 0.4 | F24: =C24+E24/2 -> 1.81126 | G24: =C24+E24 -> 2.01126 | H24: =('0.结构参数'!V25+'0.结构参数'!W25)/2 -> 22.25 | I24: =H24+D24 -> 22.55 | J24: =H24+D24*2 -> 22.85 | K24: ='0.结构参数'!D61 -> 20 | O24: =ROUND(R24/0.4,0) -> 100 | P24: =2*K24 -> 40 | Q24: =P24 -> 40 | R24: =Q24 -> 40 | S24: =F24+I24+L24*N24 -> 24.36126 | T24: =G24*2+J24 -> 26.87252 | U24: =C24*2+H24+L24*M24*N24*2 -> 25.47252 | V24: =D24*(2*F24+I24)+L24*M24*N24 -> 7.851756 | W24: =(2*G24+J24)*1 -> 26.87252 | X24: =W24*K24 -> 537.4504 | Y24: =X24 -> 537.4504 | Z24: =ROUND(S24/0.4,0) -> 61 | AA24: =(0.3+0.15+0.05+(E24-0.2))*2*Z24*0.395*2 -> 67.466 | AB24: =(D24-0.1)*(2^0.5)*Z24*0.395*2 -> 13.63019
B25: ='0.结构参数'!B26 -> 西U9-1 | C25: ='0.结构参数'!J62 -> 2.17365 | D25: ='0.结构参数'!L62 -> 0.3 | E25: ='0.结构参数'!K62 -> 0.4 | F25: =C25+E25/2 -> 2.37365 | G25: =C25+E25 -> 2.57365 | H25: =('0.结构参数'!V26+'0.结构参数'!W26)/2 -> 22.25 | I25: =H25+D25 -> 22.55 | J25: =H25+D25*2 -> 22.85 | K25: ='0.结构参数'!D62 -> 20 | O25: =ROUND(R25/0.4,0) -> 100 | P25: =2*K25 -> 40 | Q25: =P25 -> 40 | R25: =Q25 -> 40 | S25: =F25+I25+L25*N25 -> 24.92365 | T25: =G25*2+J25 -> 27.9973 | U25: =C25*2+H25+L25*M25*N25*2 -> 26.5973 | V25: =D25*(2*F25+I25)+L25*M25*N25 -> 8.18919 | W25: =(2*G25+J25)*1 -> 27.9973 | X25: =W25*K25 -> 559.946 | Y25: =X25 -> 559.946 | Z25: =ROUND(S25/0.4,0) -> 62 | AA25: =(0.3+0.15+0.05+(E25-0.2))*2*Z25*0.395*2 -> 68.572 | AB25: =(D25-0.1)*(2^0.5)*Z25*0.395*2 -> 13.853636
B26: ='0.结构参数'!B27 -> 西U6-1 | C26: ='0.结构参数'!J63 -> 4.54681 | D26: ='0.结构参数'!L63 -> 0.5 | E26: ='0.结构参数'!K63 -> 0.6 | F26: =C26+E26/2 -> 4.84681 | G26: =C26+E26 -> 5.14681 | H26: =('0.结构参数'!V27+'0.结构参数'!W27)/2 -> 12.5 | I26: =H26+D26 -> 13 | J26: =H26+D26*2 -> 13.5 | K26: ='0.结构参数'!D63 -> 20 | O26: =ROUND(R26/0.4,0) -> 100 | P26: =2*K26 -> 40 | Q26: =P26 -> 40 | R26: =Q26 -> 40 | S26: =F26+I26+L26*N26 -> 17.84681 | T26: =G26*2+J26 -> 23.79362 | U26: =C26*2+H26+L26*M26*N26*2 -> 21.59362 | V26: =D26*(2*F26+I26)+L26*M26*N26 -> 11.34681 | W26: =(2*G26+J26)*1 -> 23.79362 | X26: =W26*K26 -> 475.8724 | Y26: =X26 -> 475.8724 | Z26: =ROUND(S26/0.4,0) -> 45 | AA26: =(0.3+0.15+0.05+(E26-0.2))*2*Z26*0.395*2 -> 63.99 | AB26: =(D26-0.1)*(2^0.5)*Z26*0.395*2 -> 20.110117
... B35: ='0.结构参数'!B36 -> 0 | C35: ='0.结构参数'!J72 -> 0 | D35: ='0.结构参数'!L72 -> 0.3 | E35: ='0.结构参数'!K72 -> 0.4 | F35: =C35+E35/2 -> 0.2 | G35: =C35+E35 -> 0.4 | H35: =('0.结构参数'!V36+'0.结构参数'!W36)/2 -> 0 | I35: =H35+D35 -> 0.3 | J35: =H35+D35*2 -> 0.6 | K35: ='0.结构参数'!D72 -> 0 | O35: =ROUND(R35/0.4,0) -> 0 | P35: =2*K35 -> 0 | Q35: =P35 -> 0 | R35: =Q35 -> 0 | S35: =F35+I35+L35*N35 -> 0.5 | T35: =G35*2+J35 -> 1.4 | U35: =C35*2+H35+L35*M35*N35*2 -> 0 | V35: =D35*(2*F35+I35)+L35*M35*N35 -> 0.21 | W35: =(2*G35+J35)*1 -> 1.4 | X35: =W35*K35 -> 0 | Y35: =X35 -> 0 | Z35: =ROUND(S35/0.4,0) -> 1 | AA35: =(0.3+0.15+0.05+(E35-0.2))*2*Z35*0.395*2 -> 1.106 | AB35: =(D35-0.1)*(2^0.5)*Z35*0.395*2 -> 0.22344574
O36: =SUM(O4:O35)*0.62*4.834/1000 -> 9.1860502 | Q36: =SUM(Q4:Q35) -> 1226 | R36: =SUM(R4:R35) -> 1226 | S36: =SUM(S4:S35) -> 776.3304 | T36: =SUM(T4:T35) -> 970.5608 | U36: =SUM(U4:U35) -> 896.9608 | V36: =SUM(V4:V35) -> 511.03331 | W36: =SUM(W4:W35) -> 970.5608 | X36: =SUM(X4:X35) -> 19089.85 | ... AB36: =SUM(AB4:AB35) -> 943.2762
X37: =W36+X36 -> 20060.411

Sheet 5.地基加固
A1: 水泥搅拌桩计算
A3: 设计计算： | B3: 机具条件： | C3: 直径D(mm) | E3: 桩长范围土层名称 | F3: 土厚li(m) | G3: 桩侧土磨擦阻力特征值(qsia) | H3: 桩端土阻力(qp:未修正承载力特征值)
C4: 0.6 | E4: 1 | F4: 3.2 | G4: 15 | H4: 60
B5: 有效桩长(m) | C5: L= | D5: =F9 -> 6 | E5: 2 | F5: 1.9 | G5: 38 | H5: 100
B6: 桩截面面积(m2) | C6: Ap=D2*3.14/4 | D6: =C4*C4*3.14/4 -> 0.2826 | E6: 3 | F6: 0.9 | G6: 35 | H6: 100
B7: 桩周长μp | C7: μp=D*3.14 | D7: =C4*3.14 -> 1.884 | E7: 4
E8: 5
E9: 6 | F9: =SUM(F4:F8) -> 6
A10: 1.单桩承载力：
A11: 参数取值：： | B11: 桩身强度折减系数：η(0.2~0.3) | C11: 桩端天然土承载力折减系数:α | D11: 桩间土承载力折减系数：β(0.1~0.4) | E11: 桩间天然土承载力特征值fsk(Kpa) | F11: 面积置换率m(0.1~0.2) | G11: 桩身水泥土无侧限抗压强度标准值fcu(0.4~4MPa) | H11: 桩端土阻力qp
B12: 0.3 | C12: 1 | D12: 0.4 | E12: 60 | F12: =C18 -> 0.22535211 | G12: 1.5 | H12: =H5 -> 100 | J12: 折减系数 高压旋1与分碰撞0.4~0.6取值有差别
A13: 2.单桩承载力特征值(取小值) | B13: Ra=μp*∑qsia*li+α*A*qp | C13: =D7*(F4*G4+F5*G5+F6*G6+F7*G7+F8*G8+F9*G9)+C12*D6*H12 -> 314.0628 | J13: 桩间土取小值
B14: Ra=η*fcu*Ap | C14: =B12*G12*1000*D6 -> 127.17
A15: 取值Ra= | B15: =MIN(C13,C14) -> 127.17 | J15: 无侧限抗压强度 高压2-3 粉喷1.2-1.5
A16: 3.复合地基承载力特征值fspk | B16: fspk=m*Ra/Ap+β*(1-m)*fsk | C16: 120
A17: 4.面积置换率、布桩数
A18: 面积置换率 | B18: m=(fspk-β*fsk)/(Ra/Ap-β*fsk) | C18: =(C16-D12*E12)/(B15/D6-D12*E12) -> 0.22535211 | D18: 布桩数n | E18: n=m*A/Ap | F18: =C18*20/D6 -> 15.948486 | G18: =1/F18*20 -> 1.2540375
A19: 5.结论：
A20: 有效桩长L= | B20: =F4+F5+F6+F7+F8 -> 6
A21: 单桩承载力特征值Ra= | B21: =B15 -> 127.17
A22: 复合地基承载力特征值fspk= | B22: =C16 -> 120
A23: 桩身水泥土强度标准值fcu= | B23: =G12 -> 1.5
A24: 说明：1。本表按GB-JGJ79-2002编制。水泥搅拌桩分为干法和湿法。桩身强度折减系数μ，干法取0.2~0.3；湿法取0.25~0.33。
A25: 2。红色部分人工输入

Sheet 6.无压非完整井
A1: 基坑降水 | E1: 管井 不完整井 | I1: 红色为输入数据
A2: 基本数据 | B2: 名称 | C2: 单位 | D2: 数量 | G2: 附注 | I2: 先输入K，I，滤管长度，井群L、B；
B3: 渗透系数K | C3: m/d | D3: 0.0518 | E3: 底板标高 | F3: 3.073 | I3: 底板标高，最高水位
B4: 水力坡度I | D4: 0.1 | E4: 最高水位标高 | F4: 2.75
B5: 过滤器工作长度l | C5: m | D5: 1.5 | E5: 基坑中心降水值D | F5: 1.077
B6: 井群长度L | C6: m | D6: 51 | E6: L+B | F6: =D6+D7 -> 61
B7: 井群宽度B | C7: m | D7: 10 | E7: B/L | F7: =D7/D6 -> 0.19607843 | G7: 0.4
B8: 水位降深s | C8: m | D8: =F5+D4*D11 -> 2.846 | E8: n | F8: =D8/(D8+D5) -> 0.65485504 | G8: 0.85
B9: 有效厚度H0 | C9: m | D9: =F9*(D8+D5) -> 8.12702 | E9: n' | F9: 1.87 | G9: 查表P193，2-69
B10: 基坑动水位至含水层底板厚度h0 | C10: m | D10: =D9-F5 -> 7.05002
A11: 计算结果 | B11: 引用半径x0 | C11: m | D11: =F11*F6/4 -> 17.69 | E11: ζ | F11: 1.16 | G11: 查表P191,2-66
B12: 基坑中心影响半径R0 | C12: m | D12: =F12+D11 -> 24.167386 | E12: R | F12: =10*D8*SQRT(D3) -> 6.477386
B13: 基坑涌水量 | C13: m3/d | D13: =1.366*D3*(POWER(D9,2)-POWER(D10,2))/(LOG(D12)-LOG(D11)) -> 8.5356782
A15: 基本数据 | B15: 名称 | C15: 单位 | D15: 数量 | E15: 附注
B16: 井出地面高度h | C16: m | D16: 0.4 | E16: 经验值
B17: 降水后地下水位至基坑底面的距离△h | C17: m | D17: 1
B18: 水力梯度i | C18: m | D18: 0.1 | E18: 环形布置
B19: 井管至基坑顶面边缘距离h1 | C19: m | D19: 1
B20: 地面至基坑底深度H | C20: m | D20: =F5 -> 1.077
A22: 计算结果 | B22: 管井管埋置深度L | C22: m | D22: =D20+D16+D17+D18*(D11+D19)+D5 -> 5.846 | E22: 含滤管
A24: 基本数据 | B24: 名称 | C24: 单位 | D24: 数量 | E24: 附注
B25: 过滤器半径rc | C25: mm | D25: 300
B26: 与含水层渗透系数有关的经验系数 | D26: 30 | F26: 查表（建筑与市政降水工程技术规范6.4.5）
B27: 井管允许进水量q' | C27: m3/d | D27: =24*D5*D25/D26 -> 360 | E27: N' | F27: =D13/D27 -> 0.023710217
A29: 计算结果 | B29: 管井数量n | C29: 个 | D29: =2*F6/D30 -> 24.4
B30: 间距a | C30: m | D30: =IF(E30>5,5,E30) -> 5 | E30: =2*F6/F27 -> 5145.4611

Sheet 6.降水井数据
B4: 渗透系数K | C4: =L22 -> 0.0007776 | D4: =L22 -> 0.0007776 | E4: =L21 -> 0.3456 | F4: =L21 -> 0.3456 | G4: =L20 -> 0.00066528 | H4: =L20 -> 0.00066528 | I4: =L19 -> 0.05184 | J4: =L19 -> 0.05184 | K4: 0.0518 | N4: 渗透系数K | O4: m/d | P4: 0.0518
B5: 水力坡度I | C5: 0.1 | D5: 0.1 | E5: 0.15 | F5: 0.15 | G5: 0.15 | H5: 0.15 | I5: 0.1 | J5: 0.1 | K5: 0.1 | N5: 水力坡度I | P5: 0.1
B6: 过滤器工作长度l | C6: 1.5 | D6: 1.5 | E6: 1.5 | F6: 1.5 | G6: 1.5 | H6: 1.5 | I6: 1.5 | J6: 1.5 | K6: 1.5 | N6: 过滤器工作长度l | O6: m | P6: 1.5
B7: 井群长度L | C7: =47+4 -> 51 | D7: =47+4 -> 51 | E7: =47+4 -> 51 | F7: =47+4 -> 51 | G7: =47+4 -> 51 | H7: =47+4 -> 51 | I7: =47+4 -> 51 | J7: =47+4 -> 51 | K7: =47+4 -> 51 | N7: 井群长度L | O7: m | P7: 51
B8: 井群宽度B | C8: 20 | D8: 20 | E8: 20 | F8: 20 | G8: 20 | H8: 10 | I8: 20 | J8: 20 | K8: 10 | N8: 井群宽度B | O8: m | P8: 10
B9: 底板标高 | C9: -2.966 | D9: -1.884 | E9: -1.083 | F9: -0.282 | G9: 0.519 | H9: 1.22 | I9: 1.671 | J9: 2.272 | K9: 3.073 | N9: 底板标高 | O9: 3.073
B10: 最高水位标高 | C10: 2.75 | D10: 2.75 | E10: 2.75 | F10: 2.75 | G10: 2.75 | H10: 2.75 | I10: 2.75 | J10: 2.75 | K10: 2.75 | N10: 最高水位标高 | O10: 2.75
B11: H | C11: =C12-C9 -> 7.116 | D11: =D12-D9 -> 6.034 | E11: =E12-E9 -> 5.233 | F11: =F12-F9 -> 4.432 | G11: =G12-G9 -> 3.631 | H11: =H12-H9 -> 2.93 | I11: =I12-I9 -> 2.479 | J11: =J12-J9 -> 1.878 | K11: =K12-K9 -> 1.077
B12: 地面高度 | C12: 4.15 | D12: 4.15 | E12: 4.15 | F12: 4.15 | G12: 4.15 | H12: 4.15 | I12: 4.15 | J12: 4.15 | K12: 4.15 | N12: 基坑中心降水值D | O12: 1.077
B13: n' | C13: 1.87 | D13: 1.87 | E13: 1.87 | F13: 1.87 | G13: 1.87 | H13: 1.87 | I13: 1.87 | J13: 1.87 | K13: 1.87
B14: ζ | C14: 1.16 | D14: 1.16 | E14: 1.16 | F14: 1.16 | G14: 1.16 | H14: 1.16 | I14: 1.16 | J14: 1.16 | K14: 1.16
B15: 井管长度 | C15: 11.3 | D15: 11.1 | E15: 10.3 | F15: 9.5 | G15: 8.7 | H15: 7.7 | I15: 7.5 | J15: 7 | K15: 5.9
C16: 12 | D16: 12 | E16: 11 | F16: 10 | G16: 9 | H16: 8 | I16: 8 | J16: 7 | K16: 6
C18: 东U1 | D18: 东U2 | E18: 东U3 | F18: 东U4 | G18: 东U5 | H18: 东U6 | I18: 东U7 | L18: 渗透系数
B19: 渗透系数K | C19: 0.0008 | D19: 0.0008 | E19: 0.0008 | F19: 0.3456 | G19: 0.3456 | H19: 0.0007 | I19: 0.0007 | K19: 6e-05 | L19: =K19*24*36 -> 0.05184 | M19: 2
B20: 水力坡度I | C20: 0.15 | D20: 0.15 | E20: 0.15 | F20: 0.15 | G20: 0.15 | H20: 0.15 | I20: 0.15 | K20: 7.7e-07 | L20: =K20*24*36 -> 0.00066528 | M20: 3-1
B21: 过滤器工作长度l | C21: 1.5 | D21: 1.5 | E21: 1.5 | F21: 1.5 | G21: 1.5 | H21: 1.5 | I21: 1.5 | K21: 0.0004 | L21: =K21*24*36 -> 0.3456 | M21: 3-2
B22: 井群长度L | C22: 41.3 | D22: 41.3 | E22: 41.3 | F22: 41.3 | G22: 41.3 | H22: 41.3 | I22: 41.3 | K22: 9e-07 | L22: =K22*24*36 -> 0.0007776 | M22: 3-3
B23: 井群宽度B | C23: 20 | D23: 20 | E23: 20 | F23: 20 | G23: 20 | H23: 20 | I23: 10 | K23: 2e-08 | L23: =K23*24*36 -> 1.728e-05 | M23: 4
B24: 底板标高 | C24: -1.748 | D24: -0.902 | E24: -0.101 | F24: 0.7 | G24: 1.501 | H24: 2.202 | I24: 2.903 | K24: 2e-08 | L24: =K24*24*36 -> 1.728e-05 | M24: 5
B25: 最高水位标高 | C25: 0.81 | D25: 0.81 | E25: 0.81 | F25: 2.75 | G25: 2.75 | H25: 2.75 | I25: 2.75
B26: H | C26: =C27-C24 -> 6.175 | D26: =D27-D24 -> 5.329 | E26: =E27-E24 -> 4.528 | F26: =F27-F24 -> 3.727 | G26: =G27-G24 -> 2.926 | H26: =H27-H24 -> 2.225 | I26: =I27-I24 -> 1.524
B27: 地面高度 | C27: 4.427 | D27: 4.427 | E27: 4.427 | F27: 4.427 | G27: 4.427 | H27: 4.427 | I27: 4.427
B28: n' | C28: 1.85 | D28: 1.85 | E28: 1.85 | F28: 1.85 | G28: 1.85 | H28: 1.85 | I28: 1.85
B29: ζ | C29: 1.17 | D29: 1.17 | E29: 1.17 | F29: 1.17 | G29: 1.17 | H29: 1.17 | I29: 1.17
B30: 井管长度 | C30: 11 | D30: 10.1 | E30: 9.5 | F30: 8.5 | G30: 7.7 | H30: 7 | I30: 6
C31: 12 | D31: 11 | E31: 10 | F31: 9 | G31: 8 | H31: 7 | I31: 6

Sheet 基坑计算
B2: 序号 | C2: 名称 | D2: 基坑深度 | E2: 嵌固深度 | F2: 桩基长度 | G2: 实际桩长 | H2: 桩基数量 | I2: 总长
B3: 1 | C3: ZU1 | D3: 3.6 | E3: 4.4 | F3: =D3+E3 -> 8 | G3: =ROUND(F3+2,0) -> 10 | H3: 44 | I3: =G3*H3 -> 440
B4: 2 | C4: ZU2 | D4: 3.6 | E4: 4.4 | F4: =D4+E4 -> 8 | G4: =ROUND(F4+2,0) -> 10 | H4: 14 | I4: =G4*H4 -> 140
B5: 3 | C5: ZU3 | D5: 4.4 | E5: 5.6 | F5: =D5+E5 -> 10 | G5: =ROUND(F5+2,0) -> 12 | H5: 13 | I5: =G5*H5 -> 156
B6: 4 | C6: ZU4 | D6: 4.6 | E6: 6.4 | F6: =D6+E6 -> 11 | G6: =ROUND(F6+2,0) -> 13 | H6: 17 | I6: =G6*H6 -> 221
B7: 5 | C7: ZU5 | D7: 0 | E7: 0 | F7: 0 | G7: 0 | H7: 0 | I7: 0
B8: 6 | C8: ZU6 | D8: 0 | E8: 0 | F8: 0 | G8: 0 | H8: 0 | I8: 0
B9: 7 | C9: ZU7 | D9: 0 | E9: 0 | F9: 0 | G9: 0 | H9: 0 | I9: 0
B10: 8 | C10: ZU8 | D10: 8.6 | E10: 11.2 | F10: =D10+E10 -> 19.8 | G10: =ROUND(F10+2,0) -> 22 | H10: 12 | I10: =G10*H10 -> 264
B11: 9 | C11: ZU9 | D11: 8 | E11: 10.4 | F11: =D11+E11 -> 18.4 | G11: =ROUND(F11+2,0) -> 20 | H11: 13 | I11: =G11*H11 -> 260
B12: 10 | C12: ZU10 | D12: 7.4 | E12: 9.6 | F12: =D12+E12 -> 17 | G12: =ROUND(F12+2,0) -> 19 | H12: 13 | I12: =G12*H12 -> 247
B13: 11 | C13: ZU11 | D13: 7 | E13: 9.1 | F13: =D13+E13 -> 16.1 | G13: =ROUND(F13+2,0) -> 18 | H13: 13 | I13: =G13*H13 -> 234
B14: 12 | C14: ZU12 | D14: 6.8 | E14: 8.8 | F14: =D14+E14 -> 15.6 | G14: =ROUND(F14+2,0) -> 18 | H14: 13 | I14: =G14*H14 -> 234
B15: 13 | C15: ZU13 | D15: 7 | E15: 9.1 | F15: =D15+E15 -> 16.1 | G15: =ROUND(F15+2,0) -> 18 | H15: 13 | I15: =G15*H15 -> 234
B16: 14 | C16: ZU14 | D16: 4.6 | E16: 6 | F16: =D16+E16 -> 10.6 | G16: =ROUND(F16+2,0) -> 13 | H16: 13 | I16: =G16*H16 -> 169
B17: 15 | C17: ZU15 | D17: 3.5 | E17: 4.5 | F17: =D17+E17 -> 8 | G17: =ROUND(F17+2,0) -> 10 | H17: 13 | I17: =G17*H17 -> 130
B18: 16 | C18: ZU16 | D18: 3.7 | E18: 4.8 | F18: =D18+E18 -> 8.5 | G18: =ROUND(F18+2,0) -> 11 | H18: 32 | I18: =G18*H18 -> 352
B20: 17 | C20: YU1 | D20: 3.2 | E20: 4.8 | F20: =D20+E20 -> 8 | G20: =ROUND(F20+2,0) -> 10 | H20: 45 | I20: =G20*H20 -> 450
B21: 18 | C21: YU2 | D21: 4.1 | E21: 5.3 | F21: =D21+E21 -> 9.4 | G21: =ROUND(F21+2,0) -> 11 | H21: 12 | I21: =G21*H21 -> 132
B22: 19 | C22: YU3 | D22: 4.2 | E22: 5.8 | F22: =D22+E22 -> 10 | G22: =ROUND(F22+2,0) -> 12 | H22: 14 | I22: =G22*H22 -> 168
B23: 20 | C23: YU4 | D23: 4.3 | E23: 5.7 | F23: =D23+E23 -> 10 | G23: =ROUND(F23+2,0) -> 12 | H23: 17 | I23: =G23*H23 -> 204
B24: 21 | C24: YU5
B25: 22 | C25: YU6
B26: 23 | C26: YU7
B27: 24 | C27: YU8 | D27: 8.5 | E27: 11 | F27: =D27+E27 -> 19.5 | G27: =ROUND(F27+2,0) -> 22 | H27: 11 | I27: =G27*H27 -> 242
B28: 25 | C28: YU9 | D28: 7.9 | E28: 10.1 | F28: =D28+E28 -> 18 | G28: =ROUND(F28+2,0) -> 20 | H28: 14 | I28: =G28*H28 -> 280
B29: 26 | C29: YU10 | D29: 7.2 | E29: 9.4 | F29: =D29+E29 -> 16.6 | G29: =ROUND(F29+2,0) -> 19 | H29: 13 | I29: =G29*H29 -> 247
B30: 27 | C30: YU11 | D30: 6.7 | E30: 8.7 | F30: =D30+E30 -> 15.4 | G30: =ROUND(F30+2,0) -> 17 | H30: 14 | I30: =G30*H30 -> 238
B31: 28 | C31: YU12 | D31: 6.4 | E31: 8.3 | F31: =D31+E31 -> 14.7 | G31: =ROUND(F31+2,0) -> 17 | H31: 14 | I31: =G31*H31 -> 238
B32: 29 | C32: YU13 | D32: 6.6 | E32: 8.5 | F32: =D32+E32 -> 15.1 | G32: =ROUND(F32+2,0) -> 17 | H32: 13 | I32: =G32*H32 -> 221
B33: 30 | C33: YU14 | D33: 4.6 | E33: 6 | F33: =D33+E33 -> 10.6 | G33: =ROUND(F33+2,0) -> 13 | H33: 14 | I33: =G33*H33 -> 182
B34: 31 | C34: YU15 | D34: 3.1 | E34: 4.1 | F34: =D34+E34 -> 7.2 | G34: =ROUND(F34+2,0) -> 9 | H34: 13 | I34: =G34*H34 -> 117
B35: 32 | C35: YU16 | D35: 3.2 | E35: 4.2 | F35: =D35+E35 -> 7.4 | G35: =ROUND(F35+2,0) -> 9 | H35: 34 | I35: =G35*H35 -> 306
D38: 桩长 | E38: 9000 | F38: 螺旋筋间距 | G38: 200 | H38: 螺旋筋直径 | I38: 1136 | N38: 桩长 | O38: 19000 | P38: 螺旋筋间距 | Q38: 200 | R38: 螺旋筋直径 | S38: 1136
B39: ZU1\ZU2\ZU15\YU1 | C39: 编号 | D39: 规格 | E39: 大样(mm) | F39: 单根长(mm) | G39: 根数 | H39: 每米重(kg/m) | I39: 总长(m) | J39: 总重(kg) | L39: ZU9\YU9 | M39: 编号 | N39: 规格 | O39: 大样(mm) | P39: 单根长(mm) | Q39: 根数 | R39: 每米重(kg/m) | S39: 总长(m) | T39: 总重(kg)
C40: N1 | D40: 20 | F40: =D47-100+ROUNDUP((IF(D40<26,10.927,11.212))*D40,0) -> 10119 | G40: 28 | H40: =ROUND(D40^2*PI()/4/1000000*7850,3) -> 2.466 | I40: =G40*F40/1000 -> 283.332 | J40: =H40*I40 -> 698.69671 | M40: N1 | N40: 20 | P40: =N47-100+ROUNDUP((IF(N40<26,10.927,11.212))*N40,0) -> 20119 | Q40: 28 | R40: =ROUND(N40^2*PI()/4/1000000*7850,3) -> 2.466 | S40: =Q40*P40/1000 -> 563.332 | T40: =R40*S40 -> 1389.1767
C41: N2 | D41: 12 | F41: =((PI()*I38)^2+G38^2)^0.5*E47+2*PI()*I38 -> 164413.45 | G41: 1 | H41: =ROUND(D41^2*PI()/4/1000000*7850,3) -> 0.888 | I41: =G41*F41/1000 -> 164.41345 | J41: =H41*I41 -> 145.99914 | M41: N2 | N41: 12 | P41: =((PI()*S38)^2+Q38^2)^0.5*O47+2*PI()*S38 -> 343135.9 | Q41: 1 | R41: =ROUND(N41^2*PI()/4/1000000*7850,3) -> 0.888 | S41: =Q41*P41/1000 -> 343.1359 | T41: =R41*S41 -> 304.70468
C42: N3 | D42: 20 | F42: 3504 | G42: =H47+1 -> 5 | H42: =ROUND(D42^2*PI()/4/1000000*7850,3) -> 2.466 | I42: =G42*F42/1000 -> 17.52 | J42: =H42*I42 -> 43.20432 | M42: N3 | N42: 20 | P42: 3504 | Q42: =R47+1 -> 10 | R42: =ROUND(N42^2*PI()/4/1000000*7850,3) -> 2.466 | S42: =Q42*P42/1000 -> 35.04 | T42: =R42*S42 -> 86.40864
C43: N4 | D43: 16 | F43: 450 | G43: =G42*4 -> 20 | H43: =ROUND(D43^2*PI()/4/1000000*7850,3) -> 1.578 | I43: =G43*F43/1000 -> 9 | J43: =H43*I43 -> 14.202 | M43: N4 | N43: 16 | P43: 450 | Q43: =Q42*4 -> 40 | R43: =ROUND(N43^2*PI()/4/1000000*7850,3) -> 1.578 | S43: =Q43*P43/1000 -> 18 | T43: =R43*S43 -> 28.404
B44: 44+14+13+45=116 | C44: C25混凝土: | E44: =PI()*(C47/1000/2)^2*E38/1000 -> 11.044662 | F44: HRB400钢筋: | G44: =J40+J42+J43 -> 756.10303 | I44: HPB300钢筋: | J44: =J41 -> 145.99914 | L44: 13+14=27根 | M44: C25混凝土: | O44: =PI()*(M47/1000/2)^2*O38/1000 -> 23.316508 | P44: HRB400钢筋: | Q44: =T40+T42+T43 -> 1503.9894 | S44: HPB300钢筋: | T44: =T41 -> 304.70468
C45: 总 | E45: =E44*116 -> 1281.1808 | G45: =G44*116 -> 87707.952 | J45: =J44*116 -> 16935.901 | O45: =O44*27 -> 629.54572 | Q45: =Q44*27 -> 40607.713 | T45: =T44*27 -> 8227.0262
C46: 直径D | D46: 桩长L | E46: n | F46: d | G46: e1 | H46: m | I46: b | J46: e2 | M46: 直径D | N46: 桩长L | O46: n | P46: d | Q46: e1 | R46: m | S46: b | T46: e2
C47: 1250 | D47: =E38+1000 -> 10000 | E47: =ROUNDDOWN((E38-50-F47/2)/F47,0) -> 44 | F47: =G38 -> 200 | G47: =E38-E47*F47-F47/2 -> 100 | H47: =ROUNDDOWN((E38-I47)/(I47*2),0) -> 4 | I47: =F47*5 -> 1000 | J47: =E38-I47-I47*H47*2 -> 0 | M47: 1250 | N47: =O38+1000 -> 20000 | O47: =ROUNDDOWN((O38-50-P47/2)/P47,0) -> 94 | P47: =Q38 -> 200 | Q47: =O38-O47*P47-P47/2 -> 100 | R47: =ROUNDDOWN((O38-S47)/(S47*2),0) -> 9 | S47: =P47*5 -> 1000 | T47: =O38-S47-S47*R47*2 -> 0
D49: 桩长 | E49: 11000 | F49: 螺旋筋间距 | G49: 200 | H49: 螺旋筋直径 | I49: 1136 | N49: 桩长 | O49: 18000 | P49: 螺旋筋间距 | Q49: 200 | R49: 螺旋筋直径 | S49: 1136
B50: ZU3\YU3\YU4 | C50: 编号 | D50: 规格 | E50: 大样(mm) | F50: 单根长(mm) | G50: 根数 | H50: 每米重(kg/m) | I50: 总长(m) | J50: 总重(kg) | L50: ZU10/YU10 | M50: 编号 | N50: 规格 | O50: 大样(mm) | P50: 单根长(mm) | Q50: 根数 | R50: 每米重(kg/m) | S50: 总长(m) | T50: 总重(kg)
C51: N1 | D51: 20 | F51: =D58-100+ROUNDUP((IF(D51<26,10.927,11.212))*D51,0) -> 12119 | G51: 28 | H51: =ROUND(D51^2*PI()/4/1000000*7850,3) -> 2.466 | I51: =G51*F51/1000 -> 339.332 | J51: =H51*I51 -> 836.79271 | M51: N1 | N51: 20 | P51: =N58-100+ROUNDUP((IF(N51<26,10.927,11.212))*N51,0) -> 19119 | Q51: 28 | R51: =ROUND(N51^2*PI()/4/1000000*7850,3) -> 2.466 | S51: =Q51*P51/1000 -> 535.332 | T51: =R51*S51 -> 1320.1287
C52: N2 | D52: 12 | F52: =((PI()*I49)^2+G49^2)^0.5*E58+2*PI()*I49 -> 200157.94 | G52: 1 | H52: =ROUND(D52^2*PI()/4/1000000*7850,3) -> 0.888 | I52: =G52*F52/1000 -> 200.15794 | J52: =H52*I52 -> 177.74025 | M52: N2 | N52: 12 | P52: =((PI()*S49)^2+Q49^2)^0.5*O58+2*PI()*S49 -> 325263.65 | Q52: 1 | R52: =ROUND(N52^2*PI()/4/1000000*7850,3) -> 0.888 | S52: =Q52*P52/1000 -> 325.26365 | T52: =R52*S52 -> 288.83412
C53: N3 | D53: 20 | F53: 3504 | G53: =H58+1 -> 6 | H53: =ROUND(D53^2*PI()/4/1000000*7850,3) -> 2.466 | I53: =G53*F53/1000 -> 21.024 | J53: =H53*I53 -> 51.845184 | M53: N3 | N53: 20 | P53: 3504 | Q53: =R58+1 -> 9 | R53: =ROUND(N53^2*PI()/4/1000000*7850,3) -> 2.466 | S53: =Q53*P53/1000 -> 31.536 | T53: =R53*S53 -> 77.767776
C54: N4 | D54: 16 | F54: 450 | G54: =G53*4 -> 24 | H54: =ROUND(D54^2*PI()/4/1000000*7850,3) -> 1.578 | I54: =G54*F54/1000 -> 10.8 | J54: =H54*I54 -> 17.0424 | M54: N4 | N54: 16 | P54: 450 | Q54: =Q53*4 -> 36 | R54: =ROUND(N54^2*PI()/4/1000000*7850,3) -> 1.578 | S54: =Q54*P54/1000 -> 16.2 | T54: =R54*S54 -> 25.5636
B55: 13+14+17=44 | C55: C25混凝土: | E55: =PI()*(C58/1000/2)^2*E49/1000 -> 13.499031 | F55: HRB400钢筋: | G55: =J51+J53+J54 -> 905.6803 | I55: HPB300钢筋: | J55: =J52 -> 177.74025 | L55: 13+13=26 | M55: C25混凝土: | O55: =PI()*(M58/1000/2)^2*O49/1000 -> 22.089323 | P55: HRB400钢筋: | Q55: =T51+T53+T54 -> 1423.4601 | S55: HPB300钢筋: | T55: =T52 -> 288.83412
C56: 总 | E56: =E55*44 -> 593.95736 | G56: =G55*44 -> 39849.933 | J56: =J55*44 -> 7820.571 | O56: =O55*26 -> 574.32241 | Q56: =Q55*26 -> 37009.962 | T56: =T55*26 -> 7509.6872
C57: 直径D | D57: 桩长L | E57: n | F57: d | G57: e1 | H57: m | I57: b | J57: e2 | M57: 直径D | N57: 桩长L | O57: n | P57: d | Q57: e1 | R57: m | S57: b | T57: e2
C58: 1250 | D58: =E49+1000 -> 12000 | E58: =ROUNDDOWN((E49-50-F58/2)/F58,0) -> 54 | F58: =G49 -> 200 | G58: =E49-E58*F58-F58/2 -> 100 | H58: =ROUNDDOWN((E49-I58)/(I58*2),0) -> 5 | I58: =F58*5 -> 1000 | J58: =E49-I58-I58*H58*2 -> 0 | M58: 1250 | N58: =O49+1000 -> 19000 | O58: =ROUNDDOWN((O49-50-P58/2)/P58,0) -> 89 | P58: =Q49 -> 200 | Q58: =O49-O58*P58-P58/2 -> 100 | R58: =ROUNDDOWN((O49-S58)/(S58*2),0) -> 8 | S58: =P58*5 -> 1000 | T58: =O49-S58-S58*R58*2 -> 1000
D60: 桩长 | E60: 12000 | F60: 螺旋筋间距 | G60: 200 | H60: 螺旋筋直径 | I60: 1136 | N60: 桩长 | O60: 17000 | P60: 螺旋筋间距 | Q60: 200 | R60: 螺旋筋直径 | S60: 1136
B61: ZU4\ZU14\YU14 | C61: 编号 | D61: 规格 | E61: 大样(mm) | F61: 单根长(mm) | G61: 根数 | H61: 每米重(kg/m) | I61: 总长(m) | J61: 总重(kg) | L61: ZU11/ZU12/ZU13 | M61: 编号 | N61: 规格 | O61: 大样(mm) | P61: 单根长(mm) | Q61: 根数 | R61: 每米重(kg/m) | S61: 总长(m) | T61: 总重(kg)
C62: N1 | D62: 20 | F62: =D69-100+ROUNDUP((IF(D62<26,10.927,11.212))*D62,0) -> 13119 | G62: 28 | H62: =ROUND(D62^2*PI()/4/1000000*7850,3) -> 2.466 | I62: =G62*F62/1000 -> 367.332 | J62: =H62*I62 -> 905.84071 | M62: N1 | N62: 20 | P62: =N69-100+ROUNDUP((IF(N62<26,10.927,11.212))*N62,0) -> 18119 | Q62: 28 | R62: =ROUND(N62^2*PI()/4/1000000*7850,3) -> 2.466 | S62: =Q62*P62/1000 -> 507.332 | T62: =R62*S62 -> 1251.0807
C63: N2 | D63: 12 | F63: =((PI()*I60)^2+G60^2)^0.5*E69+2*PI()*I60 -> 218030.18 | G63: 1 | H63: =ROUND(D63^2*PI()/4/1000000*7850,3) -> 0.888 | I63: =G63*F63/1000 -> 218.03018 | J63: =H63*I63 -> 193.6108 | M63: N2 | N63: 12 | P63: =((PI()*S60)^2+Q60^2)^0.5*O69+2*PI()*S60 -> 307391.41 | Q63: 1 | R63: =ROUND(N63^2*PI()/4/1000000*7850,3) -> 0.888 | S63: =Q63*P63/1000 -> 307.39141 | T63: =R63*S63 -> 272.96357
C64: N3 | D64: 20 | F64: 3504 | G64: =H69+1 -> 6 | H64: =ROUND(D64^2*PI()/4/1000000*7850,3) -> 2.466 | I64: =G64*F64/1000 -> 21.024 | J64: =H64*I64 -> 51.845184 | M64: N3 | N64: 20 | P64: 3504 | Q64: =R69+1 -> 9 | R64: =ROUND(N64^2*PI()/4/1000000*7850,3) -> 2.466 | S64: =Q64*P64/1000 -> 31.536 | T64: =R64*S64 -> 77.767776
C65: N4 | D65: 16 | F65: 450 | G65: =G64*4 -> 24 | H65: =ROUND(D65^2*PI()/4/1000000*7850,3) -> 1.578 | I65: =G65*F65/1000 -> 10.8 | J65: =H65*I65 -> 17.0424 | M65: N4 | N65: 16 | P65: 450 | Q65: =Q64*4 -> 36 | R65: =ROUND(N65^2*PI()/4/1000000*7850,3) -> 1.578 | S65: =Q65*P65/1000 -> 16.2 | T65: =R65*S65 -> 25.5636
B66: 17+13+14=44根 | C66: C25混凝土: | E66: =PI()*(C69/1000/2)^2*E60/1000 -> 14.726216 | F66: HRB400钢筋: | G66: =J62+J64+J65 -> 974.7283 | I66: HPB300钢筋: | J66: =J63 -> 193.6108 | L66: 13+13+13=39 | M66: C25混凝土: | O66: =PI()*(M69/1000/2)^2*O60/1000 -> 20.862139 | P66: HRB400钢筋: | Q66: =T62+T64+T65 -> 1354.4121 | S66: HPB300钢筋: | T66: =T63 -> 272.96357
E67: =E66*17 -> 250.34566 | G67: =G66*17 -> 16570.381 | J67: =J66*17 -> 3291.3837 | O67: =O66*39 -> 813.62341 | Q67: =Q66*39 -> 52822.071 | T67: =T66*39 -> 10645.579
C68: 直径D | D68: 桩长L | E68: n | F68: d | G68: e1 | H68: m | I68: b | J68: e2 | M68: 直径D | N68: 桩长L | O68: n | P68: d | Q68: e1 | R68: m | S68: b | T68: e2
C69: 1250 | D69: =E60+1000 -> 13000 | E69: =ROUNDDOWN((E60-50-F69/2)/F69,0) -> 59 | F69: =G60 -> 200 | G69: =E60-E69*F69-F69/2 -> 100 | H69: =ROUNDDOWN((E60-I69)/(I69*2),0) -> 5 | I69: =F69*5 -> 1000 | J69: =E60-I69-I69*H69*2 -> 1000 | M69: 1250 | N69: =O60+1000 -> 18000 | O69: =ROUNDDOWN((O60-50-P69/2)/P69,0) -> 84 | P69: =Q60 -> 200 | Q69: =O60-O69*P69-P69/2 -> 100 | R69: =ROUNDDOWN((O60-S69)/(S69*2),0) -> 8 | S69: =P69*5 -> 1000 | T69: =O60-S69-S69*R69*2 -> 0
D71: 桩长 | E71: 21000 | F71: 螺旋筋间距 | G71: 200 | H71: 螺旋筋直径 | I71: 1136 | N71: 桩长 | O71: 10000 | P71: 螺旋筋间距 | Q71: 200 | R71: 螺旋筋直径 | S71: 1136
B72: ZU8/YU8 | C72: 编号 | D72: 规格 | E72: 大样(mm) | F72: 单根长(mm) | G72: 根数 | H72: 每米重(kg/m) | I72: 总长(m) | J72: 总重(kg) | L72: ZU16/YU2 | M72: 编号 | N72: 规格 | O72: 大样(mm) | P72: 单根长(mm) | Q72: 根数 | R72: 每米重(kg/m) | S72: 总长(m) | T72: 总重(kg)
C73: N1 | D73: 20 | F73: =D80-100+ROUNDUP((IF(D73<26,10.927,11.212))*D73,0) -> 22119 | G73: 28 | H73: =ROUND(D73^2*PI()/4/1000000*7850,3) -> 2.466 | I73: =G73*F73/1000 -> 619.332 | J73: =H73*I73 -> 1527.2727 | M73: N1 | N73: 20 | P73: =N80-100+ROUNDUP((IF(N73<26,10.927,11.212))*N73,0) -> 11119 | Q73: 28 | R73: =ROUND(N73^2*PI()/4/1000000*7850,3) -> 2.466 | S73: =Q73*P73/1000 -> 311.332 | T73: =R73*S73 -> 767.74471
C74: N2 | D74: 12 | F74: =((PI()*I71)^2+G71^2)^0.5*E80+2*PI()*I71 -> 378880.39 | G74: 1 | H74: =ROUND(D74^2*PI()/4/1000000*7850,3) -> 0.888 | I74: =G74*F74/1000 -> 378.88039 | J74: =H74*I74 -> 336.44578 | M74: N2 | N74: 12 | P74: =((PI()*S71)^2+Q71^2)^0.5*O80+2*PI()*S71 -> 182285.7 | Q74: 1 | R74: =ROUND(N74^2*PI()/4/1000000*7850,3) -> 0.888 | S74: =Q74*P74/1000 -> 182.2857 | T74: =R74*S74 -> 161.8697
C75: N3 | D75: 20 | F75: 3504 | G75: =H80+1 -> 11 | H75: =ROUND(D75^2*PI()/4/1000000*7850,3) -> 2.466 | I75: =G75*F75/1000 -> 38.544 | J75: =H75*I75 -> 95.049504 | M75: N3 | N75: 20 | P75: 3504 | Q75: =R80+1 -> 5 | R75: =ROUND(N75^2*PI()/4/1000000*7850,3) -> 2.466 | S75: =Q75*P75/1000 -> 17.52 | T75: =R75*S75 -> 43.20432
C76: N4 | D76: 16 | F76: 450 | G76: =G75*4 -> 44 | H76: =ROUND(D76^2*PI()/4/1000000*7850,3) -> 1.578 | I76: =G76*F76/1000 -> 19.8 | J76: =H76*I76 -> 31.2444 | M76: N4 | N76: 16 | P76: 450 | Q76: =Q75*4 -> 20 | R76: =ROUND(N76^2*PI()/4/1000000*7850,3) -> 1.578 | S76: =Q76*P76/1000 -> 9 | T76: =R76*S76 -> 14.202
B77: 12+11=23根 | C77: C25混凝土: | E77: =PI()*(C80/1000/2)^2*E71/1000 -> 25.770877 | F77: HRB400钢筋: | G77: =J73+J75+J76 -> 1653.5666 | I77: HPB300钢筋: | J77: =J74 -> 336.44578 | L77: 32+12=44 | M77: C25混凝土: | O77: =PI()*(M80/1000/2)^2*O71/1000 -> 12.271846 | P77: HRB400钢筋: | Q77: =T73+T75+T76 -> 825.15103 | S77: HPB300钢筋: | T77: =T74 -> 161.8697
E78: =E77*23 -> 592.73018 | G78: =G77*23 -> 38032.032 | J78: =J77*23 -> 7738.253 | O78: =O77*44 -> 539.96124 | Q78: =Q77*44 -> 36306.645 | T78: =T77*44 -> 7122.2667
C79: 直径D | D79: 桩长L | E79: n | F79: d | G79: e1 | H79: m | I79: b | J79: e2 | M79: 直径D | N79: 桩长L | O79: n | P79: d | Q79: e1 | R79: m | S79: b | T79: e2
C80: 1250 | D80: =E71+1000 -> 22000 | E80: =ROUNDDOWN((E71-50-F80/2)/F80,0) -> 104 | F80: =G71 -> 200 | G80: =E71-E80*F80-F80/2 -> 100 | H80: =ROUNDDOWN((E71-I80)/(I80*2),0) -> 10 | I80: =F80*5 -> 1000 | J80: =E71-I80-I80*H80*2 -> 0 | M80: 1250 | N80: =O71+1000 -> 11000 | O80: =ROUNDDOWN((O71-50-P80/2)/P80,0) -> 49 | P80: =Q71 -> 200 | Q80: =O71-O80*P80-P80/2 -> 100 | R80: =ROUNDDOWN((O71-S80)/(S80*2),0) -> 4 | S80: =P80*5 -> 1000 | T80: =O71-S80-S80*R80*2 -> 1000
D82: 桩长 | E82: 8000 | F82: 螺旋筋间距 | G82: 200 | H82: 螺旋筋直径 | I82: 1136 | N82: 桩长 | O82: 16000 | P82: 螺旋筋间距 | Q82: 200 | R82: 螺旋筋直径 | S82: 1136
B83: YU15/YU16 | C83: 编号 | D83: 规格 | E83: 大样(mm) | F83: 单根长(mm) | G83: 根数 | H83: 每米重(kg/m) | I83: 总长(m) | J83: 总重(kg) | L83: YU11/YU12/YU13 | M83: 编号 | N83: 规格 | O83: 大样(mm) | P83: 单根长(mm) | Q83: 根数 | R83: 每米重(kg/m) | S83: 总长(m) | T83: 总重(kg)
C84: N1 | D84: 20 | F84: =D91-100+ROUNDUP((IF(D84<26,10.927,11.212))*D84,0) -> 9119 | G84: 28 | H84: =ROUND(D84^2*PI()/4/1000000*7850,3) -> 2.466 | I84: =G84*F84/1000 -> 255.332 | J84: =H84*I84 -> 629.64871 | M84: N1 | N84: 20 | P84: =N91-100+ROUNDUP((IF(N84<26,10.927,11.212))*N84,0) -> 17119 | Q84: 28 | R84: =ROUND(N84^2*PI()/4/1000000*7850,3) -> 2.466 | S84: =Q84*P84/1000 -> 479.332 | T84: =R84*S84 -> 1182.0327
C85: N2 | D85: 12 | F85: =((PI()*I82)^2+G82^2)^0.5*E91+2*PI()*I82 -> 146541.21 | G85: 1 | H85: =ROUND(D85^2*PI()/4/1000000*7850,3) -> 0.888 | I85: =G85*F85/1000 -> 146.54121 | J85: =H85*I85 -> 130.12859 | M85: N2 | N85: 12 | P85: =((PI()*S82)^2+Q82^2)^0.5*O91+2*PI()*S82 -> 289519.16 | Q85: 1 | R85: =ROUND(N85^2*PI()/4/1000000*7850,3) -> 0.888 | S85: =Q85*P85/1000 -> 289.51916 | T85: =R85*S85 -> 257.09302
C86: N3 | D86: 20 | F86: 3504 | G86: =H91+1 -> 4 | H86: =ROUND(D86^2*PI()/4/1000000*7850,3) -> 2.466 | I86: =G86*F86/1000 -> 14.016 | J86: =H86*I86 -> 34.563456 | M86: N3 | N86: 20 | P86: 3504 | Q86: =R91+1 -> 8 | R86: =ROUND(N86^2*PI()/4/1000000*7850,3) -> 2.466 | S86: =Q86*P86/1000 -> 28.032 | T86: =R86*S86 -> 69.126912
C87: N4 | D87: 16 | F87: 450 | G87: =G86*4 -> 16 | H87: =ROUND(D87^2*PI()/4/1000000*7850,3) -> 1.578 | I87: =G87*F87/1000 -> 7.2 | J87: =H87*I87 -> 11.3616 | M87: N4 | N87: 16 | P87: 450 | Q87: =Q86*4 -> 32 | R87: =ROUND(N87^2*PI()/4/1000000*7850,3) -> 1.578 | S87: =Q87*P87/1000 -> 14.4 | T87: =R87*S87 -> 22.7232
B88: 13+34=47根 | C88: C25混凝土: | E88: =PI()*(C91/1000/2)^2*E82/1000 -> 9.817477 | F88: HRB400钢筋: | G88: =J84+J86+J87 -> 675.57377 | I88: HPB300钢筋: | J88: =J85 -> 130.12859 | L88: 14+14+13=41 | M88: C25混凝土: | O88: =PI()*(M91/1000/2)^2*O82/1000 -> 19.634954 | P88: HRB400钢筋: | Q88: =T84+T86+T87 -> 1273.8828 | S88: HPB300钢筋: | T88: =T85 -> 257.09302
E89: =E88*47 -> 461.42142 | G89: =G88*47 -> 31751.967 | J89: =J88*47 -> 6116.0438 | O89: =O88*41 -> 805.03312 | Q89: =Q88*41 -> 52229.196 | T89: =T88*41 -> 10540.814
C90: 直径D | D90: 桩长L | E90: n | F90: d | G90: e1 | H90: m | I90: b | J90: e2 | M90: 直径D | N90: 桩长L | O90: n | P90: d | Q90: e1 | R90: m | S90: b | T90: e2
C91: 1250 | D91: =E82+1000 -> 9000 | E91: =ROUNDDOWN((E82-50-F91/2)/F91,0) -> 39 | F91: =G82 -> 200 | G91: =E82-E91*F91-F91/2 -> 100 | H91: =ROUNDDOWN((E82-I91)/(I91*2),0) -> 3 | I91: =F91*5 -> 1000 | J91: =E82-I91-I91*H91*2 -> 1000 | M91: 1250 | N91: =O82+1000 -> 17000 | O91: =ROUNDDOWN((O82-50-P91/2)/P91,0) -> 79 | P91: =Q82 -> 200 | Q91: =O82-O91*P91-P91/2 -> 100 | R91: =ROUNDDOWN((O82-S91)/(S91*2),0) -> 7 | S91: =P91*5 -> 1000 | T91: =O82-S91-S91*R91*2 -> 1000

Sheet 数据处理
D38: 111.6591 | E38: 131.6591 | F38: 3.59828 | G38: 3.348 | H38: 3.39828 | I38: 2.95311 | J38: 3.39828 | K38: 2.94818 | L38: 2.29828 | M38: 1.73674
D39: 131.6891 | E39: 151.6891 | F39: 3.348 | G39: 3.348 | H39: 2.95236 | I39: 2.45236 | J39: 2.94734 | K39: 2.27469 | L39: 1.7359 | M39: 1.17435
D40: 151.7191 | E40: 171.7191 | F40: 3.348 | G40: 3.348 | H40: 2.45161 | I40: 1.95161 | J40: 2.27351 | K40: 1.48359 | L40: 1.17351 | M40: 0.38353
D41: 171.7491 | E41: 191.7491 | F41: 3.348 | G41: 3.348 | H41: 1.95086 | I41: 1.45086 | J41: 1.4824 | K41: 0.6924 | L41: 0.38234 | M41: -0.40764
D42: 191.7791 | E42: 211.7791 | F42: 3.348 | G42: 3.348 | H42: 1.45011 | I42: 0.95011 | J42: 0.69122 | K42: -0.09878 | L42: -0.40882 | M42: -1.19881
D43: 211.8091 | E43: 231.8091 | F43: 3.348 | G43: 3.348 | H43: 0.94936 | I43: 0.44936 | J43: -0.09997 | K43: -0.88997 | L43: -1.19999 | M43: -1.98997
D44: 231.8391 | E44: 251.8391 | F44: 3.348 | G44: 3.348 | H44: 0.44861 | I44: -0.05139 | J44: -0.89115 | K44: -1.61791 | L44: -1.99116 | M44: -2.78114
D45: 251.8691 | E45: 271.8691 | F45: 3.348 | G45: 3.348 | H45: -0.05214 | I45: -0.55214 | J45: -1.61884 | K45: -2.12974 | L45: -2.78233 | M45: -3.34525
D46: 271.8991 | E46: 291.8991 | F46: 3.348 | G46: 3.348 | H46: -0.55289 | I46: -0.95704 | J46: -2.13034 | K46: -2.41868 | L46: -3.3461 | M46: -3.90902
D47: 291.9291 | E47: 316.9291 | F47: 3.348 | G47: 3.348 | H47: -0.95748 | I47: -1.15046 | J47: -2.41895 | K47: -2.47022 | L47: -3.90902 | M47: -3.90902
F75: 400.9491 | G75: 408.9491 | H75: 3.348 | I75: 3.348 | J75: -4.33477 | K75: -3.72017 | L75: -0.91122 | M75: -0.88722 | N75: -2.21816 | O75: -2.19416
F76: 434.0091 | G76: 454.0091 | H76: 3.348 | I76: 3.914 | J76: -3.71932 | K76: -3.15332 | L76: -0.68872 | M76: -0.30662 | N76: -2.10592 | O76: -1.85859
F77: 454.0391 | G77: 474.0391 | H77: 3.914 | I77: 3.914 | J77: -3.15247 | K77: -2.58647 | L77: -0.3059 | M77: 0.19333 | N77: -1.85805 | O77: -1.38818
F78: 474.0691 | G78: 494.0691 | H78: 3.914 | I78: 3.914 | J78: -2.58528 | K78: -1.79528 | L78: 0.19408 | M78: 0.69408 | N78: -1.38731 | O78: -0.69528
F79: 494.0991 | G79: 514.0991 | H79: 3.914 | I79: 3.914 | J79: -1.7941 | K79: -1.0041 | L79: 0.69483 | M79: 1.19483 | N79: -0.6941 | O79: 0.0959
F80: 514.1291 | G80: 534.1291 | H80: 3.914 | I80: 3.914 | J80: -1.00291 | K80: -0.21291 | L80: 1.19558 | M80: 1.69558 | N80: 0.09709 | O80: 0.88709
F81: 534.1591 | G81: 554.1591 | H81: 3.914 | I81: 3.914 | J81: -0.21173 | K81: 0.57827 | L81: 1.69633 | M81: 2.19633 | N81: 0.88827 | O81: 1.67827
F82: 554.1891 | G82: 574.1891 | H82: 3.914 | I82: 3.914 | J82: 0.57946 | K82: 1.36946 | L82: 2.19708 | M82: 2.69708 | N82: 1.67946 | O82: 2.46946
F83: 574.2191 | G83: 594.2191 | H83: 3.914 | I83: 3.914 | J83: 1.37036 | K83: 1.97295 | L83: 2.69783 | M83: 3.19783 | N83: 2.47064 | O83: 3.17304
F84: 594.2491 | G84: 614.2491 | H84: 3.914 | I84: 3.914 | J84: 1.97386 | K84: 2.57645 | L84: 3.19858 | M84: 3.67645 | N84: 3.17395 | O84: 3.67645
