Workbook
Name _P1: [1]钢轨桩计算!$C$10
Name _P1: [2]钢轨桩计算!$C$10
Name D0: [2]钢轨桩计算!$H$25
Name D0: [1]钢轨桩计算!$H$25
Name D0: [3]钢轨桩计算!$H$25
Name gj: #REF!
Name gjzj: #REF!
Name H: [2]钢轨桩计算!$C$2
Name H: [1]钢轨桩计算!$C$2
Name H: [3]钢轨桩计算!$C$2
Name jd: SIN(RADIANS([3]框架结构!$B$2))
Name name: [4]工字钢数据!$A$2:$A$3
Name subject: [4]工字钢数据!$B$1:$C$1
Name x: [5]后背钢轨桩计算!$J$16
Name y: [2]钢轨桩计算!$D$17
Name y: [1]钢轨桩计算!$D$17
Name y: [3]钢轨桩计算!$D$17
Name γ: [1]钢轨桩计算!$C$5
Name γ: [2]钢轨桩计算!$C$5
Name θ: [1]钢轨桩计算!$C$8
Name θ: [2]钢轨桩计算!$C$8
Name λ: [1]钢轨桩计算!$C$9
Name λ: [2]钢轨桩计算!$C$9
Name σh: [2]钢轨桩计算!$C$11
Name σh: [1]钢轨桩计算!$C$11
Name σh: [3]钢轨桩计算!$C$11
Name φ: [1]钢轨桩计算!$C$6
Name φ: [2]钢轨桩计算!$C$6
Name 边墙厚度: [3]框架结构!$C$10
Name 打入工作坑以下H: [2]钢轨桩计算!$C$3
Name 打入工作坑以下H: [1]钢轨桩计算!$C$3
Name 打入工作坑以下H: [3]钢轨桩计算!$C$3
Name 底板厚度: [3]框架结构!$C$9
Name 第1页________共1页: #REF!
Name 顶板厚度: [3]框架结构!$C$8
Name 钢筋直径: #REF!
Name 钢筋直径: #REF!
Name 钢筋直径: #REF!
Name 工字钢长度H: [1]钢轨桩计算!$C$2
Name 工字钢长度H: [2]钢轨桩计算!$C$2
Name 工作坑底面以上主动土动力P1: [1]钢轨桩计算!$C$10
Name 工作坑底面以上主动土动力P1: [2]钢轨桩计算!$C$10
Name 结构净高: [3]框架结构!$C$7
Name 结构总高: [3]框架结构!$C$4
Name 结构总宽: [3]框架结构!$C$3
Name 孔数: [2]框架结构!$F$1
Name 孔数: [1]框架结构!$F$1
Name 孔数: [3]框架结构!$F$1
Name 面坡斜度: #REF!
Name 内摩擦角φ: [1]钢轨桩计算!$C$6
Name 内摩擦角φ: [2]钢轨桩计算!$C$6
Name 破裂角θ: [1]钢轨桩计算!$C$8
Name 破裂角θ: [2]钢轨桩计算!$C$8
Name 刃角长度: [3]框架结构!$D$17
Name 填土高度h: [1]钢轨桩计算!$C$4
Name 填土高度h: [2]钢轨桩计算!$C$4
Name 土容重γ: [1]钢轨桩计算!$C$5
Name 土容重γ: [2]钢轨桩计算!$C$5
Name 推力系数λ: [1]钢轨桩计算!$C$9
Name 推力系数λ: [2]钢轨桩计算!$C$9

Sheet 0.结构参数
B2: 一、从CAD中读取平面、纵断面原始数据 单位：m
A3: 序号 | B3: U型槽编号 | C3: 里程L | E3: L | G3: 顶高程E1 | I3: 底板顶高程E2 | K3: 机非分隔带 | P3: 中央分隔带 | U3: 水位高程E5 | V3: 净宽
K4: 高程E3 | M4: 宽度b1 | O4: 数量 | P4: 高程E4 | R4: 宽度b2 | T4: 数量
A5: 1 | B5: ZU1-2 | C5: 109.9395 | D5: 129.9395 | E5: =ABS(D5-C5) -> 20 | F5: =E5 -> 20 | G5: 3.61863 | H5: 3.348 | I5: 2.92747 | J5: 2.48762 | K5: 3.42747 | L5: 2.98771 | M5: 1.75 | N5: 1.75 | O5: 0 | P5: 3.42747 | Q5: 2.98307 | R5: 0.45 | S5: 0.45 | T5: 0 | U5: 3.1 | V5: 8 | W5: 8 | X5: =(K5+L5)/2*M5*O5 -> 0 | Y5: =(P5+Q5)/2*R5*T5 -> 0
A6: 2 | B6: ZU2-2 | C6: 129.9695 | D6: 149.9695 | E6: =ABS(D6-C6) -> 20 | F6: =E6 -> 20 | G6: 3.348 | H6: 3.348 | I6: 2.48696 | J6: 1.98696 | K6: 2.98696 | L6: 2.48696 | M6: 1.75 | N6: 1.75 | O6: 0 | P6: 2.98226 | Q6: 2.33756 | R6: 0.45 | S6: 0.45 | T6: 0 | U6: 3.1 | V6: 8 | W6: 8 | X6: =(K6+L6)/2*M6*O6 -> 0 | Y6: =(P6+Q6)/2*R6*T6 -> 0
A7: 3 | B7: ZU3-2 | C7: 149.9995 | D7: 169.9995 | E7: =ABS(D7-C7) -> 20 | F7: =E7 -> 20 | G7: 3.348 | H7: 3.348 | I7: 1.98621 | J7: 1.48621 | K7: 2.48621 | L7: 1.98621 | M7: 1.75 | N7: 1.75 | O7: 0 | P7: 2.33644 | Q7: 1.55151 | R7: 0.45 | S7: 0.45 | T7: 0 | U7: 3.1 | V7: 8 | W7: 8 | X7: =(K7+L7)/2*M7*O7 -> 0 | Y7: =(P7+Q7)/2*R7*T7 -> 0
A8: 4 | B8: ZU4-2 | C8: 170.0295 | D8: 190.0295 | E8: =ABS(D8-C8) -> 20 | F8: =E8 -> 20 | G8: 3.348 | H8: 3.348 | I8: 1.48546 | J8: 0.98546 | K8: 1.98546 | L8: 1.48546 | M8: 1.75 | N8: 1.75 | O8: 0 | P8: 1.55032 | Q8: 0.76032 | R8: 0.45 | S8: 0.45 | T8: 0 | U8: 3.1 | V8: 8 | W8: 8 | X8: =(K8+L8)/2*M8*O8 -> 0 | Y8: =(P8+Q8)/2*R8*T8 -> 0
A9: 5 | B9: ZU5-2 | C9: 190.0595 | D9: 210.0595 | E9: =ABS(D9-C9) -> 20 | F9: =E9 -> 20 | G9: 3.348 | H9: 3.348 | I9: 0.98471 | J9: 0.48471 | K9: 1.48471 | L9: 0.98471 | M9: 1.75 | N9: 1.75 | O9: 0 | P9: 0.75914 | Q9: -0.03086 | R9: 0.45 | S9: 0.45 | T9: 0 | U9: 3.1 | V9: 8 | W9: 8 | X9: =(K9+L9)/2*M9*O9 -> 0 | Y9: =(P9+Q9)/2*R9*T9 -> 0
A10: 6 | B10: ZU6-2 | C10: 210.0895 | D10: 230.0895 | E10: =ABS(D10-C10) -> 20 | F10: =E10 -> 20 | G10: 3.348 | H10: 3.348 | I10: 0.48396 | J10: -0.01604 | K10: 0.98396 | L10: 0.48396 | M10: 1.75 | N10: 1.75 | O10: 0 | P10: -0.03205 | Q10: -0.82205 | R10: 0.45 | S10: 0.45 | T10: 0 | U10: 3.1 | V10: 8 | W10: 8 | X10: =(K10+L10)/2*M10*O10 -> 0 | Y10: =(P10+Q10)/2*R10*T10 -> 0
A11: 7 | B11: ZU7-2 | C11: 230.1195 | D11: 250.1195 | E11: =ABS(D11-C11) -> 20 | F11: =E11 -> 20 | G11: 3.348 | H11: 3.348 | I11: -0.01679 | J11: -0.51679 | K11: 0.48321 | L11: -0.01679 | M11: 1.75 | N11: 1.75 | O11: 0 | P11: -0.82323 | Q11: -1.58337 | R11: 0.45 | S11: 0.45 | T11: 0 | U11: 3.1 | V11: 8 | W11: 8 | X11: =(K11+L11)/2*M11*O11 -> 0 | Y11: =(P11+Q11)/2*R11*T11 -> 0
A12: 8 | B12: ZU8-2 | C12: 250.1495 | D12: 270.1495 | E12: =ABS(D12-C12) -> 20 | F12: =E12 -> 20 | G12: 3.348 | H12: 3.348 | I12: -0.51754 | J12: -1.01754 | K12: -0.01754 | L12: -0.51754 | M12: 1.75 | N12: 1.75 | O12: 0 | P12: -1.58438 | Q12: -2.14771 | R12: 0.45 | S12: 0.45 | T12: 0 | U12: 3.1 | V12: 8 | W12: 8 | X12: =(K12+L12)/2*M12*O12 -> 0 | Y12: =(P12+Q12)/2*R12*T12 -> 0
A13: 9 | B13: ZU9-2 | C13: 270.1795 | D13: 290.1795 | E13: =ABS(D13-C13) -> 20 | F13: =E13 -> 20 | G13: 3.348 | H13: 3.348 | I13: -1.01829 | J13: -1.51829 | K13: -0.51829 | L13: -0.91873 | M13: 1.75 | N13: 1.75 | O13: 0 | P13: -2.14839 | Q13: -2.48917 | R13: 0.45 | S13: 0.45 | T13: 0 | U13: 3.1 | V13: 8 | W13: 8 | X13: =(K13+L13)/2*M13*O13 -> 0 | Y13: =(P13+Q13)/2*R13*T13 -> 0
A14: 10 | B14: ZU10-2 | C14: 290.2095 | D14: 310.2095 | E14: =ABS(D14-C14) -> 20 | F14: =E14 -> 20 | G14: 3.348 | H14: 3.348 | I14: -1.51844 | J14: -1.61933 | K14: -0.91919 | L14: -1.11933 | M14: 1.75 | N14: 1.75 | O14: 0 | P14: -2.48952 | Q14: -2.60775 | R14: 0.45 | S14: 0.45 | T14: 0 | U14: 3.1 | V14: 8 | W14: 8 | X14: =(K14+L14)/2*M14*O14 -> 0 | Y14: =(P14+Q14)/2*R14*T14 -> 0
A15: 11 | B15: ZU11-2 | C15: 389.2295 | D15: 404.2295 | E15: 20 | F15: 20 | G15: 3.348 | H15: 3.348 | I15: -1.452 | J15: -1.452 | K15: -0.93138 | L15: -0.90138 | M15: 1.75 | N15: 1.75 | O15: 0 | P15: -2.36582 | Q15: -2.33582 | R15: 0.45 | S15: 0.45 | T15: 0 | U15: 3.1 | V15: 8 | W15: 8 | X15: =(K15+L15)/2*M15*O15 -> 0 | Y15: =(P15+Q15)/2*R15*T15 -> 0
A16: 12 | B16: ZU12-2 | C16: 449.3195 | D16: 469.3195 | E16: =ABS(D16-C16) -> 20 | F16: =E16 -> 20 | G16: 3.348 | H16: 3.348 | I16: -1.45125 | J16: -0.95564 | K16: -0.72133 | L16: -0.42748 | M16: 1.75 | N16: 1.75 | O16: 0 | P16: -2.14478 | Q16: -1.81623 | R16: 0.45 | S16: 0.45 | T16: 0 | U16: 3.1 | V16: 8 | W16: 8 | X16: =(K16+L16)/2*M16*O16 -> 0 | Y16: =(P16+Q16)/2*R16*T16 -> 0
A17: 13 | B17: ZU13-2 | C17: 469.3495 | D17: 489.3495 | E17: =ABS(D17-C17) -> 20 | F17: =E17 -> 20 | G17: 3.348 | H17: 3.348 | I17: -0.9549 | J17: -0.4549 | K17: -0.42689 | L17: 0.0451 | M17: 1.75 | N17: 1.75 | O17: 0 | P17: -1.81557 | Q17: -1.26446 | R17: 0.45 | S17: 0.45 | T17: 0 | U17: 3.1 | V17: 8 | W17: 8 | X17: =(K17+L17)/2*M17*O17 -> 0 | Y17: =(P17+Q17)/2*R17*T17 -> 0
A18: 14 | B18: ZU14-2 | C18: 489.3795 | D18: 509.3795 | E18: =ABS(D18-C18) -> 20 | F18: =E18 -> 20 | G18: 3.348 | H18: 3.348 | I18: -0.45415 | J18: 0.04585 | K18: 0.04585 | L18: 0.54585 | M18: 1.75 | N18: 1.75 | O18: 0 | P18: -1.26347 | Q18: -0.51002 | R18: 0.45 | S18: 0.45 | T18: 0 | U18: 3.1 | V18: 8 | W18: 8 | X18: =(K18+L18)/2*M18*O18 -> 0 | Y18: =(P18+Q18)/2*R18*T18 -> 0
A19: 15 | B19: ZU15-2 | C19: 509.4095 | D19: 529.4095 | E19: =ABS(D19-C19) -> 20 | F19: =E19 -> 20 | G19: 3.348 | H19: 3.348 | I19: 0.0466 | J19: 0.5466 | K19: 0.5466 | L19: 1.0466 | M19: 1.75 | N19: 1.75 | O19: 0 | P19: -0.50883 | Q19: 0.28117 | R19: 0.45 | S19: 0.45 | T19: 0 | U19: 3.1 | V19: 8 | W19: 8 | X19: =(K19+L19)/2*M19*O19 -> 0 | Y19: =(P19+Q19)/2*R19*T19 -> 0
A20: 16 | B20: ZU16-2 | C20: 529.4395 | D20: 549.4395 | E20: =ABS(D20-C20) -> 20 | F20: =E20 -> 20 | G20: 3.348 | H20: 3.348 | I20: 0.54735 | J20: 1.04735 | K20: 1.04735 | L20: 1.54735 | M20: 1.75 | N20: 1.75 | O20: 0 | P20: 0.28235 | Q20: 1.07235 | R20: 0.45 | S20: 0.45 | T20: 0 | U20: 3.1 | V20: 8 | W20: 8 | X20: =(K20+L20)/2*M20*O20 -> 0 | Y20: =(P20+Q20)/2*R20*T20 -> 0
A21: 17 | B21: ZU17-2 | C21: 549.4695 | D21: 569.4695 | E21: =ABS(D21-C21) -> 20 | F21: =E21 -> 20 | G21: 3.348 | H21: 3.348 | I21: 1.0481 | J21: 1.5481 | K21: 1.5481 | L21: 2.0481 | M21: 1.75 | N21: 1.75 | O21: 0 | P21: 1.07354 | Q21: 1.86351 | R21: 0.45 | S21: 0.45 | T21: 0 | U21: 3.1 | V21: 8 | W21: 8 | X21: =(K21+L21)/2*M21*O21 -> 0 | Y21: =(P21+Q21)/2*R21*T21 -> 0
A22: 18 | B22: ZU18-2 | C22: 569.4995 | D22: 589.4995 | E22: =ABS(D22-C22) -> 20 | F22: =E22 -> 20 | G22: 3.348 | H22: 3.348 | I22: 1.54885 | J22: 2.04885 | K22: 2.04885 | L22: 2.54885 | M22: 1.75 | N22: 1.75 | O22: 0 | P22: 1.86469 | Q22: 2.53969 | R22: 0.45 | S22: 0.45 | T22: 0 | U22: 3.1 | V22: 8 | W22: 8 | X22: =(K22+L22)/2*M22*O22 -> 0 | Y22: =(P22+Q22)/2*R22*T22 -> 0
A23: 19 | B23: ZU19-2 | C23: 589.5295 | D23: 605 | E23: =ABS(D23-C23) -> 15.4705 | F23: =E23 -> 15.4705 | G23: 3.348 | H23: 3.348 | I23: 2.04955 | J23: 2.40998 | K23: 2.5496 | L23: 2.90998 | M23: 1.75 | N23: 1.75 | O23: 0 | P23: 2.54054 | Q23: 2.90998 | R23: 0.45 | S23: 0.45 | T23: 0 | U23: 3.1 | V23: 8 | W23: 8 | X23: =(K23+L23)/2*M23*O23 -> 0 | Y23: =(P23+Q23)/2*R23*T23 -> 0
A24: 20 | B24: 东U10 | C24: 594.2491 | D24: 614.2491 | E24: =ABS(D24-C24) -> 20 | F24: =E24 -> 20 | G24: 3.914 | H24: 3.914 | I24: 2.27743 | J24: 2.65934 | K24: 3.19858 | L24: 3.67645 | M24: 1.75 | N24: 1.75 | O24: 1 | P24: 3.17395 | Q24: 3.67645 | R24: 0.45 | S24: 0.45 | T24: 0 | U24: 3.1 | V24: 8 | W24: 8 | X24: =(K24+L24)/2*M24*O24 -> 6.0156513 | Y24: =(P24+Q24)/2*R24*T24 -> 0
A25: 21 | B25: 西U10-1 | C25: 111.6591 | D25: 131.6591 | E25: =ABS(D25-C25) -> 20 | F25: =E25 -> 20 | G25: 3.59828 | H25: 3.348 | I25: 2.29828 | J25: 1.73674 | K25: 3.39828 | L25: 2.95311 | M25: 1.75 | N25: 1.75 | O25: 1 | P25: 3.39828 | Q25: 2.94818 | R25: 0.45 | S25: 0.45 | T25: 0 | U25: 3.1 | V25: 22.25 | W25: 22.25 | X25: =(K25+L25)/2*M25*O25 -> 5.5574663 | Y25: =(P25+Q25)/2*R25*T25 -> 0
A26: 22 | B26: 西U9-1 | C26: 131.6891 | D26: 151.6891 | E26: =ABS(D26-C26) -> 20 | F26: =E26 -> 20 | G26: 3.348 | H26: 3.348 | I26: 1.7359 | J26: 1.17435 | K26: 2.95236 | L26: 2.45236 | M26: 1.75 | N26: 1.75 | O26: 1 | P26: 2.94734 | Q26: 2.27469 | R26: 0.45 | S26: 0.45 | T26: 0 | U26: 3.1 | V26: 22.25 | W26: 22.25 | X26: =(K26+L26)/2*M26*O26 -> 4.72913 | Y26: =(P26+Q26)/2*R26*T26 -> 0
A27: 23 | B27: 西U6-1 | C27: 191.7791 | D27: 211.7791 | E27: =ABS(D27-C27) -> 20 | F27: =E27 -> 20 | G27: 3.348 | H27: 3.348 | I27: -0.40882 | J27: -1.19881 | K27: 1.45011 | L27: 0.95011 | M27: 1.75 | N27: 1.75 | O27: 0 | P27: 0.69122 | Q27: -0.09878 | R27: 0.45 | S27: 0.45 | T27: 0 | U27: 3.1 | V27: 12.5 | W27: 12.5 | X27: =(K27+L27)/2*M27*O27 -> 0 | Y27: =(P27+Q27)/2*R27*T27 -> 0
... A31: 27 | B31: 西U2-1 | C31: 271.8991 | D31: 291.8991 | E31: =ABS(D31-C31) -> 20 | F31: =E31 -> 20 | G31: 3.348 | H31: 3.348 | I31: -3.3461 | J31: -3.90902 | K31: -0.55289 | L31: -0.95704 | M31: 1.75 | N31: 1.75 | O31: 1 | P31: -2.13034 | Q31: -2.41868 | R31: 0.45 | S31: 0.45 | T31: 0 | U31: 3.1 | V31: 28.29 | W31: 22.25 | X31: =(K31+L31)/2*M31*O31 -> -1.3211887 | Y31: =(P31+Q31)/2*R31*T31 -> 0
A32: 28 | B32: 西U6-2 | C32: 191.7791 | D32: 211.7791 | E32: 20 | F32: 20 | G32: 3.348 | H32: 3.348 | I32: -0.40882 | J32: -1.19881 | K32: 1.45011 | L32: 0.95011 | M32: 1.75 | N32: 1.75 | O32: 0 | P32: 0.69122 | Q32: -0.09878 | R32: 0.45 | S32: 0.45 | T32: 0 | U32: 3.1 | V32: 8 | W32: 9.09 | X32: =(K32+L32)/2*M32*O32 -> 0 | Y32: =(P32+Q32)/2*R32*T32 -> 0
A33: 29 | B33: 西U5-2 | C33: 211.8091 | D33: 231.8091 | E33: 20 | F33: 20 | G33: 3.348 | H33: 3.348 | I33: -1.19999 | J33: -1.98997 | K33: 0.94936 | L33: 0.44936 | M33: 1.75 | N33: 1.75 | O33: 0 | P33: -0.09997 | Q33: -0.88997 | R33: 0.45 | S33: 0.45 | T33: 0 | U33: 3.1 | V33: 9.09 | W33: 8 | X33: =(K33+L33)/2*M33*O33 -> 0 | Y33: =(P33+Q33)/2*R33*T33 -> 0
A34: 30 | B34: 西U4-2 | C34: 231.8391 | D34: 251.8391 | E34: 20 | F34: 20 | G34: 3.348 | H34: 3.348 | I34: -1.99116 | J34: -2.78114 | K34: 0.44861 | L34: -0.05139 | M34: 1.75 | N34: 1.75 | O34: 0 | P34: -0.89115 | Q34: -1.61791 | R34: 0.45 | S34: 0.45 | T34: 0 | U34: 3.1 | V34: 8 | W34: 8 | X34: =(K34+L34)/2*M34*O34 -> 0 | Y34: =(P34+Q34)/2*R34*T34 -> 0
A35: 31 | B35: 西U3-2 | C35: 251.8691 | D35: 271.8691 | E35: 20 | F35: 20 | G35: 3.348 | H35: 3.348 | I35: -2.78233 | J35: -3.34525 | K35: -0.05214 | L35: -0.55214 | M35: 1.75 | N35: 1.75 | O35: 0 | P35: -1.61884 | Q35: -2.12974 | R35: 0.45 | S35: 0.45 | T35: 0 | U35: 3.1 | V35: 8 | W35: 14.06 | X35: =(K35+L35)/2*M35*O35 -> 0 | Y35: =(P35+Q35)/2*R35*T35 -> 0
A36: 32
X37: =SUM(X5:X36) -> 14.981059
B38: 二、命名并形成U型槽结构参数表 单位：m
A39: U型槽编号 | B39: 起讫点里程 | D39: 中心长度L | E39: 顶高程E1 | G39: 底板顶高程E2 | I39: 结构净高H | K39: 底板厚T | L39: 边墙厚B | M39: D | O39: 机非分隔带 | T39: 中央分隔带
O40: 高度h1 | Q40: 宽度b1 | S40: 数量 | T40: 高度h2 | V40: 宽度b2 | X40: 数量
A41: =B5 -> ZU1-2 | B41: =C5 -> 109.9395 | C41: =D5 -> 129.9395 | D41: =ABS(C41-B41) -> 20 | E41: =G5 -> 3.61863 | F41: =H5 -> 3.348 | G41: =I5 -> 2.92747 | H41: =J5 -> 2.48762 | I41: =E41-G41 -> 0.69116 | J41: =F41-H41 -> 0.86038 | K41: =L41+0.1 -> 0.4 | L41: =LOOKUP(MAX(J41,I41),{0,3,4,5,6.5,7.5,9,10},{0.3,0.4,0.5,0.6,0.7,0.8,0.9}) -> 0.3 | M41: =V5+L41*2 -> 8.6 | N41: =W5+L41*2 -> 8.6 | O41: =K5-I5+0.2 -> 0.7 | P41: =L5-J5+0.2 -> 0.70009 | Q41: =M5 -> 1.75 | R41: =N5 -> 1.75 | S41: =O5 -> 0 | T41: =P5-I5+1 -> 1.5 | U41: =Q5-J5 -> 0.49545 | V41: =R5 -> 0.45 | W41: =S5 -> 0.45 | X41: =T5 -> 0 | Y41: =(O41+P41)/2*Q41*S41 -> 0 | Z41: =(T41+U41)/2*V41*X41 -> 0
A42: =B6 -> ZU2-2 | B42: =C6 -> 129.9695 | C42: =D6 -> 149.9695 | D42: =ABS(C42-B42) -> 20 | E42: =G6 -> 3.348 | F42: =H6 -> 3.348 | G42: =I6 -> 2.48696 | H42: =J6 -> 1.98696 | I42: =E42-G42 -> 0.86104 | J42: =F42-H42 -> 1.36104 | K42: =L42+0.1 -> 0.4 | L42: =LOOKUP(MAX(J42,I42),{0,3,4,5,6.5,7.5,9,10},{0.3,0.4,0.5,0.6,0.7,0.8,0.9}) -> 0.3 | M42: =V6+L42*2 -> 8.6 | N42: =W6+L42*2 -> 8.6 | O42: =K6-I6+0.2 -> 0.7 | P42: =L6-J6+0.2 -> 0.7 | Q42: =M6 -> 1.75 | R42: =N6 -> 1.75 | S42: =O6 -> 0 | T42: =P6-I6+1 -> 1.4953 | U42: =Q6-J6 -> 0.3506 | V42: =R6 -> 0.45 | W42: =S6 -> 0.45 | X42: =T6 -> 0 | Y42: =(O42+P42)/2*Q42*S42 -> 0 | Z42: =(T42+U42)/2*V42*X42 -> 0
A43: =B7 -> ZU3-2 | B43: =C7 -> 149.9995 | C43: =D7 -> 169.9995 | D43: =ABS(C43-B43) -> 20 | E43: =G7 -> 3.348 | F43: =H7 -> 3.348 | G43: =I7 -> 1.98621 | H43: =J7 -> 1.48621 | I43: =E43-G43 -> 1.36179 | J43: =F43-H43 -> 1.86179 | K43: =L43+0.1 -> 0.4 | L43: =LOOKUP(MAX(J43,I43),{0,3,4,5,6.5,7.5,9,10},{0.3,0.4,0.5,0.6,0.7,0.8,0.9}) -> 0.3 | M43: =V7+L43*2 -> 8.6 | N43: =W7+L43*2 -> 8.6 | O43: =K7-I7+0.2 -> 0.7 | P43: =L7-J7+0.2 -> 0.7 | Q43: =M7 -> 1.75 | R43: =N7 -> 1.75 | S43: =O7 -> 0 | T43: =P7-I7+1 -> 1.35023 | U43: =Q7-J7 -> 0.0653 | V43: =R7 -> 0.45 | W43: =S7 -> 0.45 | X43: =T7 -> 0 | Y43: =(O43+P43)/2*Q43*S43 -> 0 | Z43: =(T43+U43)/2*V43*X43 -> 0
A44: =B8 -> ZU4-2 | B44: =C8 -> 170.0295 | C44: =D8 -> 190.0295 | D44: =ABS(C44-B44) -> 20 | E44: =G8 -> 3.348 | F44: =H8 -> 3.348 | G44: =I8 -> 1.48546 | H44: =J8 -> 0.98546 | I44: =E44-G44 -> 1.86254 | J44: =F44-H44 -> 2.36254 | K44: =L44+0.1 -> 0.4 | L44: =LOOKUP(MAX(J44,I44),{0,3,4,5,6.5,7.5,9,10},{0.3,0.4,0.5,0.6,0.7,0.8,0.9}) -> 0.3 | M44: =V8+L44*2 -> 8.6 | N44: =W8+L44*2 -> 8.6 | O44: =K8-I8+0.2 -> 0.7 | P44: =L8-J8+0.2 -> 0.7 | Q44: =M8 -> 1.75 | R44: =N8 -> 1.75 | S44: =O8 -> 0 | T44: =P8-I8+1 -> 1.06486 | U44: =Q8-J8 -> -0.22514 | V44: =R8 -> 0.45 | W44: =S8 -> 0.45 | X44: =T8 -> 0 | Y44: =(O44+P44)/2*Q44*S44 -> 0 | Z44: =(T44+U44)/2*V44*X44 -> 0
A45: =B9 -> ZU5-2 | B45: =C9 -> 190.0595 | C45: =D9 -> 210.0595 | D45: =ABS(C45-B45) -> 20 | E45: =G9 -> 3.348 | F45: =H9 -> 3.348 | G45: =I9 -> 0.98471 | H45: =J9 -> 0.48471 | I45: =E45-G45 -> 2.36329 | J45: =F45-H45 -> 2.86329 | K45: =L45+0.1 -> 0.4 | L45: =LOOKUP(MAX(J45,I45),{0,3,4,5,6.5,7.5,9,10},{0.3,0.4,0.5,0.6,0.7,0.8,0.9}) -> 0.3 | M45: =V9+L45*2 -> 8.6 | N45: =W9+L45*2 -> 8.6 | O45: =K9-I9+0.2 -> 0.7 | P45: =L9-J9+0.2 -> 0.7 | Q45: =M9 -> 1.75 | R45: =N9 -> 1.75 | S45: =O9 -> 0 | T45: =P9-I9+1 -> 0.77443 | U45: =Q9-J9 -> -0.51557 | V45: =R9 -> 0.45 | W45: =S9 -> 0.45 | X45: =T9 -> 0 | Y45: =(O45+P45)/2*Q45*S45 -> 0 | Z45: =(T45+U45)/2*V45*X45 -> 0
A46: =B10 -> ZU6-2 | B46: =C10 -> 210.0895 | C46: =D10 -> 230.0895 | D46: =ABS(C46-B46) -> 20 | E46: =G10 -> 3.348 | F46: =H10 -> 3.348 | G46: =I10 -> 0.48396 | H46: =J10 -> -0.01604 | I46: =E46-G46 -> 2.86404 | J46: =F46-H46 -> 3.36404 | K46: =L46+0.1 -> 0.5 | L46: =LOOKUP(MAX(J46,I46),{0,3,4,5,6.5,7.5,9,10},{0.3,0.4,0.5,0.6,0.7,0.8,0.9}) -> 0.4 | M46: =V10+L46*2 -> 8.8 | N46: =W10+L46*2 -> 8.8 | O46: =K10-I10+0.2 -> 0.7 | P46: =L10-J10+0.2 -> 0.7 | Q46: =M10 -> 1.75 | R46: =N10 -> 1.75 | S46: =O10 -> 0 | T46: =P10-I10+1 -> 0.48399 | U46: =Q10-J10 -> -0.80601 | V46: =R10 -> 0.45 | W46: =S10 -> 0.45 | X46: =T10 -> 0 | Y46: =(O46+P46)/2*Q46*S46 -> 0 | Z46: =(T46+U46)/2*V46*X46 -> 0
A47: =B11 -> ZU7-2 | B47: =C11 -> 230.1195 | C47: =D11 -> 250.1195 | D47: =ABS(C47-B47) -> 20 | E47: =G11 -> 3.348 | F47: =H11 -> 3.348 | G47: =I11 -> -0.01679 | H47: =J11 -> -0.51679 | I47: =E47-G47 -> 3.36479 | J47: =F47-H47 -> 3.86479 | K47: =L47+0.1 -> 0.5 | L47: =LOOKUP(MAX(J47,I47),{0,3,4,5,6.5,7.5,9,10},{0.3,0.4,0.5,0.6,0.7,0.8,0.9}) -> 0.4 | M47: =V11+L47*2 -> 8.8 | N47: =W11+L47*2 -> 8.8 | O47: =K11-I11+0.2 -> 0.7 | P47: =L11-J11+0.2 -> 0.7 | Q47: =M11 -> 1.75 | R47: =N11 -> 1.75 | S47: =O11 -> 0 | T47: =P11-I11+1 -> 0.19356 | U47: =Q11-J11 -> -1.06658 | V47: =R11 -> 0.45 | W47: =S11 -> 0.45 | X47: =T11 -> 0 | Y47: =(O47+P47)/2*Q47*S47 -> 0 | Z47: =(T47+U47)/2*V47*X47 -> 0
A48: =B12 -> ZU8-2 | B48: =C12 -> 250.1495 | C48: =D12 -> 270.1495 | D48: =ABS(C48-B48) -> 20 | E48: =G12 -> 3.348 | F48: =H12 -> 3.348 | G48: =I12 -> -0.51754 | H48: =J12 -> -1.01754 | I48: =E48-G48 -> 3.86554 | J48: =F48-H48 -> 4.36554 | K48: =L48+0.1 -> 0.6 | L48: =LOOKUP(MAX(J48,I48),{0,3,4,5,6.5,7.5,9,10},{0.3,0.4,0.5,0.6,0.7,0.8,0.9}) -> 0.5 | M48: =V12+L48*2 -> 9 | N48: =W12+L48*2 -> 9 | O48: =K12-I12+0.2 -> 0.7 | P48: =L12-J12+0.2 -> 0.7 | Q48: =M12 -> 1.75 | R48: =N12 -> 1.75 | S48: =O12 -> 0 | T48: =P12-I12+1 -> -0.06684 | U48: =Q12-J12 -> -1.13017 | V48: =R12 -> 0.45 | W48: =S12 -> 0.45 | X48: =T12 -> 0 | Y48: =(O48+P48)/2*Q48*S48 -> 0 | Z48: =(T48+U48)/2*V48*X48 -> 0
A49: =B13 -> ZU9-2 | B49: =C13 -> 270.1795 | C49: =D13 -> 290.1795 | D49: =ABS(C49-B49) -> 20 | E49: =G13 -> 3.348 | F49: =H13 -> 3.348 | G49: =I13 -> -1.01829 | H49: =J13 -> -1.51829 | I49: =E49-G49 -> 4.36629 | J49: =F49-H49 -> 4.86629 | K49: =L49+0.1 -> 0.6 | L49: =LOOKUP(MAX(J49,I49),{0,3,4,5,6.5,7.5,9,10},{0.3,0.4,0.5,0.6,0.7,0.8,0.9}) -> 0.5 | M49: =V13+L49*2 -> 9 | N49: =W13+L49*2 -> 9 | O49: =K13-I13+0.2 -> 0.7 | P49: =L13-J13+0.2 -> 0.79956 | Q49: =M13 -> 1.75 | R49: =N13 -> 1.75 | S49: =O13 -> 0 | T49: =P13-I13+1 -> -0.1301 | U49: =Q13-J13 -> -0.97088 | V49: =R13 -> 0.45 | W49: =S13 -> 0.45 | X49: =T13 -> 0 | Y49: =(O49+P49)/2*Q49*S49 -> 0 | Z49: =(T49+U49)/2*V49*X49 -> 0
A50: =B14 -> ZU10-2 | B50: =C14 -> 290.2095 | C50: =D14 -> 310.2095 | D50: =ABS(C50-B50) -> 20 | E50: =G14 -> 3.348 | F50: =H14 -> 3.348 | G50: =I14 -> -1.51844 | H50: =J14 -> -1.61933 | I50: =E50-G50 -> 4.86644 | J50: =F50-H50 -> 4.96733 | K50: =L50+0.1 -> 0.6 | L50: =LOOKUP(MAX(J50,I50),{0,3,4,5,6.5,7.5,9,10},{0.3,0.4,0.5,0.6,0.7,0.8,0.9}) -> 0.5 | M50: =V14+L50*2 -> 9 | N50: =W14+L50*2 -> 9 | O50: =K14-I14+0.2 -> 0.79925 | P50: =L14-J14+0.2 -> 0.7 | Q50: =M14 -> 1.75 | R50: =N14 -> 1.75 | S50: =O14 -> 0 | T50: =P14-I14+1 -> 0.02892 | U50: =Q14-J14 -> -0.98842 | V50: =R14 -> 0.45 | W50: =S14 -> 0.45 | X50: =T14 -> 0 | Y50: =(O50+P50)/2*Q50*S50 -> 0 | Z50: =(T50+U50)/2*V50*X50 -> 0
A51: =B15 -> ZU11-2 | B51: =C15 -> 389.2295 | C51: =D15 -> 404.2295 | D51: =ABS(C51-B51) -> 15 | E51: =G15 -> 3.348 | F51: =H15 -> 3.348 | G51: =I15 -> -1.452 | H51: =J15 -> -1.452 | I51: =E51-G51 -> 4.8 | J51: =F51-H51 -> 4.8 | K51: =L51+0.1 -> 0.6 | L51: =LOOKUP(MAX(J51,I51),{0,3,4,5,6.5,7.5,9,10},{0.3,0.4,0.5,0.6,0.7,0.8,0.9}) -> 0.5 | M51: =V15+L51*2 -> 9 | N51: =W15+L51*2 -> 9 | O51: =K15-I15+0.2 -> 0.72062 | P51: =L15-J15+0.2 -> 0.75062 | Q51: =M15 -> 1.75 | R51: =N15 -> 1.75 | S51: =O15 -> 0 | T51: =P15-I15+1 -> 0.08618 | U51: =Q15-J15 -> -0.88382 | V51: =R15 -> 0.45 | W51: =S15 -> 0.45 | X51: =T15 -> 0 | Y51: =(O51+P51)/2*Q51*S51 -> 0 | Z51: =(T51+U51)/2*V51*X51 -> 0
A52: =B16 -> ZU12-2 | B52: =C16 -> 449.3195 | C52: =D16 -> 469.3195 | D52: =ABS(C52-B52) -> 20 | E52: =G16 -> 3.348 | F52: =H16 -> 3.348 | G52: =I16 -> -1.45125 | H52: =J16 -> -0.95564 | I52: =E52-G52 -> 4.79925 | J52: =F52-H52 -> 4.30364 | K52: =L52+0.1 -> 0.6 | L52: =LOOKUP(MAX(J52,I52),{0,3,4,5,6.5,7.5,9,10},{0.3,0.4,0.5,0.6,0.7,0.8,0.9}) -> 0.5 | M52: =V16+L52*2 -> 9 | N52: =W16+L52*2 -> 9 | O52: =K16-I16+0.2 -> 0.92992 | P52: =L16-J16+0.2 -> 0.72816 | Q52: =M16 -> 1.75 | R52: =N16 -> 1.75 | S52: =O16 -> 0 | T52: =P16-I16+1 -> 0.30647 | U52: =Q16-J16 -> -0.86059 | V52: =R16 -> 0.45 | W52: =S16 -> 0.45 | X52: =T16 -> 0 | Y52: =(O52+P52)/2*Q52*S52 -> 0 | Z52: =(T52+U52)/2*V52*X52 -> 0
... A59: =B23 -> ZU19-2 | B59: =C23 -> 589.5295 | C59: =D23 -> 605 | D59: =ABS(C59-B59) -> 15.4705 | E59: =G23 -> 3.348 | F59: =H23 -> 3.348 | G59: =I23 -> 2.04955 | H59: =J23 -> 2.40998 | I59: =E59-G59 -> 1.29845 | J59: =F59-H59 -> 0.93802 | K59: =L59+0.1 -> 0.4 | L59: =LOOKUP(MAX(J59,I59),{0,3,4,5,6.5,7.5,9,10},{0.3,0.4,0.5,0.6,0.7,0.8,0.9}) -> 0.3 | M59: =V23+L59*2 -> 8.6 | N59: =W23+L59*2 -> 8.6 | O59: =K23-I23+0.2 -> 0.70005 | P59: =L23-J23+0.2 -> 0.7 | Q59: =M23 -> 1.75 | R59: =N23 -> 1.75 | S59: =O23 -> 0 | T59: =P23-I23+1 -> 1.49099 | U59: =Q23-J23 -> 0.5 | V59: =R23 -> 0.45 | W59: =S23 -> 0.45 | X59: =T23 -> 0 | Y59: =(O59+P59)/2*Q59*S59 -> 0 | Z59: =(T59+U59)/2*V59*X59 -> 0
A60: =B24 -> 东U10 | B60: =C24 -> 594.2491 | C60: =D24 -> 614.2491 | D60: =ABS(C60-B60) -> 20 | E60: =G24 -> 3.914 | F60: =H24 -> 3.914 | G60: =I24 -> 2.27743 | H60: =J24 -> 2.65934 | I60: =E60-G60 -> 1.63657 | J60: =F60-H60 -> 1.25466 | K60: =L60+0.1 -> 0.4 | L60: =LOOKUP(MAX(J60,I60),{0,3.5,4,5,6.5,7.5,9,10},{0.3,0.4,0.5,0.6,0.7,0.8,0.9}) -> 0.3 | M60: =V24+L60*2 -> 8.6 | N60: =W24+L60*2 -> 8.6 | O60: =K24-I24+0.2 -> 1.12115 | P60: =L24-J24+0.2 -> 1.21711 | Q60: =M24 -> 1.75 | R60: =N24 -> 1.75 | S60: =O24 -> 1 | T60: =P24-I24+1 -> 1.89652 | U60: =Q24-J24 -> 1.01711 | V60: =R24 -> 0.45 | W60: =S24 -> 0.45 | X60: =T24 -> 0 | Y60: =(O60+P60)/2*Q60*S60 -> 2.0459775 | Z60: =(T60+U60)/2*V60*X60 -> 0
A61: =B25 -> 西U10-1 | B61: =C25 -> 111.6591 | C61: =D25 -> 131.6591 | D61: =ABS(C61-B61) -> 20 | E61: =G25 -> 3.59828 | F61: =H25 -> 3.348 | G61: =I25 -> 2.29828 | H61: =J25 -> 1.73674 | I61: =E61-G61 -> 1.3 | J61: =F61-H61 -> 1.61126 | K61: =L61+0.1 -> 0.4 | L61: =LOOKUP(MAX(J61,I61),{0,3.5,4,5,6.5,7.5,9,10},{0.3,0.4,0.5,0.6,0.7,0.8,0.9}) -> 0.3 | M61: =V25+L61*2 -> 22.85 | N61: =W25+L61*2 -> 22.85 | O61: =K25-I25+0.2 -> 1.3 | P61: =L25-J25+0.2 -> 1.41637 | Q61: =M25 -> 1.75 | R61: =N25 -> 1.75 | S61: =O25 -> 1 | T61: =P25-I25+1 -> 2.1 | U61: =Q25-J25 -> 1.21144 | V61: =R25 -> 0.45 | W61: =S25 -> 0.45 | X61: =T25 -> 0 | Y61: =(O61+P61)/2*Q61*S61 -> 2.3768237 | Z61: =(T61+U61)/2*V61*X61 -> 0
A62: =B26 -> 西U9-1 | B62: =C26 -> 131.6891 | C62: =D26 -> 151.6891 | D62: =ABS(C62-B62) -> 20 | E62: =G26 -> 3.348 | F62: =H26 -> 3.348 | G62: =I26 -> 1.7359 | H62: =J26 -> 1.17435 | I62: =E62-G62 -> 1.6121 | J62: =F62-H62 -> 2.17365 | K62: =L62+0.1 -> 0.4 | L62: =LOOKUP(MAX(J62,I62),{0,3.5,4,5,6.5,7.5,9,10},{0.3,0.4,0.5,0.6,0.7,0.8,0.9}) -> 0.3 | M62: =V26+L62*2 -> 22.85 | N62: =W26+L62*2 -> 22.85 | O62: =K26-I26+0.2 -> 1.41646 | P62: =L26-J26+0.2 -> 1.47801 | Q62: =M26 -> 1.75 | R62: =N26 -> 1.75 | S62: =O26 -> 1 | T62: =P26-I26+1 -> 2.21144 | U62: =Q26-J26 -> 1.10034 | V62: =R26 -> 0.45 | W62: =S26 -> 0.45 | X62: =T26 -> 0 | Y62: =(O62+P62)/2*Q62*S62 -> 2.5326612 | Z62: =(T62+U62)/2*V62*X62 -> 0
A63: =B27 -> 西U6-1 | B63: =C27 -> 191.7791 | C63: =D27 -> 211.7791 | D63: =ABS(C63-B63) -> 20 | E63: =G27 -> 3.348 | F63: =H27 -> 3.348 | G63: =I27 -> -0.40882 | H63: =J27 -> -1.19881 | I63: =E63-G63 -> 3.75682 | J63: =F63-H63 -> 4.54681 | K63: =L63+0.1 -> 0.6 | L63: =LOOKUP(MAX(J63,I63),{0,3.5,4,5,6.5,7.5,9,10},{0.3,0.4,0.5,0.6,0.7,0.8,0.9}) -> 0.5 | M63: =V27+L63*2 -> 13.5 | N63: =W27+L63*2 -> 13.5 | O63: =K27-I27+0.2 -> 2.05893 | P63: =L27-J27+0.2 -> 2.34892 | Q63: =M27 -> 1.75 | R63: =N27 -> 1.75 | S63: =O27 -> 0 | T63: =P27-I27+1 -> 2.10004 | U63: =Q27-J27 -> 1.10003 | V63: =R27 -> 0.45 | W63: =S27 -> 0.45 | X63: =T27 -> 0 | Y63: =(O63+P63)/2*Q63*S63 -> 0 | Z63: =(T63+U63)/2*V63*X63 -> 0
A64: =B28 -> 西U5-1 | B64: =C28 -> 211.8091 | C64: =D28 -> 231.8091 | D64: =ABS(C64-B64) -> 20 | E64: =G28 -> 3.348 | F64: =H28 -> 3.348 | G64: =I28 -> -1.19999 | H64: =J28 -> -1.98997 | I64: =E64-G64 -> 4.54799 | J64: =F64-H64 -> 5.33797 | K64: =L64+0.1 -> 0.7 | L64: =LOOKUP(MAX(J64,I64),{0,3.5,4,5,6.5,7.5,9,10},{0.3,0.4,0.5,0.6,0.7,0.8,0.9}) -> 0.6 | M64: =V28+L64*2 -> 13.7 | N64: =W28+L64*2 -> 13.7 | O64: =K28-I28+0.2 -> 2.34935 | P64: =L28-J28+0.2 -> 2.63933 | Q64: =M28 -> 1.75 | R64: =N28 -> 1.75 | S64: =O28 -> 0 | T64: =P28-I28+1 -> 2.10002 | U64: =Q28-J28 -> 1.1 | V64: =R28 -> 0.45 | W64: =S28 -> 0.45 | X64: =T28 -> 0 | Y64: =(O64+P64)/2*Q64*S64 -> 0 | Z64: =(T64+U64)/2*V64*X64 -> 0
A65: =B29 -> 西U4-1 | B65: =C29 -> 231.8391 | C65: =D29 -> 251.8391 | D65: =ABS(C65-B65) -> 20 | E65: =G29 -> 3.348 | F65: =H29 -> 3.348 | G65: =I29 -> -1.99116 | H65: =J29 -> -2.78114 | I65: =E65-G65 -> 5.33916 | J65: =F65-H65 -> 6.12914 | K65: =L65+0.1 -> 0.7 | L65: =LOOKUP(MAX(J65,I65),{0,3.5,4,5,6.5,7.5,9,10},{0.3,0.4,0.5,0.6,0.7,0.8,0.9}) -> 0.6 | M65: =V29+L65*2 -> 13.7 | N65: =W29+L65*2 -> 13.7 | O65: =K29-I29+0.2 -> 2.63977 | P65: =L29-J29+0.2 -> 2.92975 | Q65: =M29 -> 1.75 | R65: =N29 -> 1.75 | S65: =O29 -> 0 | T65: =P29-I29+1 -> 2.10001 | U65: =Q29-J29 -> 1.16323 | V65: =R29 -> 0.45 | W65: =S29 -> 0.45 | X65: =T29 -> 0 | Y65: =(O65+P65)/2*Q65*S65 -> 0 | Z65: =(T65+U65)/2*V65*X65 -> 0
A66: =B30 -> 西U3-1 | B66: =C30 -> 251.8691 | C66: =D30 -> 271.8691 | D66: =ABS(C66-B66) -> 20 | E66: =G30 -> 3.348 | F66: =H30 -> 3.348 | G66: =I30 -> -2.78233 | H66: =J30 -> -3.34525 | I66: =E66-G66 -> 6.13033 | J66: =F66-H66 -> 6.69325 | K66: =L66+0.1 -> 0.8 | L66: =LOOKUP(MAX(J66,I66),{0,3.5,4,5,6.5,7.5,9,10},{0.3,0.4,0.5,0.6,0.7,0.8,0.9}) -> 0.7 | M66: =V30+L66*2 -> 13.9 | N66: =W30+L66*2 -> 13.9 | O66: =K30-I30+0.2 -> 2.93019 | P66: =L30-J30+0.2 -> 2.99311 | Q66: =M30 -> 1.75 | R66: =N30 -> 1.75 | S66: =O30 -> 0 | T66: =P30-I30+1 -> 2.16349 | U66: =Q30-J30 -> 1.21551 | V66: =R30 -> 0.45 | W66: =S30 -> 0.45 | X66: =T30 -> 0 | Y66: =(O66+P66)/2*Q66*S66 -> 0 | Z66: =(T66+U66)/2*V66*X66 -> 0
A67: =B31 -> 西U2-1 | B67: =C31 -> 271.8991 | C67: =D31 -> 291.8991 | D67: =ABS(C67-B67) -> 20 | E67: =G31 -> 3.348 | F67: =H31 -> 3.348 | G67: =I31 -> -3.3461 | H67: =J31 -> -3.90902 | I67: =E67-G67 -> 6.6941 | J67: =F67-H67 -> 7.25702 | K67: =L67+0.1 -> 0.8 | L67: =LOOKUP(MAX(J67,I67),{0,3.5,4,5,6.5,7.5,9,10},{0.3,0.4,0.5,0.6,0.7,0.8,0.9}) -> 0.7 | M67: =V31+L67*2 -> 29.69 | N67: =W31+L67*2 -> 23.65 | O67: =K31-I31+0.2 -> 2.99321 | P67: =L31-J31+0.2 -> 3.15198 | Q67: =M31 -> 1.75 | R67: =N31 -> 1.75 | S67: =O31 -> 1 | T67: =P31-I31+1 -> 2.21576 | U67: =Q31-J31 -> 1.49034 | V67: =R31 -> 0.45 | W67: =S31 -> 0.45 | X67: =T31 -> 0 | Y67: =(O67+P67)/2*Q67*S67 -> 5.3770413 | Z67: =(T67+U67)/2*V67*X67 -> 0
A68: =B32 -> 西U6-2 | B68: =C32 -> 191.7791 | C68: =D32 -> 211.7791 | D68: =ABS(C68-B68) -> 20 | E68: =G32 -> 3.348 | F68: =H32 -> 3.348 | G68: =I32 -> -0.40882 | H68: =J32 -> -1.19881 | I68: =E68-G68 -> 3.75682 | J68: =F68-H68 -> 4.54681 | K68: =L68+0.1 -> 0.6 | L68: =LOOKUP(MAX(J68,I68),{0,3.5,4,5,6.5,7.5,9,10},{0.3,0.4,0.5,0.6,0.7,0.8,0.9}) -> 0.5 | M68: =V32+L68*2 -> 9 | N68: =W32+L68*2 -> 10.09 | O68: =K32-I32+0.2 -> 2.05893 | P68: =L32-J32+0.2 -> 2.34892 | Q68: =M32 -> 1.75 | R68: =N32 -> 1.75 | S68: =O32 -> 0 | T68: =P32-I32+1 -> 2.10004 | U68: =Q32-J32 -> 1.10003 | V68: =R32 -> 0.45 | W68: =S32 -> 0.45 | X68: =T32 -> 0 | Y68: =(O68+P68)/2*Q68*S68 -> 0 | Z68: =(T68+U68)/2*V68*X68 -> 0
A69: =B33 -> 西U5-2 | B69: =C33 -> 211.8091 | C69: =D33 -> 231.8091 | D69: =ABS(C69-B69) -> 20 | E69: =G33 -> 3.348 | F69: =H33 -> 3.348 | G69: =I33 -> -1.19999 | H69: =J33 -> -1.98997 | I69: =E69-G69 -> 4.54799 | J69: =F69-H69 -> 5.33797 | K69: =L69+0.1 -> 0.7 | L69: =LOOKUP(MAX(J69,I69),{0,3.5,4,5,6.5,7.5,9,10},{0.3,0.4,0.5,0.6,0.7,0.8,0.9}) -> 0.6 | M69: =V33+L69*2 -> 10.29 | N69: =W33+L69*2 -> 9.2 | O69: =K33-I33+0.2 -> 2.34935 | P69: =L33-J33+0.2 -> 2.63933 | Q69: =M33 -> 1.75 | R69: =N33 -> 1.75 | S69: =O33 -> 0 | T69: =P33-I33+1 -> 2.10002 | U69: =Q33-J33 -> 1.1 | V69: =R33 -> 0.45 | W69: =S33 -> 0.45 | X69: =T33 -> 0 | Y69: =(O69+P69)/2*Q69*S69 -> 0 | Z69: =(T69+U69)/2*V69*X69 -> 0
A70: =B34 -> 西U4-2 | B70: =C34 -> 231.8391 | C70: =D34 -> 251.8391 | D70: =ABS(C70-B70) -> 20 | E70: =G34 -> 3.348 | F70: =H34 -> 3.348 | G70: =I34 -> -1.99116 | H70: =J34 -> -2.78114 | I70: =E70-G70 -> 5.33916 | J70: =F70-H70 -> 6.12914 | K70: =L70+0.1 -> 0.7 | L70: =LOOKUP(MAX(J70,I70),{0,3.5,4,5,6.5,7.5,9,10},{0.3,0.4,0.5,0.6,0.7,0.8,0.9}) -> 0.6 | M70: =V34+L70*2 -> 9.2 | N70: =W34+L70*2 -> 9.2 | O70: =K34-I34+0.2 -> 2.63977 | P70: =L34-J34+0.2 -> 2.92975 | Q70: =M34 -> 1.75 | R70: =N34 -> 1.75 | S70: =O34 -> 0 | T70: =P34-I34+1 -> 2.10001 | U70: =Q34-J34 -> 1.16323 | V70: =R34 -> 0.45 | W70: =S34 -> 0.45 | X70: =T34 -> 0 | Y70: =(O70+P70)/2*Q70*S70 -> 0 | Z70: =(T70+U70)/2*V70*X70 -> 0
A71: =B35 -> 西U3-2 | B71: =C35 -> 251.8691 | C71: =D35 -> 271.8691 | D71: =ABS(C71-B71) -> 20 | E71: =G35 -> 3.348 | F71: =H35 -> 3.348 | G71: =I35 -> -2.78233 | H71: =J35 -> -3.34525 | I71: =E71-G71 -> 6.13033 | J71: =F71-H71 -> 6.69325 | K71: =L71+0.1 -> 0.8 | L71: =LOOKUP(MAX(J71,I71),{0,3.5,4,5,6.5,7.5,9,10},{0.3,0.4,0.5,0.6,0.7,0.8,0.9}) -> 0.7 | M71: =V35+L71*2 -> 9.4 | N71: =W35+L71*2 -> 15.46 | O71: =K35-I35+0.2 -> 2.93019 | P71: =L35-J35+0.2 -> 2.99311 | Q71: =M35 -> 1.75 | R71: =N35 -> 1.75 | S71: =O35 -> 0 | T71: =P35-I35+1 -> 2.16349 | U71: =Q35-J35 -> 1.21551 | V71: =R35 -> 0.45 | W71: =S35 -> 0.45 | X71: =T35 -> 0 | Y71: =(O71+P71)/2*Q71*S71 -> 0 | Z71: =(T71+U71)/2*V71*X71 -> 0
A72: =B36 -> 0 | B72: =C36 -> 0 | C72: =D36 -> 0 | D72: =ABS(C72-B72) -> 0 | E72: =G36 -> 0 | F72: =H36 -> 0 | G72: =I36 -> 0 | H72: =J36 -> 0 | I72: =E72-G72 -> 0 | J72: =F72-H72 -> 0 | K72: =L72+0.1 -> 0.4 | L72: =LOOKUP(MAX(J72,I72),{0,3,4,5,6.5,7.5,9,10},{0.3,0.4,0.5,0.6,0.7,0.8,0.9}) -> 0.3 | M72: =V36+L72*2 -> 0.6 | N72: =W36+L72*2 -> 0.6 | O72: =K36-I36+0.2 -> 0.2 | P72: =L36-J36+0.2 -> 0.2 | Q72: =M36 -> 0 | R72: =N36 -> 0 | S72: =O36 -> 0 | T72: =P36-I36+1 -> 1 | U72: =Q36-J36 -> 0 | V72: =R36 -> 0 | W72: =S36 -> 0 | X72: =T36 -> 0
Y73: =SUM(Y41:Y72) -> 12.332504
B74: 三、边墙及底板厚度及钢筋选用原则（试算结果取值，作为结构推荐值使用）
B75: 结构净高 | C75: N1试算取值 | D75: 边墙厚度 | E75: 底板厚度 | G75: 6m以上双根一束
B76: 2.5m以下 | C76: 8根12 | D76: 0.3 | E76: 0.3
B77: 3m以下 | C77: 8根14 | D77: 0.3 | E77: 0.3
B78: 3.5m以下 | C78: 8根16 | D78: 0.4 | E78: 0.4
B79: 4m以下 | C79: 8根18 | D79: 0.4 | E79: 0.4
B80: 4.5m以下 | C80: 8根20 | D80: 0.5 | E80: 0.5
B81: 5m以下 | C81: 8根22 | D81: 0.5 | E81: 0.5
B82: 5.5m以下 | C82: 8根25 | D82: 0.6 | E82: 0.6
B83: 6m以下 | C83: 8根28 | D83: 0.6 | E83: 0.6
B84: 6.5m以下 | C84: 16根22 | D84: 0.6 | E84: 0.6
B85: 7m以下 | C85: 16根25 | D85: 0.7 | E85: 0.6
B86: 7.5m以下 | C86: 16根25 | D86: 0.7 | E86: 0.7
B87: 8m以下 | C87: 16根28 | D87: 0.8 | E87: 0.8
B88: 9m以下 | C88: 16根28 | D88: 0.8 | E88: 0.8
B89: 10m以下 | D89: 0.9 | E89: 0.9

Sheet 1.U型槽主筋验算
I1: 边墙厚度 | J1: 结构净高 | K1: 水位高 | L1: 钢筋
H2: ='0.结构参数'!A41 -> ZU1-2 | I2: ='0.结构参数'!L41 -> 0.3 | J2: =MAX('0.结构参数'!I41,'0.结构参数'!J41) -> 0.86038 | K2: =3.1-MIN('0.结构参数'!I5,'0.结构参数'!J5) -> 0.61238 | L2: 14
H3: ='0.结构参数'!A42 -> ZU2-2 | I3: ='0.结构参数'!L42 -> 0.3 | J3: =MAX('0.结构参数'!I42,'0.结构参数'!J42) -> 1.36104 | K3: =3.1-MIN('0.结构参数'!I6,'0.结构参数'!J6) -> 1.11304 | L3: 14
H4: ='0.结构参数'!A43 -> ZU3-2 | I4: ='0.结构参数'!L43 -> 0.3 | J4: =MAX('0.结构参数'!I43,'0.结构参数'!J43) -> 1.86179 | K4: =3.1-MIN('0.结构参数'!I7,'0.结构参数'!J7) -> 1.61379 | L4: 14
H5: ='0.结构参数'!A44 -> ZU4-2 | I5: ='0.结构参数'!L44 -> 0.3 | J5: =MAX('0.结构参数'!I44,'0.结构参数'!J44) -> 2.36254 | K5: =3.1-MIN('0.结构参数'!I8,'0.结构参数'!J8) -> 2.11454 | L5: 14
H6: ='0.结构参数'!A45 -> ZU5-2 | I6: ='0.结构参数'!L45 -> 0.3 | J6: =MAX('0.结构参数'!I45,'0.结构参数'!J45) -> 2.86329 | K6: =3.1-MIN('0.结构参数'!I9,'0.结构参数'!J9) -> 2.61529 | L6: 18
H7: ='0.结构参数'!A46 -> ZU6-2 | I7: ='0.结构参数'!L46 -> 0.4 | J7: =MAX('0.结构参数'!I46,'0.结构参数'!J46) -> 3.36404 | K7: =3.1-MIN('0.结构参数'!I10,'0.结构参数'!J10) -> 3.11604 | L7: 18
H8: ='0.结构参数'!A47 -> ZU7-2 | I8: ='0.结构参数'!L47 -> 0.4 | J8: =MAX('0.结构参数'!I47,'0.结构参数'!J47) -> 3.86479 | K8: =3.1-MIN('0.结构参数'!I11,'0.结构参数'!J11) -> 3.61679 | L8: 22
H9: ='0.结构参数'!A48 -> ZU8-2 | I9: ='0.结构参数'!L48 -> 0.5 | J9: =MAX('0.结构参数'!I48,'0.结构参数'!J48) -> 4.36554 | K9: =3.1-MIN('0.结构参数'!I12,'0.结构参数'!J12) -> 4.11754 | L9: 25
B10: ZU1-2~ZU4-2、ZU1-17~ZU19-2计算书 | H10: ='0.结构参数'!A49 -> ZU9-2 | I10: ='0.结构参数'!L49 -> 0.5 | J10: =MAX('0.结构参数'!I49,'0.结构参数'!J49) -> 4.86629 | K10: =3.1-MIN('0.结构参数'!I13,'0.结构参数'!J13) -> 4.61829 | L10: 20 | M10: 2*20
H11: ='0.结构参数'!A50 -> ZU10-2 | I11: ='0.结构参数'!L50 -> 0.5 | J11: =MAX('0.结构参数'!I50,'0.结构参数'!J50) -> 4.96733 | K11: =3.1-MIN('0.结构参数'!I14,'0.结构参数'!J14) -> 4.71933 | L11: 20 | M11: 2*20
H12: ='0.结构参数'!A51 -> ZU11-2 | I12: ='0.结构参数'!L51 -> 0.5 | J12: =MAX('0.结构参数'!I51,'0.结构参数'!J51) -> 4.8 | K12: =3.1-MIN('0.结构参数'!I15,'0.结构参数'!J15) -> 4.552 | L12: 18 | M12: 2*18
B13: 1、 | C13: 结构描述 | H13: ='0.结构参数'!A52 -> ZU12-2 | I13: ='0.结构参数'!L52 -> 0.5 | J13: =MAX('0.结构参数'!I52,'0.结构参数'!J52) -> 4.79925 | K13: =3.1-MIN('0.结构参数'!I16,'0.结构参数'!J16) -> 4.55125 | L13: 18 | M13: 2*18
H14: ='0.结构参数'!A53 -> ZU13-2 | I14: ='0.结构参数'!L53 -> 0.5 | J14: =MAX('0.结构参数'!I53,'0.结构参数'!J53) -> 4.3029 | K14: =3.1-MIN('0.结构参数'!I17,'0.结构参数'!J17) -> 4.0549 | L14: 25
H15: ='0.结构参数'!A54 -> ZU14-2 | I15: ='0.结构参数'!L54 -> 0.4 | J15: =MAX('0.结构参数'!I54,'0.结构参数'!J54) -> 3.80215 | K15: =3.1-MIN('0.结构参数'!I18,'0.结构参数'!J18) -> 3.55415 | L15: 22
H16: ='0.结构参数'!A55 -> ZU15-2 | I16: ='0.结构参数'!L55 -> 0.4 | J16: =MAX('0.结构参数'!I55,'0.结构参数'!J55) -> 3.3014 | K16: =3.1-MIN('0.结构参数'!I19,'0.结构参数'!J19) -> 3.0534 | L16: 18
H17: ='0.结构参数'!A56 -> ZU16-2 | I17: ='0.结构参数'!L56 -> 0.3 | J17: =MAX('0.结构参数'!I56,'0.结构参数'!J56) -> 2.80065 | K17: =3.1-MIN('0.结构参数'!I20,'0.结构参数'!J20) -> 2.55265 | L17: 16
H18: ='0.结构参数'!A57 -> ZU17-2 | I18: ='0.结构参数'!L57 -> 0.3 | J18: =MAX('0.结构参数'!I57,'0.结构参数'!J57) -> 2.2999 | K18: =3.1-MIN('0.结构参数'!I21,'0.结构参数'!J21) -> 2.0519 | L18: 14
H19: ='0.结构参数'!A58 -> ZU18-2 | I19: ='0.结构参数'!L58 -> 0.3 | J19: =MAX('0.结构参数'!I58,'0.结构参数'!J58) -> 1.79915 | K19: =3.1-MIN('0.结构参数'!I22,'0.结构参数'!J22) -> 1.55115 | L19: 14
H20: ='0.结构参数'!A59 -> ZU19-2 | I20: ='0.结构参数'!L59 -> 0.3 | J20: =MAX('0.结构参数'!I59,'0.结构参数'!J59) -> 1.29845 | K20: =3.1-MIN('0.结构参数'!I23,'0.结构参数'!J23) -> 1.05045 | L20: 14
H21: ='0.结构参数'!A60 -> 东U10 | I21: ='0.结构参数'!L60 -> 0.3 | J21: =MAX('0.结构参数'!I60,'0.结构参数'!J60) -> 1.63657 | K21: =3.15-MIN('0.结构参数'!I24,'0.结构参数'!J24) -> 0.87257 | L21: 14
H22: ='0.结构参数'!A61 -> 西U10-1 | I22: ='0.结构参数'!L61 -> 0.3 | J22: =MAX('0.结构参数'!I61,'0.结构参数'!J61) -> 1.61126 | K22: =3.15-MIN('0.结构参数'!I25,'0.结构参数'!J25) -> 1.41326 | L22: 14
H23: ='0.结构参数'!A62 -> 西U9-1 | I23: ='0.结构参数'!L62 -> 0.3 | J23: =MAX('0.结构参数'!I62,'0.结构参数'!J62) -> 2.17365 | K23: =3.15-MIN('0.结构参数'!I26,'0.结构参数'!J26) -> 1.97565 | L23: 14
H24: ='0.结构参数'!A63 -> 西U6-1 | I24: ='0.结构参数'!L63 -> 0.5 | J24: =MAX('0.结构参数'!I63,'0.结构参数'!J63) -> 4.54681 | K24: =3.15-MIN('0.结构参数'!I27,'0.结构参数'!J27) -> 4.34881 | L24: 22
H25: ='0.结构参数'!A64 -> 西U5-1 | I25: ='0.结构参数'!L64 -> 0.6 | J25: =MAX('0.结构参数'!I64,'0.结构参数'!J64) -> 5.33797 | K25: =3.15-MIN('0.结构参数'!I28,'0.结构参数'!J28) -> 5.13997 | L25: 25
H26: ='0.结构参数'!A65 -> 西U4-1 | I26: ='0.结构参数'!L65 -> 0.6 | J26: =MAX('0.结构参数'!I65,'0.结构参数'!J65) -> 6.12914 | K26: =3.15-MIN('0.结构参数'!I29,'0.结构参数'!J29) -> 5.93114 | L26: 20
H27: ='0.结构参数'!A66 -> 西U3-1 | I27: ='0.结构参数'!L66 -> 0.7 | J27: =MAX('0.结构参数'!I66,'0.结构参数'!J66) -> 6.69325 | K27: =3.15-MIN('0.结构参数'!I30,'0.结构参数'!J30) -> 6.49525 | L27: 22
H28: ='0.结构参数'!A67 -> 西U2-1 | I28: ='0.结构参数'!L67 -> 0.7 | J28: =MAX('0.结构参数'!I67,'0.结构参数'!J67) -> 7.25702 | K28: =3.15-MIN('0.结构参数'!I31,'0.结构参数'!J31) -> 7.05902 | L28: 25
H29: ='0.结构参数'!A68 -> 西U6-2 | I29: ='0.结构参数'!L68 -> 0.5 | J29: =MAX('0.结构参数'!I68,'0.结构参数'!J68) -> 4.54681 | K29: =3.15-MIN('0.结构参数'!I32,'0.结构参数'!J32) -> 4.34881 | L29: 22
B30: 结构尺寸 | C30: 顶宽： | D30: b1= | E30: 0.3 | H30: ='0.结构参数'!A69 -> 西U5-2 | I30: ='0.结构参数'!L69 -> 0.6 | J30: =MAX('0.结构参数'!I69,'0.结构参数'!J69) -> 5.33797 | K30: =3.15-MIN('0.结构参数'!I33,'0.结构参数'!J33) -> 5.13997 | L30: 25
C31: 底宽： | D31: b2= | E31: =E30 -> 0.3 | H31: ='0.结构参数'!A70 -> 西U4-2 | I31: ='0.结构参数'!L70 -> 0.6 | J31: =MAX('0.结构参数'!I70,'0.结构参数'!J70) -> 6.12914 | K31: =3.15-MIN('0.结构参数'!I34,'0.结构参数'!J34) -> 5.93114 | L31: 20
C32: 桥高： | D32: h= | E32: 2.4 | H32: ='0.结构参数'!A71 -> 西U3-2 | I32: ='0.结构参数'!L71 -> 0.7 | J32: =MAX('0.结构参数'!I71,'0.结构参数'!J71) -> 6.69325 | K32: =3.15-MIN('0.结构参数'!I35,'0.结构参数'!J35) -> 6.49525 | L32: 22
C33: 水高： | D33: H= | E33: 2.1
B35: 2、 | C35: 荷载计算
C37: 结构重要性系数： | D37: r0= | E37: =IF(E32>5,IF(F37="二级及以下公路",1,1.05),IF(F37="二级及以下公路",0.95,1)) -> 1 | F37: 高速公路、一级公路 | H37: 结构重要性系数
C38: 土压力分项系数： | D38: γt= | E38: 1.4 | H38: 墙高 | I38: 高速公路、一级公路 | J38: 二级及以下公路
C39: 水压力分项系数： | D39: γs= | E39: 1 | H39: ≤5.0m | I39: 1 | J39: 0.95
C40: 活载分项系数： | D40: γQ= | E40: 1.4 | H40: >5.0m | I40: 1.05 | J40: 1
B42: 2.1 | C42: 土压力计算
B44: 土压力 参数 | C44: 填土坡角 | D44: β= | E44: 0
C45: 内摩擦角 | D45: φ= | E45: 23
C46: 墙与填土摩擦角 | D46: δ= | E46: 11.5
C47: 墙背俯斜 | D47: α= | E47: 0
C48: 墙后土容重 | D48: r1= | E48: 18
C49: 墙后土饱和容重 | D49: r2= | E49: 20
C50: 墙后土浮容重 | D50: r3= | E50: 10
B52: 土压力 中间值 | C52: cos(φ-α) | E52: =COS(RADIANS(E45-E47)) -> 0.92050485
C53: cosα | E53: =COS(RADIANS(E47)) -> 1
C54: cos（α+δ） | E54: =COS(RADIANS(E47+E46)) -> 0.9799247
C55: sin（φ+δ） | E55: =SIN(RADIANS(E45+E46)) -> 0.56640624
C56: sin（φ-β） | E56: =SIN(RADIANS(E45-E44)) -> 0.39073113
C57: cos（α-β） | E57: =COS(RADIANS(E47-E44)) -> 1
C58: 库仑系数u | E58: =E52^2/(E53^2*E54*(1+SQRT(E55*E56/(E54*E57)))^2) -> 0.39731794
B59: 主动土压力附加安全系数 | E59: 1.3
B61: 土压力 | C61: 土压应力：墙顶kPa | E61: 0
C62: 土压应力：水面kPa | E62: =E59*E58*E48*(E32-E33) -> 2.7891719
C63: 土压应力：墙底kPa | E63: =E59*E58*E50*E33+E62 -> 13.635952
C64: 无水部分的土压力kN | E64: =1/2*1*E62*(E32-E33) -> 0.41837579
C65: 有水部分的土压力kN | E65: =1/2*1*(E62+E63)*E33 -> 17.24638
C66: 无水土压力作用点m | E66: =E33+1/3*(E32-E33) -> 2.2
C67: 有水土压力作用点m | E67: =1/3*E33*(2*E62+E63)/(E62+E63) -> 0.81886792
C68: 边墙底截面土压力kN | E68: =E64+E65 -> 17.664756
C69: 墙底土压力力矩：kN*m | E69: =E64*E66+E65*E67 -> 15.042934
B71: 2.2 | C71: 水压力计算
B73: 水压力 | C73: 水压应力:水面kPa | E73: 0
C74: 水压应力:墙底kPa | E74: =10*E33 -> 21
C75: 水压力 kN | E75: =1/2*E74*E33 -> 22.05
C76: 水压力作用点m | E76: =E33/3 -> 0.7
C77: 边墙底截面水压力kN | E77: =E75 -> 22.05
C78: 墙底水压力力矩：kN*m | E78: =E75*E76 -> 15.435
B81: 2.3 | C81: 活载
B83: 活载 | C83: 车辆荷载附加荷载强度kPa | E83: =IF(E32<2,20,(IF(E32>10,10,(20-(E32-2)/(10-2)*(20-10))))) -> 19.5
C84: 换算土层厚度m | E84: =E83/E48 -> 1.0833333
C85: 活载换算土压力 | E85: =1/2*1*E59*E58*E48*(E32+2*E84) -> 21.228697
C86: 作用点m | E86: =E32/3*((E32+E84/3)/(E32+E84/2)) -> 0.75089707
C87: 活载对边墙底力矩 | E87: =E85*E86 -> 15.940567
B89: 2.4 | C89: 荷载组合
C91: 基本组合：
C92: 边墙底弯矩（kN*m） | E92: =E37*(E38*E69+E39*E78+E40*E87) -> 58.811901
C93: 边墙底剪力(kN) | E93: =E37*(E38*E68+E39*E77+E40*E85) -> 76.500834
C95: 长期效应组合：
C96: 边墙底弯矩：（kN*m） | E96: =E69+E78+0.4*E87 -> 36.854161
C97: 边墙底剪力：(kN) | E97: =E68+E77+0.4*E85 -> 48.206234
C99: 短期效应组合：
C100: 边墙底弯矩：（kN*m） | E100: =E69+E78+0.7*E87 -> 41.636331
C101: 边墙底剪力：(kN) | E101: =E68+E77+0.7*E85 -> 54.574844
B104: 2.5 | C104: 边墙截面验算
I105: fcd | J105: ftd | K105: Ec
B106: 已知 | C106: 混凝土fcd | D106: C35 | E106: =VLOOKUP(D106,H106:J109,2,1) -> 16.1 | F106: Mpa | H106: C35 | I106: 16.1 | J106: 1.52 | K106: 3.15
C107: 混凝土ftd | D107: C35 | E107: =VLOOKUP(D107,H106:J109,3,1) -> 1.52 | F107: Mpa | H107: C40 | I107: 18.1 | J107: 1.65 | K107: 3.25
C108: HRB400钢筋fsd | E108: 330 | F108: Mpa | H108: C45 | I108: 20.5 | J108: 1.74 | K108: 3.35
C109: HRB400钢筋fsd' | E109: 330 | F109: Mpa | H109: C50 | I109: 22.4 | J109: 1.83 | K109: 3.45
C110: 外侧钢筋根数 | E110: 8
C111: 外侧钢筋直径mm | E111: 14 | F111: mm
C112: 外侧钢筋面积As | E112: =E110*PI()*E111^2/4 -> 1231.5043 | F112: mm2
C113: 内侧钢筋根数 | E113: 8
C114: 内侧钢筋直径mm | E114: 12 | F114: mm
C115: 内侧钢筋面积As' | E115: =E113*PI()*E114^2/4 -> 904.77868 | F115: mm2
C116: a | E116: 65 | F116: mm
C117: 有效高度h0 | E117: =E31*1000-E116 -> 235 | F117: mm
...

Sheet 2.U型槽钢筋
A2: U型槽尺寸表 | B2: 节段 | C2: 净高不含底板厚 | E2: 节段宽 | G2: 边墙厚B | H2: 底板厚T | I2: D | J2: hmin+T | K2: hmax+T | N2: 角度 | O2: 净保护层
C3: Hmin | D3: Hmax | E3: Lmax | F3: Lmin | N3: 90 | O3: 4 | P3: 4
B4: ='0.结构参数'!A41 -> ZU1-2 | C4: =MIN('0.结构参数'!I41,'0.结构参数'!J41)*100 -> 69.116 | D4: =MAX('0.结构参数'!I41,'0.结构参数'!J41)*100 -> 86.038 | E4: =MAX('0.结构参数'!E5,'0.结构参数'!F5)*100 -> 2000 | F4: =MIN('0.结构参数'!E5,'0.结构参数'!F5)*100 -> 2000 | G4: ='0.结构参数'!L41*100 -> 30 | H4: ='0.结构参数'!K41*100 -> 40 | I4: =('0.结构参数'!M41+'0.结构参数'!N41)/2*100 -> 860 | J4: =(C4+$H4) -> 109.116 | K4: =(D4+$H4) -> 126.038
B5: ='0.结构参数'!A42 -> ZU2-2 | C5: =MIN('0.结构参数'!I42,'0.结构参数'!J42)*100 -> 86.104 | D5: =MAX('0.结构参数'!I42,'0.结构参数'!J42)*100 -> 136.104 | E5: =MAX('0.结构参数'!E6,'0.结构参数'!F6)*100 -> 2000 | F5: =MIN('0.结构参数'!E6,'0.结构参数'!F6)*100 -> 2000 | G5: ='0.结构参数'!L42*100 -> 30 | H5: ='0.结构参数'!K42*100 -> 40 | I5: =('0.结构参数'!M42+'0.结构参数'!N42)/2*100 -> 860 | J5: =(C5+$H5) -> 126.104 | K5: =(D5+$H5) -> 176.104
B6: ='0.结构参数'!A43 -> ZU3-2 | C6: =MIN('0.结构参数'!I43,'0.结构参数'!J43)*100 -> 136.179 | D6: =MAX('0.结构参数'!I43,'0.结构参数'!J43)*100 -> 186.179 | E6: =MAX('0.结构参数'!E7,'0.结构参数'!F7)*100 -> 2000 | F6: =MIN('0.结构参数'!E7,'0.结构参数'!F7)*100 -> 2000 | G6: ='0.结构参数'!L43*100 -> 30 | H6: ='0.结构参数'!K43*100 -> 40 | I6: =('0.结构参数'!M43+'0.结构参数'!N43)/2*100 -> 860 | J6: =(C6+$H6) -> 176.179 | K6: =(D6+$H6) -> 226.179
B7: ='0.结构参数'!A44 -> ZU4-2 | C7: =MIN('0.结构参数'!I44,'0.结构参数'!J44)*100 -> 186.254 | D7: =MAX('0.结构参数'!I44,'0.结构参数'!J44)*100 -> 236.254 | E7: =MAX('0.结构参数'!E8,'0.结构参数'!F8)*100 -> 2000 | F7: =MIN('0.结构参数'!E8,'0.结构参数'!F8)*100 -> 2000 | G7: ='0.结构参数'!L44*100 -> 30 | H7: ='0.结构参数'!K44*100 -> 40 | I7: =('0.结构参数'!M44+'0.结构参数'!N44)/2*100 -> 860 | J7: =(C7+$H7) -> 226.254 | K7: =(D7+$H7) -> 276.254
B8: ='0.结构参数'!A45 -> ZU5-2 | C8: =MIN('0.结构参数'!I45,'0.结构参数'!J45)*100 -> 236.329 | D8: =MAX('0.结构参数'!I45,'0.结构参数'!J45)*100 -> 286.329 | E8: =MAX('0.结构参数'!E9,'0.结构参数'!F9)*100 -> 2000 | F8: =MIN('0.结构参数'!E9,'0.结构参数'!F9)*100 -> 2000 | G8: ='0.结构参数'!L45*100 -> 30 | H8: ='0.结构参数'!K45*100 -> 40 | I8: =('0.结构参数'!M45+'0.结构参数'!N45)/2*100 -> 860 | J8: =(C8+$H8) -> 276.329 | K8: =(D8+$H8) -> 326.329 | N8: 4、e2数值改为定值8，但仍需注意表格外e2取值区间
B9: ='0.结构参数'!A46 -> ZU6-2 | C9: =MIN('0.结构参数'!I46,'0.结构参数'!J46)*100 -> 286.404 | D9: =MAX('0.结构参数'!I46,'0.结构参数'!J46)*100 -> 336.404 | E9: =MAX('0.结构参数'!E10,'0.结构参数'!F10)*100 -> 2000 | F9: =MIN('0.结构参数'!E10,'0.结构参数'!F10)*100 -> 2000 | G9: ='0.结构参数'!L46*100 -> 40 | H9: ='0.结构参数'!K46*100 -> 50 | I9: =('0.结构参数'!M46+'0.结构参数'!N46)/2*100 -> 880 | J9: =(C9+$H9) -> 336.404 | K9: =(D9+$H9) -> 386.404
B10: ='0.结构参数'!A47 -> ZU7-2 | C10: =MIN('0.结构参数'!I47,'0.结构参数'!J47)*100 -> 336.479 | D10: =MAX('0.结构参数'!I47,'0.结构参数'!J47)*100 -> 386.479 | E10: =MAX('0.结构参数'!E11,'0.结构参数'!F11)*100 -> 2000 | F10: =MIN('0.结构参数'!E11,'0.结构参数'!F11)*100 -> 2000 | G10: ='0.结构参数'!L47*100 -> 40 | H10: ='0.结构参数'!K47*100 -> 50 | I10: =('0.结构参数'!M47+'0.结构参数'!N47)/2*100 -> 880 | J10: =(C10+$H10) -> 386.479 | K10: =(D10+$H10) -> 436.479
B11: ='0.结构参数'!A48 -> ZU8-2 | C11: =MIN('0.结构参数'!I48,'0.结构参数'!J48)*100 -> 386.554 | D11: =MAX('0.结构参数'!I48,'0.结构参数'!J48)*100 -> 436.554 | E11: =MAX('0.结构参数'!E12,'0.结构参数'!F12)*100 -> 2000 | F11: =MIN('0.结构参数'!E12,'0.结构参数'!F12)*100 -> 2000 | G11: ='0.结构参数'!L48*100 -> 50 | H11: ='0.结构参数'!K48*100 -> 60 | I11: =('0.结构参数'!M48+'0.结构参数'!N48)/2*100 -> 900 | J11: =(C11+$H11) -> 446.554 | K11: =(D11+$H11) -> 496.554
B12: ='0.结构参数'!A49 -> ZU9-2 | C12: =MIN('0.结构参数'!I49,'0.结构参数'!J49)*100 -> 436.629 | D12: =MAX('0.结构参数'!I49,'0.结构参数'!J49)*100 -> 486.629 | E12: =MAX('0.结构参数'!E13,'0.结构参数'!F13)*100 -> 2000 | F12: =MIN('0.结构参数'!E13,'0.结构参数'!F13)*100 -> 2000 | G12: ='0.结构参数'!L49*100 -> 50 | H12: ='0.结构参数'!K49*100 -> 60 | I12: =('0.结构参数'!M49+'0.结构参数'!N49)/2*100 -> 900 | J12: =(C12+$H12) -> 496.629 | K12: =(D12+$H12) -> 546.629
B13: ='0.结构参数'!A50 -> ZU10-2 | C13: =MIN('0.结构参数'!I50,'0.结构参数'!J50)*100 -> 486.644 | D13: =MAX('0.结构参数'!I50,'0.结构参数'!J50)*100 -> 496.733 | E13: =MAX('0.结构参数'!E14,'0.结构参数'!F14)*100 -> 2000 | F13: =MIN('0.结构参数'!E14,'0.结构参数'!F14)*100 -> 2000 | G13: ='0.结构参数'!L50*100 -> 50 | H13: ='0.结构参数'!K50*100 -> 60 | I13: =('0.结构参数'!M50+'0.结构参数'!N50)/2*100 -> 900 | J13: =(C13+$H13) -> 546.644 | K13: =(D13+$H13) -> 556.733
B14: ='0.结构参数'!A51 -> ZU11-2 | C14: =MIN('0.结构参数'!I51,'0.结构参数'!J51)*100 -> 480 | D14: =MAX('0.结构参数'!I51,'0.结构参数'!J51)*100 -> 480 | E14: =MAX('0.结构参数'!E15,'0.结构参数'!F15)*100 -> 2000 | F14: =MIN('0.结构参数'!E15,'0.结构参数'!F15)*100 -> 2000 | G14: ='0.结构参数'!L51*100 -> 50 | H14: ='0.结构参数'!K51*100 -> 60 | I14: =('0.结构参数'!M51+'0.结构参数'!N51)/2*100 -> 900 | J14: =(C14+$H14) -> 540 | K14: =(D14+$H14) -> 540
B15: ='0.结构参数'!A52 -> ZU12-2 | C15: =MIN('0.结构参数'!I52,'0.结构参数'!J52)*100 -> 430.364 | D15: =MAX('0.结构参数'!I52,'0.结构参数'!J52)*100 -> 479.925 | E15: =MAX('0.结构参数'!E16,'0.结构参数'!F16)*100 -> 2000 | F15: =MIN('0.结构参数'!E16,'0.结构参数'!F16)*100 -> 2000 | G15: ='0.结构参数'!L52*100 -> 50 | H15: ='0.结构参数'!K52*100 -> 60 | I15: =('0.结构参数'!M52+'0.结构参数'!N52)/2*100 -> 900 | J15: =(C15+$H15) -> 490.364 | K15: =(D15+$H15) -> 539.925
B16: ='0.结构参数'!A53 -> ZU13-2 | C16: =MIN('0.结构参数'!I53,'0.结构参数'!J53)*100 -> 380.29 | D16: =MAX('0.结构参数'!I53,'0.结构参数'!J53)*100 -> 430.29 | E16: =MAX('0.结构参数'!E17,'0.结构参数'!F17)*100 -> 2000 | F16: =MIN('0.结构参数'!E17,'0.结构参数'!F17)*100 -> 2000 | G16: ='0.结构参数'!L53*100 -> 50 | H16: ='0.结构参数'!K53*100 -> 60 | I16: =('0.结构参数'!M53+'0.结构参数'!N53)/2*100 -> 900 | J16: =(C16+$H16) -> 440.29 | K16: =(D16+$H16) -> 490.29
B17: ='0.结构参数'!A54 -> ZU14-2 | C17: =MIN('0.结构参数'!I54,'0.结构参数'!J54)*100 -> 330.215 | D17: =MAX('0.结构参数'!I54,'0.结构参数'!J54)*100 -> 380.215 | E17: =MAX('0.结构参数'!E18,'0.结构参数'!F18)*100 -> 2000 | F17: =MIN('0.结构参数'!E18,'0.结构参数'!F18)*100 -> 2000 | G17: ='0.结构参数'!L54*100 -> 40 | H17: ='0.结构参数'!K54*100 -> 50 | I17: =('0.结构参数'!M54+'0.结构参数'!N54)/2*100 -> 880 | J17: =(C17+$H17) -> 380.215 | K17: =(D17+$H17) -> 430.215
B18: ='0.结构参数'!A55 -> ZU15-2 | C18: =MIN('0.结构参数'!I55,'0.结构参数'!J55)*100 -> 280.14 | D18: =MAX('0.结构参数'!I55,'0.结构参数'!J55)*100 -> 330.14 | E18: =MAX('0.结构参数'!E19,'0.结构参数'!F19)*100 -> 2000 | F18: =MIN('0.结构参数'!E19,'0.结构参数'!F19)*100 -> 2000 | G18: ='0.结构参数'!L55*100 -> 40 | H18: ='0.结构参数'!K55*100 -> 50 | I18: =('0.结构参数'!M55+'0.结构参数'!N55)/2*100 -> 880 | J18: =(C18+$H18) -> 330.14 | K18: =(D18+$H18) -> 380.14
B19: ='0.结构参数'!A56 -> ZU16-2 | C19: =MIN('0.结构参数'!I56,'0.结构参数'!J56)*100 -> 230.065 | D19: =MAX('0.结构参数'!I56,'0.结构参数'!J56)*100 -> 280.065 | E19: =MAX('0.结构参数'!E20,'0.结构参数'!F20)*100 -> 2000 | F19: =MIN('0.结构参数'!E20,'0.结构参数'!F20)*100 -> 2000 | G19: ='0.结构参数'!L56*100 -> 30 | H19: ='0.结构参数'!K56*100 -> 40 | I19: =('0.结构参数'!M56+'0.结构参数'!N56)/2*100 -> 860 | J19: =(C19+$H19) -> 270.065 | K19: =(D19+$H19) -> 320.065
B20: ='0.结构参数'!A57 -> ZU17-2 | C20: =MIN('0.结构参数'!I57,'0.结构参数'!J57)*100 -> 179.99 | D20: =MAX('0.结构参数'!I57,'0.结构参数'!J57)*100 -> 229.99 | E20: =MAX('0.结构参数'!E21,'0.结构参数'!F21)*100 -> 2000 | F20: =MIN('0.结构参数'!E21,'0.结构参数'!F21)*100 -> 2000 | G20: ='0.结构参数'!L57*100 -> 30 | H20: ='0.结构参数'!K57*100 -> 40 | I20: =('0.结构参数'!M57+'0.结构参数'!N57)/2*100 -> 860 | J20: =(C20+$H20) -> 219.99 | K20: =(D20+$H20) -> 269.99
... B35: ='0.结构参数'!A72 -> 0 | C35: =MIN('0.结构参数'!I72,'0.结构参数'!J72)*100 -> 0 | D35: =MAX('0.结构参数'!I72,'0.结构参数'!J72)*100 -> 0 | E35: =MAX('0.结构参数'!E36,'0.结构参数'!F36)*100 -> 0 | F35: =MIN('0.结构参数'!E36,'0.结构参数'!F36)*100 -> 0 | G35: ='0.结构参数'!L72*100 -> 30 | H35: ='0.结构参数'!K72*100 -> 40 | I35: =('0.结构参数'!M72+'0.结构参数'!N72)/2*100 -> 60 | J35: =(C35+$H35) -> 40 | K35: =(D35+$H35) -> 40
F37: 此处若为负值，则公式改为“B21/D21-2” | P37: 若e2小于8，则在n1公式后减1
A38: 钢筋图参数表 | B38: U型槽 编号 | C38: D (cm) | D38: n | E38: d (cm) | F38: a 0~12.5 | G38: B (cm) | H38: m | I38: b (cm) | J38: e1 (cm) | K38: Hmin (cm) | L38: Hmax (cm) | M38: n1 | N38: d1 (cm) | O38: d2 (cm) | P38: e2 | Q38: T | R38: n1' | S38: d1' | T38: L1 (cm) | U38: m1 | V38: b1 (cm) | W38: L2 (cm) | X38: m2 | Y38: b2 (cm) | Z38: e3 (cm) | AA38: e2 7~20.5
B39: =B4 -> ZU1-2 | C39: =VLOOKUP(B39,$B$4:$K$36,8,0) -> 860 | D39: =ROUNDDOWN((C39/E39-1),0) -> 67 | E39: =12.5 -> 12.5 | F39: =C39-D39*E39-2*J39 -> 6.5 | G39: =VLOOKUP(B39,$B$4:$J$72,6,0) -> 30 | H39: 2 | I39: =(G39-J39*2)/H39 -> 7 | J39: 8 | K39: =VLOOKUP(B39,$B$4:$K$36,2,0) -> 69.116 | L39: =VLOOKUP(B39,$B$4:$K$36,3,0) -> 86.038 | M39: =ROUND((L39-5)/12.5,0)-1 -> 5 | N39: =(L39-5-P39)/M39 -> 14.6076 | O39: =(K39-P39-5)/M39 -> 11.2232 | P39: 8 | Q39: =VLOOKUP($B39,$B$4:$K$36,7,0) -> 40 | R39: 3 | S39: =(Q39-2*J39)/R39 -> 8 | T39: =VLOOKUP($B39,$B$4:$K$36,4,0) -> 2000 | U39: =ROUNDDOWN(T39/V39,0)-1 -> 159 | V39: 12.5 | W39: =VLOOKUP($B39,$B$4:$K$36,5,0) -> 2000 | X39: =U39 -> 159 | Y39: =(W39-Z39*2)/X39 -> 12.5 | Z39: =(T39-U39*V39)/2 -> 6.25 | AA39: =L39-M39*12.5-5 -> 18.538
B40: =B5 -> ZU2-2 | C40: =VLOOKUP(B40,$B$4:$K$36,8,0) -> 860 | D40: =ROUNDDOWN((C40/E40-1),0) -> 67 | E40: =12.5 -> 12.5 | F40: =C40-D40*E40-2*J40 -> 6.5 | G40: =VLOOKUP(B40,$B$4:$J$72,6,0) -> 30 | H40: 2 | I40: =(G40-J40*2)/H40 -> 7 | J40: 8 | K40: =VLOOKUP(B40,$B$4:$K$36,2,0) -> 86.104 | L40: =VLOOKUP(B40,$B$4:$K$36,3,0) -> 136.104 | M40: =ROUND((L40-5)/12.5,0)-1 -> 9 | N40: =(L40-5-P40)/M40 -> 13.678222 | O40: =(K40-P40-5)/M40 -> 8.1226667 | P40: 8 | Q40: =VLOOKUP($B40,$B$4:$K$36,7,0) -> 40 | R40: 3 | S40: =(Q40-2*J40)/R40 -> 8 | T40: =VLOOKUP($B40,$B$4:$K$36,4,0) -> 2000 | U40: =ROUNDDOWN(T40/V40,0)-1 -> 159 | V40: 12.5 | W40: =VLOOKUP($B40,$B$4:$K$36,5,0) -> 2000 | X40: =U40 -> 159 | Y40: =(W40-Z40*2)/X40 -> 12.5 | Z40: =(T40-U40*V40)/2 -> 6.25 | AA40: =L40-M40*12.5-5 -> 18.604
B41: =B6 -> ZU3-2 | C41: =VLOOKUP(B41,$B$4:$K$36,8,0) -> 860 | D41: =ROUNDDOWN((C41/E41-1),0) -> 67 | E41: =12.5 -> 12.5 | F41: =C41-D41*E41-2*J41 -> 6.5 | G41: =VLOOKUP(B41,$B$4:$J$72,6,0) -> 30 | H41: 2 | I41: =(G41-J41*2)/H41 -> 7 | J41: 8 | K41: =VLOOKUP(B41,$B$4:$K$36,2,0) -> 136.179 | L41: =VLOOKUP(B41,$B$4:$K$36,3,0) -> 186.179 | M41: =ROUND((L41-5)/12.5,0)-1 -> 13 | N41: =(L41-5-P41)/M41 -> 13.321462 | O41: =(K41-P41-5)/M41 -> 9.4753077 | P41: 8 | Q41: =VLOOKUP($B41,$B$4:$K$36,7,0) -> 40 | R41: 3 | S41: =(Q41-2*J41)/R41 -> 8 | T41: =VLOOKUP($B41,$B$4:$K$36,4,0) -> 2000 | U41: =ROUNDDOWN(T41/V41,0)-1 -> 159 | V41: 12.5 | W41: =VLOOKUP($B41,$B$4:$K$36,5,0) -> 2000 | X41: =U41 -> 159 | Y41: =(W41-Z41*2)/X41 -> 12.5 | Z41: =(T41-U41*V41)/2 -> 6.25 | AA41: =L41-M41*12.5-5 -> 18.679
B42: =B7 -> ZU4-2 | C42: =VLOOKUP(B42,$B$4:$K$36,8,0) -> 860 | D42: =ROUNDDOWN((C42/E42-1),0) -> 67 | E42: =12.5 -> 12.5 | F42: =C42-D42*E42-2*J42 -> 6.5 | G42: =VLOOKUP(B42,$B$4:$J$72,6,0) -> 30 | H42: 2 | I42: =(G42-J42*2)/H42 -> 7 | J42: 8 | K42: =VLOOKUP(B42,$B$4:$K$36,2,0) -> 186.254 | L42: =VLOOKUP(B42,$B$4:$K$36,3,0) -> 236.254 | M42: =ROUND((L42-5)/12.5,0)-1 -> 18 | N42: =(L42-5-P42)/M42 -> 12.403 | O42: =(K42-P42-5)/M42 -> 9.6252222 | P42: 8 | Q42: =VLOOKUP($B42,$B$4:$K$36,7,0) -> 40 | R42: 4 | S42: =(Q42-2*J42)/R42 -> 6 | T42: =VLOOKUP($B42,$B$4:$K$36,4,0) -> 2000 | U42: =ROUNDDOWN(T42/V42,0)-1 -> 159 | V42: 12.5 | W42: =VLOOKUP($B42,$B$4:$K$36,5,0) -> 2000 | X42: =U42 -> 159 | Y42: =(W42-Z42*2)/X42 -> 12.5 | Z42: =(T42-U42*V42)/2 -> 6.25 | AA42: =L42-M42*12.5-5 -> 6.254
B43: =B8 -> ZU5-2 | C43: =VLOOKUP(B43,$B$4:$K$36,8,0) -> 860 | D43: =ROUNDDOWN((C43/E43-1),0) -> 67 | E43: =12.5 -> 12.5 | F43: =C43-D43*E43-2*J43 -> 6.5 | G43: =VLOOKUP(B43,$B$4:$J$72,6,0) -> 30 | H43: 2 | I43: =(G43-J43*2)/H43 -> 7 | J43: 8 | K43: =VLOOKUP(B43,$B$4:$K$36,2,0) -> 236.329 | L43: =VLOOKUP(B43,$B$4:$K$36,3,0) -> 286.329 | M43: =ROUND((L43-5)/12.5,0)-1 -> 22 | N43: =(L43-5-P43)/M43 -> 12.424045 | O43: =(K43-P43-5)/M43 -> 10.151318 | P43: 8 | Q43: =VLOOKUP($B43,$B$4:$K$36,7,0) -> 40 | R43: 4 | S43: =(Q43-2*J43)/R43 -> 6 | T43: =VLOOKUP($B43,$B$4:$K$36,4,0) -> 2000 | U43: =ROUNDDOWN(T43/V43,0)-1 -> 159 | V43: 12.5 | W43: =VLOOKUP($B43,$B$4:$K$36,5,0) -> 2000 | X43: =U43 -> 159 | Y43: =(W43-Z43*2)/X43 -> 12.5 | Z43: =(T43-U43*V43)/2 -> 6.25 | AA43: =L43-M43*12.5-5 -> 6.329
B44: =B9 -> ZU6-2 | C44: =VLOOKUP(B44,$B$4:$K$36,8,0) -> 880 | D44: =ROUNDDOWN((C44/E44-1),0) -> 69 | E44: =12.5 -> 12.5 | F44: =C44-D44*E44-2*J44 -> 1.5 | G44: =VLOOKUP(B44,$B$4:$J$72,6,0) -> 40 | H44: 3 | I44: =(G44-J44*2)/H44 -> 8 | J44: 8 | K44: =VLOOKUP(B44,$B$4:$K$36,2,0) -> 286.404 | L44: =VLOOKUP(B44,$B$4:$K$36,3,0) -> 336.404 | M44: =ROUND((L44-5)/12.5,0)-1 -> 26 | N44: =(L44-5-P44)/M44 -> 12.438615 | O44: =(K44-P44-5)/M44 -> 10.515538 | P44: 8 | Q44: =VLOOKUP($B44,$B$4:$K$36,7,0) -> 50 | R44: 4 | S44: =(Q44-2*J44)/R44 -> 8.5 | T44: =VLOOKUP($B44,$B$4:$K$36,4,0) -> 2000 | U44: =ROUNDDOWN(T44/V44,0)-1 -> 159 | V44: 12.5 | W44: =VLOOKUP($B44,$B$4:$K$36,5,0) -> 2000 | X44: =U44 -> 159 | Y44: =(W44-Z44*2)/X44 -> 12.5 | Z44: =(T44-U44*V44)/2 -> 6.25 | AA44: =L44-M44*12.5-5 -> 6.404
B45: =B10 -> ZU7-2 | C45: =VLOOKUP(B45,$B$4:$K$36,8,0) -> 880 | D45: =ROUNDDOWN((C45/E45-1),0) -> 69 | E45: =12.5 -> 12.5 | F45: =C45-D45*E45-2*J45 -> 1.5 | G45: =VLOOKUP(B45,$B$4:$J$72,6,0) -> 40 | H45: 3 | I45: =(G45-J45*2)/H45 -> 8 | J45: 8 | K45: =VLOOKUP(B45,$B$4:$K$36,2,0) -> 336.479 | L45: =VLOOKUP(B45,$B$4:$K$36,3,0) -> 386.479 | M45: =ROUND((L45-5)/12.5,0)-1 -> 30 | N45: =(L45-5-P45)/M45 -> 12.4493 | O45: =(K45-P45-5)/M45 -> 10.782633 | P45: 8 | Q45: =VLOOKUP($B45,$B$4:$K$36,7,0) -> 50 | R45: 4 | S45: =(Q45-2*J45)/R45 -> 8.5 | T45: =VLOOKUP($B45,$B$4:$K$36,4,0) -> 2000 | U45: =ROUNDDOWN(T45/V45,0)-1 -> 159 | V45: 12.5 | W45: =VLOOKUP($B45,$B$4:$K$36,5,0) -> 2000 | X45: =U45 -> 159 | Y45: =(W45-Z45*2)/X45 -> 12.5 | Z45: =(T45-U45*V45)/2 -> 6.25 | AA45: =L45-M45*12.5-5 -> 6.479
B46: =B11 -> ZU8-2 | C46: =VLOOKUP(B46,$B$4:$K$36,8,0) -> 900 | D46: =ROUNDDOWN((C46/E46-2),0) -> 70 | E46: =12.5 -> 12.5 | F46: =C46-D46*E46-2*J46 -> 9 | G46: =VLOOKUP(B46,$B$4:$J$72,6,0) -> 50 | H46: 4 | I46: =(G46-J46*2)/H46 -> 8.5 | J46: 8 | K46: =VLOOKUP(B46,$B$4:$K$36,2,0) -> 386.554 | L46: =VLOOKUP(B46,$B$4:$K$36,3,0) -> 436.554 | M46: =ROUND((L46-5)/12.5,0)-1 -> 34 | N46: =(L46-5-P46)/M46 -> 12.457471 | O46: =(K46-P46-5)/M46 -> 10.986882 | P46: 8 | Q46: =VLOOKUP($B46,$B$4:$K$36,7,0) -> 60 | R46: 4 | S46: =(Q46-2*J46)/R46 -> 11 | T46: =VLOOKUP($B46,$B$4:$K$36,4,0) -> 2000 | U46: =ROUNDDOWN(T46/V46,0)-1 -> 159 | V46: 12.5 | W46: =VLOOKUP($B46,$B$4:$K$36,5,0) -> 2000 | X46: =U46 -> 159 | Y46: =(W46-Z46*2)/X46 -> 12.5 | Z46: =(T46-U46*V46)/2 -> 6.25 | AA46: =L46-M46*12.5-5 -> 6.554
B47: =B12 -> ZU9-2 | C47: =VLOOKUP(B47,$B$4:$K$36,8,0) -> 900 | D47: =ROUNDDOWN((C47/E47-2),0) -> 70 | E47: =12.5 -> 12.5 | F47: =C47-D47*E47-2*J47 -> 9 | G47: =VLOOKUP(B47,$B$4:$J$72,6,0) -> 50 | H47: 4 | I47: =(G47-J47*2)/H47 -> 8.5 | J47: 8 | K47: =VLOOKUP(B47,$B$4:$K$36,2,0) -> 436.629 | L47: =VLOOKUP(B47,$B$4:$K$36,3,0) -> 486.629 | M47: =ROUND((L47-5)/12.5,0)-1 -> 38 | N47: =(L47-5-P47)/M47 -> 12.463921 | O47: =(K47-P47-5)/M47 -> 11.148132 | P47: 8 | Q47: =VLOOKUP($B47,$B$4:$K$36,7,0) -> 60 | R47: 4 | S47: =(Q47-2*J47)/R47 -> 11 | T47: =VLOOKUP($B47,$B$4:$K$36,4,0) -> 2000 | U47: =ROUNDDOWN(T47/V47,0)-1 -> 159 | V47: 12.5 | W47: =VLOOKUP($B47,$B$4:$K$36,5,0) -> 2000 | X47: =U47 -> 159 | Y47: =(W47-Z47*2)/X47 -> 12.5 | Z47: =(T47-U47*V47)/2 -> 6.25 | AA47: =L47-M47*12.5-5 -> 6.629
B48: =B13 -> ZU10-2 | C48: =VLOOKUP(B48,$B$4:$K$36,8,0) -> 900 | D48: =ROUNDDOWN((C48/E48-2),0) -> 70 | E48: =12.5 -> 12.5 | F48: =C48-D48*E48-2*J48 -> 9 | G48: =VLOOKUP(B48,$B$4:$J$72,6,0) -> 50 | H48: 4 | I48: =(G48-J48*2)/H48 -> 8.5 | J48: 8 | K48: =VLOOKUP(B48,$B$4:$K$36,2,0) -> 486.644 | L48: =VLOOKUP(B48,$B$4:$K$36,3,0) -> 496.733 | M48: =ROUND((L48-5)/12.5,0)-1 -> 38 | N48: =(L48-5-P48)/M48 -> 12.729816 | O48: =(K48-P48-5)/M48 -> 12.464316 | P48: 8 | Q48: =VLOOKUP($B48,$B$4:$K$36,7,0) -> 60 | R48: 4 | S48: =(Q48-2*J48)/R48 -> 11 | T48: =VLOOKUP($B48,$B$4:$K$36,4,0) -> 2000 | U48: =ROUNDDOWN(T48/V48,0)-1 -> 159 | V48: 12.5 | W48: =VLOOKUP($B48,$B$4:$K$36,5,0) -> 2000 | X48: =U48 -> 159 | Y48: =(W48-Z48*2)/X48 -> 12.5 | Z48: =(T48-U48*V48)/2 -> 6.25 | AA48: =L48-M48*12.5-5 -> 16.733
B49: =B14 -> ZU11-2 | C49: =VLOOKUP(B49,$B$4:$K$36,8,0) -> 900 | D49: =ROUNDDOWN((C49/E49-2),0) -> 70 | E49: =12.5 -> 12.5 | F49: =C49-D49*E49-2*J49 -> 9 | G49: =VLOOKUP(B49,$B$4:$J$72,6,0) -> 50 | H49: 4 | I49: =(G49-J49*2)/H49 -> 8.5 | J49: 8 | K49: =VLOOKUP(B49,$B$4:$K$36,2,0) -> 480 | L49: =VLOOKUP(B49,$B$4:$K$36,3,0) -> 480 | M49: =ROUND((L49-5)/12.5,0)-1 -> 37 | N49: =(L49-5-P49)/M49 -> 12.621622 | O49: =(K49-P49-5)/M49 -> 12.621622 | P49: 8 | Q49: =VLOOKUP($B49,$B$4:$K$36,7,0) -> 60 | R49: 4 | S49: =(Q49-2*J49)/R49 -> 11 | T49: =VLOOKUP($B49,$B$4:$K$36,4,0) -> 2000 | U49: =ROUNDDOWN(T49/V49,0)-1 -> 159 | V49: 12.5 | W49: =VLOOKUP($B49,$B$4:$K$36,5,0) -> 2000 | X49: =U49 -> 159 | Y49: =(W49-Z49*2)/X49 -> 12.5 | Z49: =(T49-U49*V49)/2 -> 6.25 | AA49: =L49-M49*12.5-5 -> 12.5
B50: =B15 -> ZU12-2 | C50: =VLOOKUP(B50,$B$4:$K$36,8,0) -> 900 | D50: =ROUNDDOWN((C50/E50-2),0) -> 70 | E50: =12.5 -> 12.5 | F50: =C50-D50*E50-2*J50 -> 9 | G50: =VLOOKUP(B50,$B$4:$J$72,6,0) -> 50 | H50: 4 | I50: =(G50-J50*2)/H50 -> 8.5 | J50: 8 | K50: =VLOOKUP(B50,$B$4:$K$36,2,0) -> 430.364 | L50: =VLOOKUP(B50,$B$4:$K$36,3,0) -> 479.925 | M50: =ROUND((L50-5)/12.5,0)-1 -> 37 | N50: =(L50-5-P50)/M50 -> 12.619595 | O50: =(K50-P50-5)/M50 -> 11.280108 | P50: 8 | Q50: =VLOOKUP($B50,$B$4:$K$36,7,0) -> 60 | R50: 4 | S50: =(Q50-2*J50)/R50 -> 11 | T50: =VLOOKUP($B50,$B$4:$K$36,4,0) -> 2000 | U50: =ROUNDDOWN(T50/V50,0)-1 -> 159 | V50: 12.5 | W50: =VLOOKUP($B50,$B$4:$K$36,5,0) -> 2000 | X50: =U50 -> 159 | Y50: =(W50-Z50*2)/X50 -> 12.5 | Z50: =(T50-U50*V50)/2 -> 6.25 | AA50: =L50-M50*12.5-5 -> 12.425
B51: =B16 -> ZU13-2 | C51: =VLOOKUP(B51,$B$4:$K$36,8,0) -> 900 | D51: =ROUNDDOWN((C51/E51-2),0) -> 70 | E51: =12.5 -> 12.5 | F51: =C51-D51*E51-2*J51 -> 9 | G51: =VLOOKUP(B51,$B$4:$J$72,6,0) -> 50 | H51: 4 | I51: =(G51-J51*2)/H51 -> 8.5 | J51: 8 | K51: =VLOOKUP(B51,$B$4:$K$36,2,0) -> 380.29 | L51: =VLOOKUP(B51,$B$4:$K$36,3,0) -> 430.29 | M51: =ROUND((L51-5)/12.5,0)-1 -> 33 | N51: =(L51-5-P51)/M51 -> 12.645152 | O51: =(K51-P51-5)/M51 -> 11.13 | P51: 8 | Q51: =VLOOKUP($B51,$B$4:$K$36,7,0) -> 60 | R51: 4 | S51: =(Q51-2*J51)/R51 -> 11 | T51: =VLOOKUP($B51,$B$4:$K$36,4,0) -> 2000 | U51: =ROUNDDOWN(T51/V51,0)-1 -> 159 | V51: 12.5 | W51: =VLOOKUP($B51,$B$4:$K$36,5,0) -> 2000 | X51: =U51 -> 159 | Y51: =(W51-Z51*2)/X51 -> 12.5 | Z51: =(T51-U51*V51)/2 -> 6.25 | AA51: =L51-M51*12.5-5 -> 12.79
B52: =B17 -> ZU14-2 | C52: =VLOOKUP(B52,$B$4:$K$36,8,0) -> 880 | D52: =ROUNDDOWN((C52/E52-1),0) -> 69 | E52: =12.5 -> 12.5 | F52: =C52-D52*E52-2*J52 -> 1.5 | G52: =VLOOKUP(B52,$B$4:$J$72,6,0) -> 40 | H52: 3 | I52: =(G52-J52*2)/H52 -> 8 | J52: 8 | K52: =VLOOKUP(B52,$B$4:$K$36,2,0) -> 330.215 | L52: =VLOOKUP(B52,$B$4:$K$36,3,0) -> 380.215 | M52: =ROUND((L52-5)/12.5,0)-1 -> 29 | N52: =(L52-5-P52)/M52 -> 12.662586 | O52: =(K52-P52-5)/M52 -> 10.938448 | P52: 8 | Q52: =VLOOKUP($B52,$B$4:$K$36,7,0) -> 50 | R52: 4 | S52: =(Q52-2*J52)/R52 -> 8.5 | T52: =VLOOKUP($B52,$B$4:$K$36,4,0) -> 2000 | U52: =ROUNDDOWN(T52/V52,0)-1 -> 159 | V52: 12.5 | W52: =VLOOKUP($B52,$B$4:$K$36,5,0) -> 2000 | X52: =U52 -> 159 | Y52: =(W52-Z52*2)/X52 -> 12.5 | Z52: =(T52-U52*V52)/2 -> 6.25 | AA52: =L52-M52*12.5-5 -> 12.715
B53: =B18 -> ZU15-2 | C53: =VLOOKUP(B53,$B$4:$K$36,8,0) -> 880 | D53: =ROUNDDOWN((C53/E53-1),0) -> 69 | E53: =12.5 -> 12.5 | F53: =C53-D53*E53-2*J53 -> 1.5 | G53: =VLOOKUP(B53,$B$4:$J$72,6,0) -> 40 | H53: 3 | I53: =(G53-J53*2)/H53 -> 8 | J53: 8 | K53: =VLOOKUP(B53,$B$4:$K$36,2,0) -> 280.14 | L53: =VLOOKUP(B53,$B$4:$K$36,3,0) -> 330.14 | M53: =ROUND((L53-5)/12.5,0)-1 -> 25 | N53: =(L53-5-P53)/M53 -> 12.6856 | O53: =(K53-P53-5)/M53 -> 10.6856 | P53: 8 | Q53: =VLOOKUP($B53,$B$4:$K$36,7,0) -> 50 | R53: 4 | S53: =(Q53-2*J53)/R53 -> 8.5 | T53: =VLOOKUP($B53,$B$4:$K$36,4,0) -> 2000 | U53: =ROUNDDOWN(T53/V53,0)-1 -> 159 | V53: 12.5 | W53: =VLOOKUP($B53,$B$4:$K$36,5,0) -> 2000 | X53: =U53 -> 159 | Y53: =(W53-Z53*2)/X53 -> 12.5 | Z53: =(T53-U53*V53)/2 -> 6.25 | AA53: =L53-M53*12.5-5 -> 12.64
B54: =B19 -> ZU16-2 | C54: =VLOOKUP(B54,$B$4:$K$36,8,0) -> 860 | D54: =ROUNDDOWN((C54/E54-1),0) -> 67 | E54: =12.5 -> 12.5 | F54: =C54-D54*E54-2*J54 -> 6.5 | G54: =VLOOKUP(B54,$B$4:$J$72,6,0) -> 30 | H54: 2 | I54: =(G54-J54*2)/H54 -> 7 | J54: 8 | K54: =VLOOKUP(B54,$B$4:$K$36,2,0) -> 230.065 | L54: =VLOOKUP(B54,$B$4:$K$36,3,0) -> 280.065 | M54: =ROUND((L54-5)/12.5,0)-1 -> 21 | N54: =(L54-5-P54)/M54 -> 12.717381 | O54: =(K54-P54-5)/M54 -> 10.336429 | P54: 8 | Q54: =VLOOKUP($B54,$B$4:$K$36,7,0) -> 40 | R54: 3 | S54: =(Q54-2*J54)/R54 -> 8 | T54: =VLOOKUP($B54,$B$4:$K$36,4,0) -> 2000 | U54: =ROUNDDOWN(T54/V54,0)-1 -> 159 | V54: 12.5 | W54: =VLOOKUP($B54,$B$4:$K$36,5,0) -> 2000 | X54: =U54 -> 159 | Y54: =(W54-Z54*2)/X54 -> 12.5 | Z54: =(T54-U54*V54)/2 -> 6.25 | AA54: =L54-M54*12.5-5 -> 12.565
B55: =B20 -> ZU17-2 | C55: =VLOOKUP(B55,$B$4:$K$36,8,0) -> 860 | D55: =ROUNDDOWN((C55/E55-1),0) -> 67 | E55: =12.5 -> 12.5 | F55: =C55-D55*E55-2*J55 -> 6.5 | G55: =VLOOKUP(B55,$B$4:$J$72,6,0) -> 30 | H55: 2 | I55: =(G55-J55*2)/H55 -> 7 | J55: 8 | K55: =VLOOKUP(B55,$B$4:$K$36,2,0) -> 179.99 | L55: =VLOOKUP(B55,$B$4:$K$36,3,0) -> 229.99 | M55: =ROUND((L55-5)/12.5,0)-1 -> 17 | N55: =(L55-5-P55)/M55 -> 12.764118 | O55: =(K55-P55-5)/M55 -> 9.8229412 | P55: 8 | Q55: =VLOOKUP($B55,$B$4:$K$36,7,0) -> 40 | R55: 3 | S55: =(Q55-2*J55)/R55 -> 8 | T55: =VLOOKUP($B55,$B$4:$K$36,4,0) -> 2000 | U55: =ROUNDDOWN(T55/V55,0)-1 -> 159 | V55: 12.5 | W55: =VLOOKUP($B55,$B$4:$K$36,5,0) -> 2000 | X55: =U55 -> 159 | Y55: =(W55-Z55*2)/X55 -> 12.5 | Z55: =(T55-U55*V55)/2 -> 6.25 | AA55: =L55-M55*12.5-5 -> 12.49
B56: =B21 -> ZU18-2 | C56: =VLOOKUP(B56,$B$4:$K$36,8,0) -> 860 | D56: =ROUNDDOWN((C56/E56-1),0) -> 67 | E56: =12.5 -> 12.5 | F56: =C56-D56*E56-2*J56 -> 6.5 | G56: =VLOOKUP(B56,$B$4:$J$72,6,0) -> 30 | H56: 2 | I56: =(G56-J56*2)/H56 -> 7 | J56: 8 | K56: =VLOOKUP(B56,$B$4:$K$36,2,0) -> 129.915 | L56: =VLOOKUP(B56,$B$4:$K$36,3,0) -> 179.915 | M56: =ROUND((L56-5)/12.5,0)-1 -> 13 | N56: =(L56-5-P56)/M56 -> 12.839615 | O56: =(K56-P56-5)/M56 -> 8.9934615 | P56: 8 | Q56: =VLOOKUP($B56,$B$4:$K$36,7,0) -> 40 | R56: 3 | S56: =(Q56-2*J56)/R56 -> 8 | T56: =VLOOKUP($B56,$B$4:$K$36,4,0) -> 2000 | U56: =ROUNDDOWN(T56/V56,0)-1 -> 159 | V56: 12.5 | W56: =VLOOKUP($B56,$B$4:$K$36,5,0) -> 2000 | X56: =U56 -> 159 | Y56: =(W56-Z56*2)/X56 -> 12.5 | Z56: =(T56-U56*V56)/2 -> 6.25 | AA56: =L56-M56*12.5-5 -> 12.415
B57: =B22 -> ZU19-2 | C57: =VLOOKUP(B57,$B$4:$K$36,8,0) -> 860 | D57: =ROUNDDOWN((C57/E57-1),0) -> 67 | E57: =12.5 -> 12.5 | F57: =C57-D57*E57-2*J57 -> 6.5 | G57: =VLOOKUP(B57,$B$4:$J$72,6,0) -> 30 | H57: 2 | I57: =(G57-J57*2)/H57 -> 7 | J57: 8 | K57: =VLOOKUP(B57,$B$4:$K$36,2,0) -> 93.802 | L57: =VLOOKUP(B57,$B$4:$K$36,3,0) -> 129.845 | M57: =ROUND((L57-5)/12.5,0)-1 -> 9 | N57: =(L57-5-P57)/M57 -> 12.982778 | O57: =(K57-P57-5)/M57 -> 8.978 | P57: 8 | Q57: =VLOOKUP($B57,$B$4:$K$36,7,0) -> 40 | R57: 3 | S57: =(Q57-2*J57)/R57 -> 8 | T57: =VLOOKUP($B57,$B$4:$K$36,4,0) -> 1547.05 | U57: =ROUNDDOWN(T57/V57,0)-1 -> 122 | V57: 12.5 | W57: =VLOOKUP($B57,$B$4:$K$36,5,0) -> 1547.05 | X57: =U57 -> 122 | Y57: =(W57-Z57*2)/X57 -> 12.5 | Z57: =(T57-U57*V57)/2 -> 11.025 | AA57: =L57-M57*12.5-5 -> 12.345
B58: =B23 -> 东U10 | C58: =VLOOKUP(B58,$B$4:$K$36,8,0) -> 860 | D58: =ROUNDDOWN((C58/E58-1),0) -> 67 | E58: =12.5 -> 12.5 | F58: =C58-D58*E58-2*J58 -> 6.5 | G58: =VLOOKUP(B58,$B$4:$J$72,6,0) -> 30 | H58: 2 | I58: =(G58-J58*2)/H58 -> 7 | J58: 8 | K58: =VLOOKUP(B58,$B$4:$K$36,2,0) -> 125.466 | L58: =VLOOKUP(B58,$B$4:$K$36,3,0) -> 163.657 | M58: =ROUND((L58-5)/12.5,0)-1 -> 12 | N58: =(L58-5-P58)/M58 -> 12.55475 | O58: =(K58-P58-5)/M58 -> 9.3721667 | P58: 8 | Q58: =VLOOKUP($B58,$B$4:$K$36,7,0) -> 40 | R58: 4 | S58: =(Q58-2*J58)/R58 -> 6 | T58: =VLOOKUP($B58,$B$4:$K$36,4,0) -> 2000 | U58: =ROUNDDOWN(T58/V58,0)-1 -> 62 | V58: 31.5 | W58: =VLOOKUP($B58,$B$4:$K$36,5,0) -> 2000 | X58: =U58 -> 62 | Y58: =(W58-Z58*2)/X58 -> 31.5 | Z58: =(T58-U58*V58)/2 -> 23.5 | AA58: =L58-M58*12.5-5 -> 8.657
B59: =B24 -> 西U10-1 | C59: =VLOOKUP(B59,$B$4:$K$36,8,0) -> 2285 | D59: =ROUNDDOWN((C59/E59-1),0) -> 181 | E59: =12.5 -> 12.5 | F59: =C59-D59*E59-2*J59 -> 6.5 | G59: =VLOOKUP(B59,$B$4:$J$72,6,0) -> 30 | H59: 2 | I59: =(G59-J59*2)/H59 -> 7 | J59: 8 | K59: =VLOOKUP(B59,$B$4:$K$36,2,0) -> 130 | L59: =VLOOKUP(B59,$B$4:$K$36,3,0) -> 161.126 | M59: =ROUND((L59-5)/12.5,0)-1 -> 11 | N59: =(L59-5-P59)/M59 -> 13.466 | O59: =(K59-P59-5)/M59 -> 10.636364 | P59: 8 | Q59: =VLOOKUP($B59,$B$4:$K$36,7,0) -> 40 | R59: 4 | S59: =(Q59-2*J59)/R59 -> 6 | T59: =VLOOKUP($B59,$B$4:$K$36,4,0) -> 2000 | U59: =ROUNDDOWN(T59/V59,0)-1 -> 60 | V59: 32.5 | W59: =VLOOKUP($B59,$B$4:$K$36,5,0) -> 2000 | X59: =U59 -> 60 | Y59: =(W59-Z59*2)/X59 -> 32.5 | Z59: =(T59-U59*V59)/2 -> 25 | AA59: =L59-M59*12.5-5 -> 18.626
B60: =B25 -> 西U9-1 | C60: =VLOOKUP(B60,$B$4:$K$36,8,0) -> 2285 | D60: =ROUNDDOWN((C60/E60-1),0) -> 181 | E60: =12.5 -> 12.5 | F60: =C60-D60*E60-2*J60 -> 6.5 | G60: =VLOOKUP(B60,$B$4:$J$72,6,0) -> 30 | H60: 2 | I60: =(G60-J60*2)/H60 -> 7 | J60: 8 | K60: =VLOOKUP(B60,$B$4:$K$36,2,0) -> 161.21 | L60: =VLOOKUP(B60,$B$4:$K$36,3,0) -> 217.365 | M60: =ROUND((L60-5)/12.5,0)-1 -> 16 | N60: =(L60-5-P60)/M60 -> 12.772813 | O60: =(K60-P60-5)/M60 -> 9.263125 | P60: 8 | Q60: =VLOOKUP($B60,$B$4:$K$36,7,0) -> 40 | R60: 4 | S60: =(Q60-2*J60)/R60 -> 6 | T60: =VLOOKUP($B60,$B$4:$K$36,4,0) -> 2000 | U60: =ROUNDDOWN(T60/V60,0)-1 -> 58 | V60: 33.5 | W60: =VLOOKUP($B60,$B$4:$K$36,5,0) -> 2000 | X60: =U60 -> 58 | Y60: =(W60-Z60*2)/X60 -> 33.5 | Z60: =(T60-U60*V60)/2 -> 28.5 | AA60: =L60-M60*12.5-5 -> 12.365
B61: =B26 -> 西U6-1 | C61: =VLOOKUP(B61,$B$4:$K$36,8,0) -> 1350 | D61: =ROUNDDOWN((C61/E61-2),0) -> 106 | E61: =12.5 -> 12.5 | F61: =C61-D61*E61-2*J61 -> 9 | G61: =VLOOKUP(B61,$B$4:$J$72,6,0) -> 50 | H61: 4 | I61: =(G61-J61*2)/H61 -> 8.5 | J61: 8 | K61: =VLOOKUP(B61,$B$4:$K$36,2,0) -> 375.682 | L61: =VLOOKUP(B61,$B$4:$K$36,3,0) -> 454.681 | M61: =ROUND((L61-5)/12.5,0)-1 -> 35 | N61: =(L61-5-P61)/M61 -> 12.619457 | O61: =(K61-P61-5)/M61 -> 10.362343 | P61: 8 | Q61: =VLOOKUP($B61,$B$4:$K$36,7,0) -> 60 | R61: 4 | S61: =(Q61-2*J61)/R61 -> 11 | T61: =VLOOKUP($B61,$B$4:$K$36,4,0) -> 2000 | U61: =ROUNDDOWN(T61/V61,0)-1 -> 56 | V61: 34.5 | W61: =VLOOKUP($B61,$B$4:$K$36,5,0) -> 2000 | X61: =U61 -> 56 | Y61: =(W61-Z61*2)/X61 -> 34.5 | Z61: =(T61-U61*V61)/2 -> 34 | AA61: =L61-M61*12.5-5 -> 12.181
B62: =B27 -> 西U5-1 | C62: =VLOOKUP(B62,$B$4:$K$36,8,0) -> 1370 | D62: =ROUNDDOWN((C62/E62-1),0) -> 108 | E62: =12.5 -> 12.5 | F62: =C62-D62*E62-2*J62 -> 4 | G62: =VLOOKUP(B62,$B$4:$J$72,6,0) -> 60 | H62: 4 | I62: =(G62-J62*2)/H62 -> 11 | J62: 8 | K62: =VLOOKUP(B62,$B$4:$K$36,2,0) -> 454.799 | L62: =VLOOKUP(B62,$B$4:$K$36,3,0) -> 533.797 | M62: =ROUND((L62-5)/12.5,0)-1 -> 41 | N62: =(L62-5-P62)/M62 -> 12.702366 | O62: =(K62-P62-5)/M62 -> 10.775585 | P62: 8 | Q62: =VLOOKUP($B62,$B$4:$K$36,7,0) -> 70 | R62: 6 | S62: =(Q62-2*J62)/R62 -> 9 | T62: =VLOOKUP($B62,$B$4:$K$36,4,0) -> 2000 | U62: =ROUNDDOWN(T62/V62,0)-1 -> 55 | V62: 35.5 | W62: =VLOOKUP($B62,$B$4:$K$36,5,0) -> 2000 | X62: =U62 -> 55 | Y62: =(W62-Z62*2)/X62 -> 35.5 | Z62: =(T62-U62*V62)/2 -> 23.75 | AA62: =L62-M62*12.5-5 -> 16.297
B63: =B28 -> 西U4-1 | C63: =VLOOKUP(B63,$B$4:$K$36,8,0) -> 1370 | D63: =ROUNDDOWN((C63/E63-1),0) -> 108 | E63: =12.5 -> 12.5 | F63: =C63-D63*E63-2*J63 -> 4 | G63: =VLOOKUP(B63,$B$4:$J$72,6,0) -> 60 | H63: 4 | I63: =(G63-J63*2)/H63 -> 11 | J63: 8 | K63: =VLOOKUP(B63,$B$4:$K$36,2,0) -> 533.916 | L63: =VLOOKUP(B63,$B$4:$K$36,3,0) -> 612.914 | M63: =ROUND((L63-5)/12.5,0)-1 -> 48 | N63: =(L63-5-P63)/M63 -> 12.498208 | O63: =(K63-P63-5)/M63 -> 10.852417 | P63: 8 | Q63: =VLOOKUP($B63,$B$4:$K$36,7,0) -> 70 | R63: 6 | S63: =(Q63-2*J63)/R63 -> 9 | T63: =VLOOKUP($B63,$B$4:$K$36,4,0) -> 2000 | U63: =ROUNDDOWN(T63/V63,0)-1 -> 53 | V63: 36.5 | W63: =VLOOKUP($B63,$B$4:$K$36,5,0) -> 2000 | X63: =U63 -> 53 | Y63: =(W63-Z63*2)/X63 -> 36.5 | Z63: =(T63-U63*V63)/2 -> 32.75 | AA63: =L63-M63*12.5-5 -> 7.914
B64: =B29 -> 西U3-1 | C64: =VLOOKUP(B64,$B$4:$K$36,8,0) -> 1390 | D64: =ROUNDDOWN((C64/E64-2),0) -> 109 | E64: =12.5 -> 12.5 | F64: =C64-D64*E64-2*J64 -> 11.5 | G64: =VLOOKUP(B64,$B$4:$J$72,6,0) -> 70 | H64: 6 | I64: =(G64-J64*2)/H64 -> 9 | J64: 8 | K64: =VLOOKUP(B64,$B$4:$K$36,2,0) -> 613.033 | L64: =VLOOKUP(B64,$B$4:$K$36,3,0) -> 669.325 | M64: =ROUND((L64-5)/12.5,0)-1 -> 52 | N64: =(L64-5-P64)/M64 -> 12.621635 | O64: =(K64-P64-5)/M64 -> 11.539096 | P64: 8 | Q64: =VLOOKUP($B64,$B$4:$K$36,7,0) -> 80 | R64: 8 | S64: =(Q64-2*J64)/R64 -> 8 | T64: =VLOOKUP($B64,$B$4:$K$36,4,0) -> 2000 | U64: =ROUNDDOWN(T64/V64,0)-1 -> 52 | V64: 37.5 | W64: =VLOOKUP($B64,$B$4:$K$36,5,0) -> 2000 | X64: =U64 -> 52 | Y64: =(W64-Z64*2)/X64 -> 37.5 | Z64: =(T64-U64*V64)/2 -> 25 | AA64: =L64-M64*12.5-5 -> 14.325
B65: =B30 -> 西U2-1 | C65: =VLOOKUP(B65,$B$4:$K$36,8,0) -> 2667 | D65: =ROUNDDOWN((C65/E65-1),0) -> 212 | E65: =12.5 -> 12.5 | F65: =C65-D65*E65-2*J65 -> 1 | G65: =VLOOKUP(B65,$B$4:$J$72,6,0) -> 70 | H65: 6 | I65: =(G65-J65*2)/H65 -> 9 | J65: 8 | K65: =VLOOKUP(B65,$B$4:$K$36,2,0) -> 669.41 | L65: =VLOOKUP(B65,$B$4:$K$36,3,0) -> 725.702 | M65: =ROUND((L65-5)/12.5,0)-1 -> 57 | N65: =(L65-5-P65)/M65 -> 12.503544 | O65: =(K65-P65-5)/M65 -> 11.515965 | P65: 8 | Q65: =VLOOKUP($B65,$B$4:$K$36,7,0) -> 80 | R65: 8 | S65: =(Q65-2*J65)/R65 -> 8 | T65: =VLOOKUP($B65,$B$4:$K$36,4,0) -> 2000 | U65: =ROUNDDOWN(T65/V65,0)-1 -> 50 | V65: 38.5 | W65: =VLOOKUP($B65,$B$4:$K$36,5,0) -> 2000 | X65: =U65 -> 50 | Y65: =(W65-Z65*2)/X65 -> 38.5 | Z65: =(T65-U65*V65)/2 -> 37.5 | AA65: =L65-M65*12.5-5 -> 8.202
B66: =B31 -> 西U6-2 | C66: =VLOOKUP(B66,$B$4:$K$36,8,0) -> 954.5 | D66: =ROUNDDOWN((C66/E66-1),0) -> 75 | E66: =12.5 -> 12.5 | F66: =C66-D66*E66-2*J66 -> 1 | G66: =VLOOKUP(B66,$B$4:$J$72,6,0) -> 50 | H66: 4 | I66: =(G66-J66*2)/H66 -> 8.5 | J66: 8 | K66: =VLOOKUP(B66,$B$4:$K$36,2,0) -> 375.682 | L66: =VLOOKUP(B66,$B$4:$K$36,3,0) -> 454.681 | M66: =ROUND((L66-5)/12.5,0)-1 -> 35 | N66: =(L66-5-P66)/M66 -> 12.619457 | O66: =(K66-P66-5)/M66 -> 10.362343 | P66: 8 | Q66: =VLOOKUP($B66,$B$4:$K$36,7,0) -> 60 | R66: 4 | S66: =(Q66-2*J66)/R66 -> 11 | T66: =VLOOKUP($B66,$B$4:$K$36,4,0) -> 2000 | U66: =ROUNDDOWN(T66/V66,0)-1 -> 49 | V66: 39.5 | W66: =VLOOKUP($B66,$B$4:$K$36,5,0) -> 2000 | X66: =U66 -> 49 | Y66: =(W66-Z66*2)/X66 -> 39.5 | Z66: =(T66-U66*V66)/2 -> 32.25 | AA66: =L66-M66*12.5-5 -> 12.181
B67: =B32 -> 西U5-2 | C67: =VLOOKUP(B67,$B$4:$K$36,8,0) -> 974.5 | D67: =ROUNDDOWN((C67/E67-1),0) -> 76 | E67: =12.5 -> 12.5 | F67: =C67-D67*E67-2*J67 -> 8.5 | G67: =VLOOKUP(B67,$B$4:$J$72,6,0) -> 60 | H67: 4 | I67: =(G67-J67*2)/H67 -> 11 | J67: 8 | K67: =VLOOKUP(B67,$B$4:$K$36,2,0) -> 454.799 | L67: =VLOOKUP(B67,$B$4:$K$36,3,0) -> 533.797 | M67: =ROUND((L67-5)/12.5,0)-1 -> 41 | N67: =(L67-5-P67)/M67 -> 12.702366 | O67: =(K67-P67-5)/M67 -> 10.775585 | P67: 8 | Q67: =VLOOKUP($B67,$B$4:$K$36,7,0) -> 70 | R67: 6 | S67: =(Q67-2*J67)/R67 -> 9 | T67: =VLOOKUP($B67,$B$4:$K$36,4,0) -> 2000 | U67: =ROUNDDOWN(T67/V67,0)-1 -> 48 | V67: 40.5 | W67: =VLOOKUP($B67,$B$4:$K$36,5,0) -> 2000 | X67: =U67 -> 48 | Y67: =(W67-Z67*2)/X67 -> 40.5 | Z67: =(T67-U67*V67)/2 -> 28 | AA67: =L67-M67*12.5-5 -> 16.297
B68: =B33 -> 西U4-2 | C68: =VLOOKUP(B68,$B$4:$K$36,8,0) -> 920 | D68: =ROUNDDOWN((C68/E68-1),0) -> 72 | E68: =12.5 -> 12.5 | F68: =C68-D68*E68-2*J68 -> 4 | G68: =VLOOKUP(B68,$B$4:$J$72,6,0) -> 60 | H68: 4 | I68: =(G68-J68*2)/H68 -> 11 | J68: 8 | K68: =VLOOKUP(B68,$B$4:$K$36,2,0) -> 533.916 | L68: =VLOOKUP(B68,$B$4:$K$36,3,0) -> 612.914 | M68: =ROUND((L68-5)/12.5,0)-1 -> 48 | N68: =(L68-5-P68)/M68 -> 12.498208 | O68: =(K68-P68-5)/M68 -> 10.852417 | P68: 8 | Q68: =VLOOKUP($B68,$B$4:$K$36,7,0) -> 70 | R68: 6 | S68: =(Q68-2*J68)/R68 -> 9 | T68: =VLOOKUP($B68,$B$4:$K$36,4,0) -> 2000 | U68: =ROUNDDOWN(T68/V68,0)-1 -> 47 | V68: 41.5 | W68: =VLOOKUP($B68,$B$4:$K$36,5,0) -> 2000 | X68: =U68 -> 47 | Y68: =(W68-Z68*2)/X68 -> 41.5 | Z68: =(T68-U68*V68)/2 -> 24.75 | AA68: =L68-M68*12.5-5 -> 7.914
B69: =B34 -> 西U3-2 | C69: =VLOOKUP(B69,$B$4:$K$36,8,0) -> 1243 | D69: =ROUNDDOWN((C69/E69-1),0) -> 98 | E69: =12.5 -> 12.5 | F69: =C69-D69*E69-2*J69 -> 2 | G69: =VLOOKUP(B69,$B$4:$J$72,6,0) -> 70 | H69: 6 | I69: =(G69-J69*2)/H69 -> 9 | J69: 8 | K69: =VLOOKUP(B69,$B$4:$K$36,2,0) -> 613.033 | L69: =VLOOKUP(B69,$B$4:$K$36,3,0) -> 669.325 | M69: =ROUND((L69-5)/12.5,0)-1 -> 52 | N69: =(L69-5-P69)/M69 -> 12.621635 | O69: =(K69-P69-5)/M69 -> 11.539096 | P69: 8 | Q69: =VLOOKUP($B69,$B$4:$K$36,7,0) -> 80 | R69: 8 | S69: =(Q69-2*J69)/R69 -> 8 | T69: =VLOOKUP($B69,$B$4:$K$36,4,0) -> 2000 | U69: =ROUNDDOWN(T69/V69,0)-1 -> 46 | V69: 42.5 | W69: =VLOOKUP($B69,$B$4:$K$36,5,0) -> 2000 | X69: =U69 -> 46 | Y69: =(W69-Z69*2)/X69 -> 42.5 | Z69: =(T69-U69*V69)/2 -> 22.5 | AA69: =L69-M69*12.5-5 -> 14.325
B70: =B35 -> 0 | C70: =VLOOKUP(B70,$B$4:$K$36,8,0) -> 60 | D70: =ROUNDDOWN((C70/E70-1),0) -> 3 | E70: =12.5 -> 12.5 | F70: =C70-D70*E70-2*J70 -> 6.5 | G70: =VLOOKUP(B70,$B$4:$J$72,6,0) -> 30 | H70: 34 | I70: =(G70-J70*2)/H70 -> 0.41176471 | J70: 8 | K70: =VLOOKUP(B70,$B$4:$K$36,2,0) -> 0 | L70: =VLOOKUP(B70,$B$4:$K$36,3,0) -> 0 | M70: =ROUND((L70-5)/12.5,0)-1 -> -1 | N70: =(L70-5-P70)/M70 -> 13 | O70: =(K70-P70-5)/M70 -> 13 | P70: 8 | Q70: =VLOOKUP($B70,$B$4:$K$36,7,0) -> 40 | R70: 35 | S70: =(Q70-2*J70)/R70 -> 0.68571429 | T70: =VLOOKUP($B70,$B$4:$K$36,4,0) -> 0 | U70: =ROUNDDOWN(T70/V70,0)-1 -> -1 | V70: 43.5 | W70: =VLOOKUP($B70,$B$4:$K$36,5,0) -> 0 | X70: =U70 -> -1 | Y70: =(W70-Z70*2)/X70 -> 43.5 | Z70: =(T70-U70*V70)/2 -> 21.75 | AA70: =L70-M70*12.5-5 -> 7.5
B74: =B4 -> ZU1-2 | E74: 钢筋参数 | H74: 节段编号 | I74: =B74 -> ZU1-2 | J74: 编号 | K74: 规格 | L74: 大样(cm) | M74: 单根长(cm) | N74: 根数 | O74: 总长度(m) | P74: 每米重(kg) | Q74: 总重量(kg) | R74: 改大样（cm） | V74: 弯钩
H76: 净高 | J76: N1 | K76: ='1.U型槽主筋验算'!L2 -> 14 | M76: =(R76+S76)/2+ROUNDUP((IF(K76<26,10.927,11.212))*K76/10,0)*2 -> 1144.154 | N76: =ROUNDUP((H79/12.5),0)*IF(I77>600,2,1) -> 160 | O76: =M76*N76/100 -> 1830.6464 | P76: =ROUND(K76^2*PI()/4/1000000*7850,3) -> 1.208 | Q76: =O76*P76 -> 2211.4209 | R76: =(H77+I81-I84*2)*2+(T76)+(H81-I84*2)*2 -> 1095.232 | S76: =(I77+I81-I84*2)*2+(T76)+(H81-I84*2)*2 -> 1129.076 | T76: =R78 -> 849 | V76: =ROUNDUP((IF(K76<26,10.927,11.212))*K76/10,0) -> 16
E77: n | F77: n1' | G77: n1 | H77: =MIN(VLOOKUP(I74,$B$4:$J$70,2,0),VLOOKUP(I74,$B$4:$J$70,3,0)) -> 69.116 | I77: =MAX(VLOOKUP(I74,$B$4:$J$70,2,0),VLOOKUP(I74,$B$4:$J$70,3,0)) -> 86.038 | J77: N2 | K77: 12 | M77: =(R77+S77)/2+ROUNDUP((IF(K77<26,10.927,11.212))*K77/10,0)*2 -> 137.577 | N77: =ROUNDUP((H79/12.5*1),0)*2 -> 320 | O77: =M77*N77/100 -> 440.2464 | P77: =ROUND(K77^2*PI()/4/1000000*7850,3) -> 0.888 | Q77: =O77*P77 -> 390.9388 | R77: =H77+I81-I84*2 -> 101.116 | S77: =I77+I81-I84*2 -> 118.038 | T77: =ROUND(R77,1)&"~"&ROUND(S77,1) -> 101.1~118 | V77: =ROUNDUP((IF(K77<26,10.927,11.212))*K77/10,0) -> 14
E78: =VLOOKUP(I74,$B$39:$Z$70,3,0) -> 67 | F78: =VLOOKUP(I74,$B$39:$Z$70,17,0) -> 3 | G78: =VLOOKUP(I74,$B$39:$Z$70,12,0) -> 5 | H78: 节段宽 | J78: N3 | K78: 14 | M78: =R78+2*ROUNDUP((IF(K78<26,10.927,11.212))*K78/10,0) -> 881 | N78: =ROUNDUP(H79/12.5,0) -> 160 | O78: =M78*N78/100 -> 1409.6 | P78: =ROUND(K78^2*PI()/4/1000000*7850,3) -> 1.208 | Q78: =O78*P78 -> 1702.7968 | R78: =H83-I84*2-(K76+K83*2)/10 -> 849 | S78: - | V78: =ROUNDUP((IF(K78<26,10.927,11.212))*K78/10,0) -> 16
E79: m1 | F79: m2 | G79: m | H79: =MAX(VLOOKUP(I74,$B$4:$J$70,4,0),VLOOKUP(I74,$B$4:$J$70,5,0)) -> 2000 | I79: =MIN(VLOOKUP(I74,$B$4:$J$70,4,0),VLOOKUP(I74,$B$4:$J$70,5,0)) -> 2000 | J79: N4 | K79: 14 | M79: =R79+2*ROUNDUP((IF(K79<26,10.927,11.212))*K79/10,0) -> 139.96551 | N79: =ROUNDUP(H79/12.5,0)*2 -> 320 | O79: =M79*N79/100 -> 447.88964 | P79: =ROUND(K79^2*PI()/4/1000000*7850,3) -> 1.208 | Q79: =O79*P79 -> 541.05068 | R79: =((H81+I81-I84*2)+(20-I84*2^0.5))*(2^0.5) -> 107.96551 | S79: - | V79: =ROUNDUP((IF(K79<26,10.927,11.212))*K79/10,0) -> 16
E80: =VLOOKUP(I74,$B$39:$Z$70,20,0) -> 159 | F80: =VLOOKUP(I74,$B$39:$Z$70,23,0) -> 159 | G80: =VLOOKUP(I74,$B$39:$Z$70,7,0) -> 2 | H80: 边墙厚 | I80: 底板厚 | J80: N5 | K80: 12 | M80: =(R80+S80)/2+2*ROUNDUP((IF(K80<26,10.927,11.212))*K80/10,0) -> 2020 | N80: =4*(G78+1)+(G80-1)*2 -> 26 | O80: =M80*N80/100 -> 525.2 | P80: =ROUND(K80^2*PI()/4/1000000*7850,3) -> 0.888 | Q80: =O80*P80 -> 466.3776 | R80: =H79-I84*2 -> 1992 | S80: =I79-I84*2 -> 1992 | T80: =ROUND(S80,1)&"~"&ROUND(R80,1) -> 1992~1992 | V80: =ROUNDUP((IF(K80<26,10.927,11.212))*K80/10,0) -> 14
H81: =VLOOKUP(I74,$B$4:$J$70,6,0) -> 30 | I81: =VLOOKUP(I74,$B$4:$J$70,7,0) -> 40 | J81: N6 | K81: 12 | M81: =(R81+S81)/2+2*ROUNDUP((IF(K81<26,10.927,11.212))*K81/10,0) -> 2028.0716 | N81: =2*(E78+1)+F78*2 -> 142 | O81: =M81*N81/100 -> 2879.8617 | P81: =ROUND(K81^2*PI()/4/1000000*7850,3) -> 0.888 | Q81: =O81*P81 -> 2557.3171 | R81: =((I77-H77)^2+H79^2)^0.5 -> 2000.0716 | S81: =((I77-H77)^2+I79^2)^0.5 -> 2000.0716 | T81: =ROUND(S81,1)&"~"&ROUND(R81,1) -> 2000.1~2000.1 | V81: =ROUNDUP((IF(K81<26,10.927,11.212))*K81/10,0) -> 14
E82: 工程量 | H82: 结构宽度 | J82: N7 | K82: 8 | M82: =R82+11 -> 43 | N82: =ROUNDDOWN(((VLOOKUP(I74,$B$39:$Z$70,2,0))/(VLOOKUP(I74,$B$39:$Z$70,4,0))-1),0)/4*((VLOOKUP(I74,$B$39:$Z$70,20,0))+1) -> 2680 | O82: =M82*N82/100 -> 1152.4 | P82: =ROUND(K82^2*PI()/4/1000000*7850,3) -> 0.395 | Q82: =O82*P82 -> 455.198 | R82: =I81-2*I84 -> 32 | S82: - | X82: =VLOOKUP(I74,$B$39:$Z$70,4,0) -> 12.5
E83: c40 | F83: HPB300 | G83: HRB400 | H83: =VLOOKUP(I74,$B$4:$J$70,8,0) -> 860 | J83: N8 | K83: 8 | M83: =R83+11 -> 33 | N83: =ROUND(E80/4*G78,0)*2 -> 398 | O83: =M83*N83/100 -> 131.34 | P83: =ROUND(K83^2*PI()/4/1000000*7850,3) -> 0.395 | Q83: =O83*P83 -> 51.8793 | R83: =H81-2*I84 -> 22 | S83: -
E84: =IF(I74=0,0,ROUND(((H77+I77)/2*H81*2+H83*I81+0.2*0.2+0.25*0.05*2)*(H79+I79)/2/1000000,1)) -> 78.1 | F84: =IF(I74=0,0,ROUND(Q82+Q83,1)) -> 507.1 | G84: =IF(I74=0,0,ROUND(Q76+Q77+Q78+Q79+Q80+Q81,1)) -> 7869.9 | H84: 保护层 | I84: =$P$3 -> 4 | J84: 合计 | K84: ="C40混凝土:"&ROUND(((H77+I77)/2*H81*2+H83*I81+0.2*0.2+0.25*0.05*2)*(H79+I79)/2/1000000,1)&"m"&" "&"HPB300:"&ROUND(Q82+Q83,1)&"kg "&"HRB400:"&ROUND(Q76+Q77+Q78+Q79+Q80+Q81,1)&"kg" -> C40混凝土:78.1m HPB300:507.1kg HRB400:7869.9kg | R84: 指标 | S84: =ROUND(SUM(Q76:Q83)/ROUND(((H77+I77)/2*H81*2+H83*I81+0.2*0.2+0.25*0.05*2)*(H79+I79)/2/1000000,1),1) -> 107.3
B86: =B5 -> ZU2-2 | E86: 钢筋参数 | H86: 节段编号 | I86: =B86 -> ZU2-2 | J86: 编号 | K86: 规格 | L86: 大样(cm) | M86: 单根长(cm) | N86: 根数 | O86: 总长度(m) | P86: 每米重(kg) | Q86: 总重量(kg) | R86: 改大样（cm） | V86: 弯钩
H88: 净高 | J88: N1 | K88: ='1.U型槽主筋验算'!L3 -> 14 | M88: =(R88+S88)/2+ROUNDUP((IF(K88<26,10.927,11.212))*K88/10,0)*2 -> 1211.208 | N88: =ROUNDUP((H91/12.5),0)*IF(I89>600,2,1) -> 160 | O88: =M88*N88/100 -> 1937.9328 | P88: =ROUND(K88^2*PI()/4/1000000*7850,3) -> 1.208 | Q88: =O88*P88 -> 2341.0228 | R88: =(H89+I93-I96*2)*2+(T88)+(H93-I96*2)*2 -> 1129.208 | S88: =(I89+I93-I96*2)*2+(T88)+(H93-I96*2)*2 -> 1229.208 | T88: =R90 -> 849 | V88: =ROUNDUP((IF(K88<26,10.927,11.212))*K88/10,0) -> 16
E89: n | F89: n1' | G89: n1 | H89: =MIN(VLOOKUP(I86,$B$4:$J$70,2,0),VLOOKUP(I86,$B$4:$J$70,3,0)) -> 86.104 | I89: =MAX(VLOOKUP(I86,$B$4:$J$70,2,0),VLOOKUP(I86,$B$4:$J$70,3,0)) -> 136.104 | J89: N2 | K89: 12 | M89: =(R89+S89)/2+ROUNDUP((IF(K89<26,10.927,11.212))*K89/10,0)*2 -> 171.104 | N89: =ROUNDUP((H91/12.5*1),0)*2 -> 320 | O89: =M89*N89/100 -> 547.5328 | P89: =ROUND(K89^2*PI()/4/1000000*7850,3) -> 0.888 | Q89: =O89*P89 -> 486.20913 | R89: =H89+I93-I96*2 -> 118.104 | S89: =I89+I93-I96*2 -> 168.104 | T89: =ROUND(R89,1)&"~"&ROUND(S89,1) -> 118.1~168.1 | V89: =ROUNDUP((IF(K89<26,10.927,11.212))*K89/10,0) -> 14
E90: =VLOOKUP(I86,$B$39:$Z$70,3,0) -> 67 | F90: =VLOOKUP(I86,$B$39:$Z$70,17,0) -> 3 | G90: =VLOOKUP(I86,$B$39:$Z$70,12,0) -> 9 | H90: 节段宽 | J90: N3 | K90: 14 | M90: =R90+2*ROUNDUP((IF(K90<26,10.927,11.212))*K90/10,0) -> 881 | N90: =ROUNDUP(H91/12.5,0) -> 160 | O90: =M90*N90/100 -> 1409.6 | P90: =ROUND(K90^2*PI()/4/1000000*7850,3) -> 1.208 | Q90: =O90*P90 -> 1702.7968 | R90: =H95-I96*2-(K88+K95*2)/10 -> 849 | S90: - | V90: =ROUNDUP((IF(K90<26,10.927,11.212))*K90/10,0) -> 16
E91: m1 | F91: m2 | G91: m | H91: =MAX(VLOOKUP(I86,$B$4:$J$70,4,0),VLOOKUP(I86,$B$4:$J$70,5,0)) -> 2000 | I91: =MIN(VLOOKUP(I86,$B$4:$J$70,4,0),VLOOKUP(I86,$B$4:$J$70,5,0)) -> 2000 | J91: N4 | K91: 14 | M91: =R91+2*ROUNDUP((IF(K91<26,10.927,11.212))*K91/10,0) -> 139.96551 | N91: =ROUNDUP(H91/12.5,0)*2 -> 320 | O91: =M91*N91/100 -> 447.88964 | P91: =ROUND(K91^2*PI()/4/1000000*7850,3) -> 1.208 | Q91: =O91*P91 -> 541.05068 | R91: =((H93+I93-I96*2)+(20-I96*2^0.5))*(2^0.5) -> 107.96551 | S91: - | V91: =ROUNDUP((IF(K91<26,10.927,11.212))*K91/10,0) -> 16
E92: =VLOOKUP(I86,$B$39:$Z$70,20,0) -> 159 | F92: =VLOOKUP(I86,$B$39:$Z$70,23,0) -> 159 | G92: =VLOOKUP(I86,$B$39:$Z$70,7,0) -> 2 | H92: 边墙厚 | I92: 底板厚 | J92: N5 | K92: 12 | M92: =(R92+S92)/2+2*ROUNDUP((IF(K92<26,10.927,11.212))*K92/10,0) -> 2020 | N92: =4*(G90+1)+(G92-1)*2 -> 42 | O92: =M92*N92/100 -> 848.4 | P92: =ROUND(K92^2*PI()/4/1000000*7850,3) -> 0.888 | Q92: =O92*P92 -> 753.3792 | R92: =H91-I96*2 -> 1992 | S92: =I91-I96*2 -> 1992 | T92: =ROUND(S92,1)&"~"&ROUND(R92,1) -> 1992~1992 | V92: =ROUNDUP((IF(K92<26,10.927,11.212))*K92/10,0) -> 14
H93: =VLOOKUP(I86,$B$4:$J$70,6,0) -> 30 | I93: =VLOOKUP(I86,$B$4:$J$70,7,0) -> 40 | J93: N6 | K93: 12 | M93: =(R93+S93)/2+2*ROUNDUP((IF(K93<26,10.927,11.212))*K93/10,0) -> 2028.6249 | N93: =2*(E90+1)+F90*2 -> 142 | O93: =M93*N93/100 -> 2880.6474 | P93: =ROUND(K93^2*PI()/4/1000000*7850,3) -> 0.888 | Q93: =O93*P93 -> 2558.0149 | R93: =((I89-H89)^2+H91^2)^0.5 -> 2000.6249 | S93: =((I89-H89)^2+I91^2)^0.5 -> 2000.6249 | T93: =ROUND(S93,1)&"~"&ROUND(R93,1) -> 2000.6~2000.6 | V93: =ROUNDUP((IF(K93<26,10.927,11.212))*K93/10,0) -> 14
E94: 工程量 | H94: 结构宽度 | J94: N7 | K94: 8 | M94: =R94+11 -> 43 | N94: =ROUNDDOWN(((VLOOKUP(I86,$B$39:$Z$70,2,0))/(VLOOKUP(I86,$B$39:$Z$70,4,0))-1),0)/4*((VLOOKUP(I86,$B$39:$Z$70,20,0))+1) -> 2680 | O94: =M94*N94/100 -> 1152.4 | P94: =ROUND(K94^2*PI()/4/1000000*7850,3) -> 0.395 | Q94: =O94*P94 -> 455.198 | R94: =I93-2*I96 -> 32 | S94: -
E95: c40 | F95: HPB300 | G95: HRB400 | H95: =VLOOKUP(I86,$B$4:$J$70,8,0) -> 860 | J95: N8 | K95: 8 | M95: =R95+11 -> 33 | N95: =ROUND(E92/4*G90,0)*2 -> 716 | O95: =M95*N95/100 -> 236.28 | P95: =ROUND(K95^2*PI()/4/1000000*7850,3) -> 0.395 | Q95: =O95*P95 -> 93.3306 | R95: =H93-2*I96 -> 22 | S95: -
E96: =IF(I86=0,0,ROUND(((H89+I89)/2*H93*2+H95*I93+0.2*0.2+0.25*0.05*2)*(H91+I91)/2/1000000,1)) -> 82.1 | F96: =IF(I86=0,0,ROUND(Q94+Q95,1)) -> 548.5 | G96: =IF(I86=0,0,ROUND(Q88+Q89+Q90+Q91+Q92+Q93,1)) -> 8382.5 | H96: 保护层 | I96: =$P$3 -> 4 | J96: 合计 | K96: ="C40混凝土:"&ROUND(((H89+I89)/2*H93*2+H95*I93+0.2*0.2+0.25*0.05*2)*(H91+I91)/2/1000000,1)&"m"&" "&"HPB300:"&ROUND(Q94+Q95,1)&"kg "&"HRB400:"&ROUND(Q88+Q89+Q90+Q91+Q92+Q93,1)&"kg" -> C40混凝土:82.1m HPB300:548.5kg HRB400:8382.5kg | R96: 指标 | S96: =ROUND(SUM(Q88:Q95)/ROUND(((H89+I89)/2*H93*2+H95*I93+0.2*0.2+0.25*0.05*2)*(H91+I91)/2/1000000,1),1) -> 108.8
B98: =B6 -> ZU3-2 | E98: 钢筋参数 | H98: 节段编号 | I98: =B98 -> ZU3-2 | J98: 编号 | K98: 规格 | L98: 大样(cm) | M98: 单根长(cm) | N98: 根数 | O98: 总长度(m) | P98: 每米重(kg) | Q98: 总重量(kg) | R98: 改大样（cm） | V98: 弯钩
H100: 净高 | J100: N1 | K100: ='1.U型槽主筋验算'!L4 -> 14 | M100: =(R100+S100)/2+ROUNDUP((IF(K100<26,10.927,11.212))*K100/10,0)*2 -> 1311.358 | N100: =ROUNDUP((H103/12.5),0)*IF(I101>600,2,1) -> 160 | O100: =M100*N100/100 -> 2098.1728 | P100: =ROUND(K100^2*PI()/4/1000000*7850,3) -> 1.208 | Q100: =O100*P100 -> 2534.5927 | R100: =(H101+I105-I108*2)*2+(T100)+(H105-I108*2)*2 -> 1229.358 | S100: =(I101+I105-I108*2)*2+(T100)+(H105-I108*2)*2 -> 1329.358 | T100: =R102 -> 849 | V100: =ROUNDUP((IF(K100<26,10.927,11.212))*K100/10,0) -> 16
E101: n | F101: n1' | G101: n1 | H101: =MIN(VLOOKUP(I98,$B$4:$J$70,2,0),VLOOKUP(I98,$B$4:$J$70,3,0)) -> 136.179 | I101: =MAX(VLOOKUP(I98,$B$4:$J$70,2,0),VLOOKUP(I98,$B$4:$J$70,3,0)) -> 186.179 | J101: N2 | K101: 12 | M101: =(R101+S101)/2+ROUNDUP((IF(K101<26,10.927,11.212))*K101/10,0)*2 -> 221.179 | N101: =ROUNDUP((H103/12.5*1),0)*2 -> 320 | O101: =M101*N101/100 -> 707.7728 | P101: =ROUND(K101^2*PI()/4/1000000*7850,3) -> 0.888 | Q101: =O101*P101 -> 628.50225 | R101: =H101+I105-I108*2 -> 168.179 | S101: =I101+I105-I108*2 -> 218.179 | T101: =ROUND(R101,1)&"~"&ROUND(S101,1) -> 168.2~218.2 | V101: =ROUNDUP((IF(K101<26,10.927,11.212))*K101/10,0) -> 14
E102: =VLOOKUP(I98,$B$39:$Z$70,3,0) -> 67 | F102: =VLOOKUP(I98,$B$39:$Z$70,17,0) -> 3 | G102: =VLOOKUP(I98,$B$39:$Z$70,12,0) -> 13 | H102: 节段宽 | J102: N3 | K102: 14 | M102: =R102+2*ROUNDUP((IF(K102<26,10.927,11.212))*K102/10,0) -> 881 | N102: =ROUNDUP(H103/12.5,0) -> 160 | O102: =M102*N102/100 -> 1409.6 | P102: =ROUND(K102^2*PI()/4/1000000*7850,3) -> 1.208 | Q102: =O102*P102 -> 1702.7968 | R102: =H107-I108*2-(K100+K107*2)/10 -> 849 | S102: - | V102: =ROUNDUP((IF(K102<26,10.927,11.212))*K102/10,0) -> 16
E103: m1 | F103: m2 | G103: m | H103: =MAX(VLOOKUP(I98,$B$4:$J$70,4,0),VLOOKUP(I98,$B$4:$J$70,5,0)) -> 2000 | I103: =MIN(VLOOKUP(I98,$B$4:$J$70,4,0),VLOOKUP(I98,$B$4:$J$70,5,0)) -> 2000 | J103: N4 | K103: 14 | M103: =R103+2*ROUNDUP((IF(K103<26,10.927,11.212))*K103/10,0) -> 139.96551 | N103: =ROUNDUP(H103/12.5,0)*2 -> 320 | O103: =M103*N103/100 -> 447.88964 | P103: =ROUND(K103^2*PI()/4/1000000*7850,3) -> 1.208 | Q103: =O103*P103 -> 541.05068 | R103: =((H105+I105-I108*2)+(20-I108*2^0.5))*(2^0.5) -> 107.96551 | S103: - | V103: =ROUNDUP((IF(K103<26,10.927,11.212))*K103/10,0) -> 16
E104: =VLOOKUP(I98,$B$39:$Z$70,20,0) -> 159 | F104: =VLOOKUP(I98,$B$39:$Z$70,23,0) -> 159 | G104: =VLOOKUP(I98,$B$39:$Z$70,7,0) -> 2 | H104: 边墙厚 | I104: 底板厚 | J104: N5 | K104: 12 | M104: =(R104+S104)/2+2*ROUNDUP((IF(K104<26,10.927,11.212))*K104/10,0) -> 2020 | N104: =4*(G102+1)+(G104-1)*2 -> 58 | O104: =M104*N104/100 -> 1171.6 | P104: =ROUND(K104^2*PI()/4/1000000*7850,3) -> 0.888 | Q104: =O104*P104 -> 1040.3808 | R104: =H103-I108*2 -> 1992 | S104: =I103-I108*2 -> 1992 | T104: =ROUND(S104,1)&"~"&ROUND(R104,1) -> 1992~1992 | V104: =ROUNDUP((IF(K104<26,10.927,11.212))*K104/10,0) -> 14
H105: =VLOOKUP(I98,$B$4:$J$70,6,0) -> 30 | I105: =VLOOKUP(I98,$B$4:$J$70,7,0) -> 40 | J105: N6 | K105: 12 | M105: =(R105+S105)/2+2*ROUNDUP((IF(K105<26,10.927,11.212))*K105/10,0) -> 2028.6249 | N105: =2*(E102+1)+F102*2 -> 142 | O105: =M105*N105/100 -> 2880.6474 | P105: =ROUND(K105^2*PI()/4/1000000*7850,3) -> 0.888 | Q105: =O105*P105 -> 2558.0149 | R105: =((I101-H101)^2+H103^2)^0.5 -> 2000.6249 | S105: =((I101-H101)^2+I103^2)^0.5 -> 2000.6249 | T105: =ROUND(S105,1)&"~"&ROUND(R105,1) -> 2000.6~2000.6 | V105: =ROUNDUP((IF(K105<26,10.927,11.212))*K105/10,0) -> 14
E106: 工程量 | H106: 结构宽度 | J106: N7 | K106: 8 | M106: =R106+11 -> 43 | N106: =ROUNDDOWN(((VLOOKUP(I98,$B$39:$Z$70,2,0))/(VLOOKUP(I98,$B$39:$Z$70,4,0))-1),0)/4*((VLOOKUP(I98,$B$39:$Z$70,20,0))+1) -> 2680 | O106: =M106*N106/100 -> 1152.4 | P106: =ROUND(K106^2*PI()/4/1000000*7850,3) -> 0.395 | Q106: =O106*P106 -> 455.198 | R106: =I105-2*I108 -> 32 | S106: -
E107: c40 | F107: HPB300 | G107: HRB400 | H107: =VLOOKUP(I98,$B$4:$J$70,8,0) -> 860 | J107: N8 | K107: 8 | M107: =R107+11 -> 33 | N107: =ROUND(E104/4*G102,0)*2 -> 1034 | O107: =M107*N107/100 -> 341.22 | P107: =ROUND(K107^2*PI()/4/1000000*7850,3) -> 0.395 | Q107: =O107*P107 -> 134.7819 | R107: =H105-2*I108 -> 22 | S107: -
E108: =IF(I98=0,0,ROUND(((H101+I101)/2*H105*2+H107*I105+0.2*0.2+0.25*0.05*2)*(H103+I103)/2/1000000,1)) -> 88.1 | F108: =IF(I98=0,0,ROUND(Q106+Q107,1)) -> 590 | G108: =IF(I98=0,0,ROUND(Q100+Q101+Q102+Q103+Q104+Q105,1)) -> 9005.3 | H108: 保护层 | I108: =$P$3 -> 4 | J108: 合计 | K108: ="C40混凝土:"&ROUND(((H101+I101)/2*H105*2+H107*I105+0.2*0.2+0.25*0.05*2)*(H103+I103)/2/1000000,1)&"m"&" "&"HPB300:"&ROUND(Q106+Q107,1)&"kg "&"HRB400:"&ROUND(Q100+Q101+Q102+Q103+Q104+Q105,1)&"kg" -> C40混凝土:88.1m HPB300:590kg HRB400:9005.3kg | R108: 指标 | S108: =ROUND(SUM(Q100:Q107)/ROUND(((H101+I101)/2*H105*2+H107*I105+0.2*0.2+0.25*0.05*2)*(H103+I103)/2/1000000,1),1) -> 108.9
B110: =B18 -> ZU15-2 | E110: 钢筋参数 | H110: 节段编号 | I110: =B110 -> ZU15-2 | J110: 编号 | K110: 规格 | L110: 大样(cm) | M110: 单根长(cm) | N110: 根数 | O110: 总长度(m) | P110: 每米重(kg) | Q110: 总重量(kg) | R110: 改大样（cm） | V110: 弯钩
H112: 净高 | J112: N1 | K112: ='1.U型槽主筋验算'!L16 -> 18 | M112: =(R112+S112)/2+ROUNDUP((IF(K112<26,10.927,11.212))*K112/10,0)*2 -> 1666.88 | N112: =ROUNDUP((H115/12.5),0)*IF(I113>600,2,1) -> 160 | O112: =M112*N112/100 -> 2667.008 | P112: =ROUND(K112^2*PI()/4/1000000*7850,3) -> 1.998 | Q112: =O112*P112 -> 5328.682 | R112: =(H113+I117-I120*2)*2+(T112)+(H117-I120*2)*2 -> 1576.88 | S112: =(I113+I117-I120*2)*2+(T112)+(H117-I120*2)*2 -> 1676.88 | T112: =R114 -> 868.6 | V112: =ROUNDUP((IF(K112<26,10.927,11.212))*K112/10,0) -> 20
E113: n | F113: n1' | G113: n1 | H113: =MIN(VLOOKUP(I110,$B$4:$J$70,2,0),VLOOKUP(I110,$B$4:$J$70,3,0)) -> 280.14 | I113: =MAX(VLOOKUP(I110,$B$4:$J$70,2,0),VLOOKUP(I110,$B$4:$J$70,3,0)) -> 330.14 | J113: N2 | K113: 12 | M113: =(R113+S113)/2+ROUNDUP((IF(K113<26,10.927,11.212))*K113/10,0)*2 -> 375.14 | N113: =ROUNDUP((H115/12.5*1),0)*2 -> 320 | O113: =M113*N113/100 -> 1200.448 | P113: =ROUND(K113^2*PI()/4/1000000*7850,3) -> 0.888 | Q113: =O113*P113 -> 1065.9978 | R113: =H113+I117-I120*2 -> 322.14 | S113: =I113+I117-I120*2 -> 372.14 | T113: =ROUND(R113,1)&"~"&ROUND(S113,1) -> 322.1~372.1 | V113: =ROUNDUP((IF(K113<26,10.927,11.212))*K113/10,0) -> 14
E114: =VLOOKUP(I110,$B$39:$Z$70,3,0) -> 69 | F114: =VLOOKUP(I110,$B$39:$Z$70,17,0) -> 4 | G114: =VLOOKUP(I110,$B$39:$Z$70,12,0) -> 25 | H114: 节段宽 | J114: N3 | K114: 14 | M114: =R114+2*ROUNDUP((IF(K114<26,10.927,11.212))*K114/10,0) -> 900.6 | N114: =ROUNDUP(H115/12.5,0) -> 160 | O114: =M114*N114/100 -> 1440.96 | P114: =ROUND(K114^2*PI()/4/1000000*7850,3) -> 1.208 | Q114: =O114*P114 -> 1740.6797 | R114: =H119-I120*2-(K112+K119*2)/10 -> 868.6 | S114: - | V114: =ROUNDUP((IF(K114<26,10.927,11.212))*K114/10,0) -> 16
E115: m1 | F115: m2 | G115: m | H115: =MAX(VLOOKUP(I110,$B$4:$J$70,4,0),VLOOKUP(I110,$B$4:$J$70,5,0)) -> 2000 | I115: =MIN(VLOOKUP(I110,$B$4:$J$70,4,0),VLOOKUP(I110,$B$4:$J$70,5,0)) -> 2000 | J115: N4 | K115: 14 | M115: =R115+2*ROUNDUP((IF(K115<26,10.927,11.212))*K115/10,0) -> 168.24978 | N115: =ROUNDUP(H115/12.5,0)*2 -> 320 | O115: =M115*N115/100 -> 538.39931 | P115: =ROUND(K115^2*PI()/4/1000000*7850,3) -> 1.208 | Q115: =O115*P115 -> 650.38636 | R115: =((H117+I117-I120*2)+(20-I120*2^0.5))*(2^0.5) -> 136.24978 | S115: - | V115: =ROUNDUP((IF(K115<26,10.927,11.212))*K115/10,0) -> 16
E116: =VLOOKUP(I110,$B$39:$Z$70,20,0) -> 159 | F116: =VLOOKUP(I110,$B$39:$Z$70,23,0) -> 159 | G116: =VLOOKUP(I110,$B$39:$Z$70,7,0) -> 3 | H116: 边墙厚 | I116: 底板厚 | J116: N5 | K116: 12 | M116: =(R116+S116)/2+2*ROUNDUP((IF(K116<26,10.927,11.212))*K116/10,0) -> 2020 | N116: =4*(G114+1)+(G116-1)*2 -> 108 | O116: =M116*N116/100 -> 2181.6 | P116: =ROUND(K116^2*PI()/4/1000000*7850,3) -> 0.888 | Q116: =O116*P116 -> 1937.2608 | R116: =H115-I120*2 -> 1992 | S116: =I115-I120*2 -> 1992 | T116: =ROUND(S116,1)&"~"&ROUND(R116,1) -> 1992~1992 | V116: =ROUNDUP((IF(K116<26,10.927,11.212))*K116/10,0) -> 14
H117: =VLOOKUP(I110,$B$4:$J$70,6,0) -> 40 | I117: =VLOOKUP(I110,$B$4:$J$70,7,0) -> 50 | J117: N6 | K117: 12 | M117: =(R117+S117)/2+2*ROUNDUP((IF(K117<26,10.927,11.212))*K117/10,0) -> 2028.6249 | N117: =2*(E114+1)+F114*2 -> 148 | O117: =M117*N117/100 -> 3002.3649 | P117: =ROUND(K117^2*PI()/4/1000000*7850,3) -> 0.888 | Q117: =O117*P117 -> 2666.1 | R117: =((I113-H113)^2+H115^2)^0.5 -> 2000.6249 | S117: =((I113-H113)^2+I115^2)^0.5 -> 2000.6249 | T117: =ROUND(S117,1)&"~"&ROUND(R117,1) -> 2000.6~2000.6 | V117: =ROUNDUP((IF(K117<26,10.927,11.212))*K117/10,0) -> 14
E118: 工程量 | H118: 结构宽度 | J118: N7 | K118: 8 | M118: =R118+11 -> 53 | N118: =ROUNDDOWN(((VLOOKUP(I110,$B$39:$Z$70,2,0))/(VLOOKUP(I110,$B$39:$Z$70,4,0))-1),0)/4*((VLOOKUP(I110,$B$39:$Z$70,20,0))+1) -> 2760 | O118: =M118*N118/100 -> 1462.8 | P118: =ROUND(K118^2*PI()/4/1000000*7850,3) -> 0.395 | Q118: =O118*P118 -> 577.806 | R118: =I117-2*I120 -> 42 | S118: -
E119: c40 | F119: HPB300 | G119: HRB400 | H119: =VLOOKUP(I110,$B$4:$J$70,8,0) -> 880 | J119: N8 | K119: 8 | M119: =R119+11 -> 43 | N119: =ROUND(E116/4*G114,0)*2 -> 1988 | O119: =M119*N119/100 -> 854.84 | P119: =ROUND(K119^2*PI()/4/1000000*7850,3) -> 0.395 | Q119: =O119*P119 -> 337.6618 | R119: =H117-2*I120 -> 32 | S119: -
E120: =IF(I110=0,0,ROUND(((H113+I113)/2*H117*2+H119*I117+0.2*0.2+0.25*0.05*2)*(H115+I115)/2/1000000,1)) -> 136.8 | F120: =IF(I110=0,0,ROUND(Q118+Q119,1)) -> 915.5 | G120: =IF(I110=0,0,ROUND(Q112+Q113+Q114+Q115+Q116+Q117,1)) -> 13389.1 | H120: 保护层 | I120: =$P$3 -> 4 | J120: 合计 | K120: ="C40混凝土:"&ROUND(((H113+I113)/2*H117*2+H119*I117+0.2*0.2+0.25*0.05*2)*(H115+I115)/2/1000000,1)&"m"&" "&"HPB300:"&ROUND(Q118+Q119,1)&"kg "&"HRB400:"&ROUND(Q112+Q113+Q114+Q115+Q116+Q117,1)&"kg" -> C40混凝土:136.8m HPB300:915.5kg HRB400:13389.1kg | R120: 指标 | S120: =ROUND(SUM(Q112:Q119)/ROUND(((H113+I113)/2*H117*2+H119*I117+0.2*0.2+0.25*0.05*2)*(H115+I115)/2/1000000,1),1) -> 104.6
B122: =B19 -> ZU16-2 | E122: 钢筋参数 | H122: 节段编号 | I122: =B122 -> ZU16-2 | J122: 编号 | K122: 规格 | L122: 大样(cm) | M122: 单根长(cm) | N122: 根数 | O122: 总长度(m) | P122: 每米重(kg) | Q122: 总重量(kg) | R122: 改大样（cm） | V122: 弯钩
H124: 净高 | J124: N1 | K124: ='1.U型槽主筋验算'!L17 -> 16 | M124: =(R124+S124)/2+ROUNDUP((IF(K124<26,10.927,11.212))*K124/10,0)*2 -> 1502.93 | N124: =ROUNDUP((H127/12.5),0)*IF(I125>600,2,1) -> 160 | O124: =M124*N124/100 -> 2404.688 | P124: =ROUND(K124^2*PI()/4/1000000*7850,3) -> 1.578 | Q124: =O124*P124 -> 3794.5977 | R124: =(H125+I129-I132*2)*2+(T124)+(H129-I132*2)*2 -> 1416.93 | S124: =(I125+I129-I132*2)*2+(T124)+(H129-I132*2)*2 -> 1516.93 | T124: =R126 -> 848.8 | V124: =ROUNDUP((IF(K124<26,10.927,11.212))*K124/10,0) -> 18
E125: n | F125: n1' | G125: n1 | H125: =MIN(VLOOKUP(I122,$B$4:$J$70,2,0),VLOOKUP(I122,$B$4:$J$70,3,0)) -> 230.065 | I125: =MAX(VLOOKUP(I122,$B$4:$J$70,2,0),VLOOKUP(I122,$B$4:$J$70,3,0)) -> 280.065 | J125: N2 | K125: 12 | M125: =(R125+S125)/2+ROUNDUP((IF(K125<26,10.927,11.212))*K125/10,0)*2 -> 315.065 | N125: =ROUNDUP((H127/12.5*1),0)*2 -> 320 | O125: =M125*N125/100 -> 1008.208 | P125: =ROUND(K125^2*PI()/4/1000000*7850,3) -> 0.888 | Q125: =O125*P125 -> 895.2887 | R125: =H125+I129-I132*2 -> 262.065 | S125: =I125+I129-I132*2 -> 312.065 | T125: =ROUND(R125,1)&"~"&ROUND(S125,1) -> 262.1~312.1 | V125: =ROUNDUP((IF(K125<26,10.927,11.212))*K125/10,0) -> 14
E126: =VLOOKUP(I122,$B$39:$Z$70,3,0) -> 67 | F126: =VLOOKUP(I122,$B$39:$Z$70,17,0) -> 3 | G126: =VLOOKUP(I122,$B$39:$Z$70,12,0) -> 21 | H126: 节段宽 | J126: N3 | K126: 14 | M126: =R126+2*ROUNDUP((IF(K126<26,10.927,11.212))*K126/10,0) -> 880.8 | N126: =ROUNDUP(H127/12.5,0) -> 160 | O126: =M126*N126/100 -> 1409.28 | P126: =ROUND(K126^2*PI()/4/1000000*7850,3) -> 1.208 | Q126: =O126*P126 -> 1702.4102 | R126: =H131-I132*2-(K124+K131*2)/10 -> 848.8 | S126: - | V126: =ROUNDUP((IF(K126<26,10.927,11.212))*K126/10,0) -> 16
E127: m1 | F127: m2 | G127: m | H127: =MAX(VLOOKUP(I122,$B$4:$J$70,4,0),VLOOKUP(I122,$B$4:$J$70,5,0)) -> 2000 | I127: =MIN(VLOOKUP(I122,$B$4:$J$70,4,0),VLOOKUP(I122,$B$4:$J$70,5,0)) -> 2000 | J127: N4 | K127: 14 | M127: =R127+2*ROUNDUP((IF(K127<26,10.927,11.212))*K127/10,0) -> 139.96551 | N127: =ROUNDUP(H127/12.5,0)*2 -> 320 | O127: =M127*N127/100 -> 447.88964 | P127: =ROUND(K127^2*PI()/4/1000000*7850,3) -> 1.208 | Q127: =O127*P127 -> 541.05068 | R127: =((H129+I129-I132*2)+(20-I132*2^0.5))*(2^0.5) -> 107.96551 | S127: - | V127: =ROUNDUP((IF(K127<26,10.927,11.212))*K127/10,0) -> 16
E128: =VLOOKUP(I122,$B$39:$Z$70,20,0) -> 159 | F128: =VLOOKUP(I122,$B$39:$Z$70,23,0) -> 159 | G128: =VLOOKUP(I122,$B$39:$Z$70,7,0) -> 2 | H128: 边墙厚 | I128: 底板厚 | J128: N5 | K128: 12 | M128: =(R128+S128)/2+2*ROUNDUP((IF(K128<26,10.927,11.212))*K128/10,0) -> 2020 | N128: =4*(G126+1)+(G128-1)*2 -> 90 | O128: =M128*N128/100 -> 1818 | P128: =ROUND(K128^2*PI()/4/1000000*7850,3) -> 0.888 | Q128: =O128*P128 -> 1614.384 | R128: =H127-I132*2 -> 1992 | S128: =I127-I132*2 -> 1992 | T128: =ROUND(S128,1)&"~"&ROUND(R128,1) -> 1992~1992 | V128: =ROUNDUP((IF(K128<26,10.927,11.212))*K128/10,0) -> 14
...

Sheet U型槽主体数量
B2: 变更设计修改后 | G2: 施工图设计修改后 | L2: 施工图设计修改前
B3: U型槽工程量 | G3: U型槽工程量 | L3: U型槽工程量
B4: 节段 | C4: C35 | D4: HPB300 | E4: HRB400 | G4: 节段 | H4: C35 | I4: HPB300 | J4: HRB400 | L4: 节段 | M4: C35 | N4: HPB300 | O4: HRB400 | Q4: C35 | R4: HPB300 | S4: HRB400
B5: YU1 | C5: 197 | D5: 1334.4 | E5: 22752.8 | G5: YU1 | H5: 210.6 | I5: 1416.4 | J5: 24155.2 | L5: YU1 | M5: 210.6 | N5: 1416.4 | O5: 24155.2 | Q5: 78.31 | R5: 478.11 | S5: 5331.15
B6: YU2 | C6: 202.6 | D6: 1375.8 | E6: 25006 | G6: YU2 | H6: 215.1 | I6: 1457.8 | J6: 28460.4 | L6: YU2 | M6: 215.1 | N6: 1457.8 | O6: 28460.4 | Q6: 79.88 | R6: 478.11 | S6: 5366.66
B7: YU3 | C7: 267.1 | D7: 1794.7 | E7: 28314.3 | G7: YU3 | H7: 281.8 | I7: 1883.7 | J7: 32133 | L7: YU3 | M7: 281.8 | N7: 1883.7 | O7: 32133 | Q7: 80.4 | R7: 478.11 | S7: 5492.87
B8: YU4 | C8: 276.7 | D8: 1862.3 | E8: 34137.9 | G8: YU4 | H8: 290.1 | I8: 1937.7 | J8: 40223.8 | L8: YU4 | M8: 290.1 | N8: 1937.7 | O8: 40223.8 | Q8: 80.91 | R8: 478.11 | S8: 5504.31
B9: YU5 | C9: 349.2 | D9: 2324.4 | E9: 40460.1 | G9: YU5 | H9: 363.8 | I9: 2423.9 | J9: 42023.1 | L9: YU5 | M9: 363.8 | N9: 2423.9 | O9: 42023.1 | Q9: 81.43 | R9: 506.23 | S9: 5694.67
B10: YU6 | C10: 429.5 | D10: 2852.8 | E10: 42610.3 | G10: YU6 | H10: 445.6 | I10: 2956.6 | J10: 43856.4 | L10: YU6 | M10: 445.6 | N10: 2956.6 | O10: 43856.4 | Q10: 86.56 | R10: 562.48 | S10: 6053.22
B11: YU7 | C11: 312.5 | D11: 2086.1 | E11: 50271.7 | G11: YU7 | H11: 464.3 | I11: 3075 | J11: 59271 | L11: YU7 | M11: 464.3 | N11: 3075 | O11: 59271 | Q11: 96.29 | R11: 618.73 | S11: 6400.61
B12: YU8 | C12: 541 | D12: 3552.6 | E12: 64884.1 | G12: YU8 | H12: 556.4 | I12: 3657.5 | J12: 65987.3 | L12: YU8 | M12: 556.4 | N12: 3657.5 | O12: 65218.5 | Q12: 102.9 | R12: 646.85 | S12: 6728.08
B13: YU9 | C13: 564 | D13: 3706.7 | E13: 81022.5 | G13: YU9 | H13: 573.2 | I13: 3772.2 | J13: 81763.7 | L13: YU9 | M13: 573.2 | N13: 3772.2 | O13: 80933.4 | Q13: 108.16 | R13: 674.98 | S13: 6910.95
B14: YU10 | C14: 578.5 | D14: 3746 | E14: 84368.1 | G14: YU10 | H14: 581.6 | I14: 3772.2 | J14: 84613.7 | L14: YU10 | M14: 581.6 | N14: 3772.2 | O14: 83752.7 | Q14: 108.1 | R14: 674.98 | S14: 6910.56
B15: YU11 | C15: 646.7 | D15: 4211.9 | E15: 83383.8 | G15: YU11 | H15: 662.4 | I15: 4314.8 | J15: 84536.6 | L15: YU11 | M15: 662.4 | N15: 4314.8 | O15: 83662.6 | Q15: 117.55 | R15: 787.47 | S15: 7493.66
B16: YU12 | C16: 472.7 | D16: 3110.1 | E16: 68820.4 | G16: YU12 | H16: 564.8 | I16: 3703.6 | J16: 67413.8 | L16: YU12 | M16: 564.8 | N16: 3703.6 | O16: 66614.4 | Q16: 102.03 | R16: 674.98 | S16: 6773.06
... B23: YU19 | C23: 164.7 | D23: 1109.8 | E23: 21851.2 | G23: YU19 | H23: 166.5 | I23: 1120.3 | J23: 22077.8 | L23: YU19 | M23: 166.5 | N23: 1120.3 | O23: 22077.8 | Q23: 60.73 | R23: 370.53 | S23: 4137.69
B24: ZU1-1 | C24: 128.2 | D24: 865.6 | E24: 12485.4 | G24: ZU1-1 | H24: 132.6 | I24: 886.4 | J24: 12881.8 | L24: ZU1-1 | M24: 132.6 | N24: 886.4 | O24: 12881.8
B25: ZU2-1 | C25: 133.8 | D25: 907 | E25: 14229.1 | G25: ZU2-1 | H25: 137.1 | I25: 927.9 | J25: 15953.9 | L25: ZU2-1 | M25: 137.1 | N25: 927.9 | O25: 15953.9 | Q25: =SUM(Q5:Q23) -> 1701.4 | R25: =SUM(R5:R23) -> 10635.81 | S25: =SUM(S5:S23) -> 114246.18
B26: ZU3-1 | C26: 181.1 | D26: 1216.9 | E26: 16919.8 | G26: ZU3-1 | H26: 184.3 | I26: 1230.5 | J26: 18820.3 | L26: ZU3-1 | M26: 184.3 | N26: 1230.5 | O26: 18820.3
B27: ZU4-1 | C27: 181 | D27: 1203.6 | E27: 20241.1 | G27: ZU4-1 | H27: 192.6 | I27: 1284.5 | J27: 24783.2 | L27: ZU4-1 | M27: 192.6 | N27: 1284.5 | O27: 24783.2
B28: ZU5-1 | C28: 228.9 | D28: 1514.4 | E28: 24575.1 | G28: ZU5-1 | H28: 246.8 | I28: 1647.5 | J28: 26542.2 | L28: ZU5-1 | M28: 246.8 | N28: 1647.5 | O28: 26542.2
B29: ZU6-1 | C29: 282.6 | D29: 2056.9 | E29: 29603 | G29: ZU6-1 | H29: 309.1 | I29: 2056.9 | J29: 30497.9 | L29: ZU6-1 | M29: 309.1 | N29: 2056.9 | O29: 30497.9
B30: ZU7-1 | C30: 295.2 | D30: 1938 | E30: 34082.5 | G30: ZU7-1 | H30: 327.8 | I30: 2175.4 | J30: 47348.8 | L30: ZU7-1 | M30: 327.8 | N30: 2175.4 | O30: 47348.8
B31: ZU8-1 | C31: 355.4 | D31: 2634.6 | E31: 49599.2 | G31: ZU8-1 | H31: 400.4 | I31: 2634.6 | J31: 51781.1 | L31: ZU8-1 | M31: 400.4 | N31: 2634.6 | O31: 51012.3
B32: ZU9-1 | C32: 365.9 | D32: 2394.1 | E32: 46231.6 | G32: ZU9-1 | H32: 417.2 | I32: 2749.3 | J32: 66202 | L32: ZU9-1 | M32: 417.2 | N32: 2749.3 | O32: 65371.7
B33: ZU10-1 | C33: 370.1 | D33: 2394.1 | E33: 47656.8 | G33: ZU10-1 | H33: 425.6 | I33: 2749.3 | J33: 69053.3 | L33: ZU10-1 | M33: 425.6 | N33: 2749.3 | O33: 68192.4
B34: ZU11-1 | C34: 427.3 | D34: 2777.8 | E34: 48201.5 | G34: ZU11-1 | H34: 486.9 | I34: 3168.7 | J34: 68863 | L34: ZU11-1 | M34: 486.9 | N34: 3168.7 | O34: 67988.8
B35: ZU12-1 | C35: 359.2 | D35: 2680.7 | E35: 28737.1 | G35: ZU12-1 | H35: 408.8 | I35: 2680.7 | J35: 53207.9 | L35: ZU12-1 | M35: 408.8 | N35: 2680.7 | O35: 52408.6
B36: ZU13-1 | C36: 298.4 | D36: 1948.2 | E36: 30902.1 | G36: ZU13-1 | H36: 336.4 | I36: 2215.2 | J36: 42542.7 | L36: ZU13-1 | M36: 336.4 | N36: 2215.2 | O36: 42542.7
B37: ZU14-1 | C37: 308.8 | D37: 2037 | E37: 30379.7 | G37: ZU14-1 | H37: 322.2 | I37: 2116.1 | J37: 35982.3 | L37: ZU14-1 | M37: 322.2 | N37: 2116.1 | O37: 35982.3
... B42: ZU19-1 | C42: 184.8 | D42: 1230.5 | E42: 18862.3 | G42: ZU19-1 | H42: 109.9 | I42: 739 | J42: 12762.9 | L42: ZU19-1 | M42: 109.9 | N42: 739 | O42: 12762.9
C43: 78.1 | D43: 507.1 | E43: 7869.9 | G43: ZU1-2 | H43: 78.1 | I43: 507.1 | J43: 7881.5 | L43: ZU1-2 | M43: 78.1 | N43: 507.1 | O43: 7881.5
C44: 88.1 | D44: 590 | E44: 9005.3 | G44: ZU2-2 | H44: 82.1 | I44: 548.5 | J44: 8394.1 | L44: ZU2-2 | M44: 82.1 | N44: 548.5 | O44: 8394.1
C45: 82.1 | D45: 548.5 | E45: 8382.5 | G45: ZU3-2 | H45: 88.1 | I45: 590 | J45: 9016.9 | L45: ZU3-2 | M45: 88.1 | N45: 590 | O45: 9016.9
C46: 86.9 | D46: 579.7 | E46: 8898.9 | G46: ZU4-2 | H46: 94.2 | I46: 641.9 | J46: 9747.6 | L46: ZU4-2 | M46: 94.2 | N46: 641.9 | O46: 9747.6
C47: 89.9 | D47: 600.4 | E47: 10928 | G47: ZU5-2 | H47: 100.2 | I47: 683.3 | J47: 12310.5 | L47: ZU5-2 | M47: 100.2 | N47: 683.3 | O47: 12310.5
C48: 124.1 | D48: 821 | E48: 14577.4 | G48: ZU6-2 | H48: 137.8 | I48: 929.1 | J48: 13536.1 | L48: ZU6-2 | M48: 137.8 | N48: 929.1 | O48: 13536.1
C49: 120.1 | D49: 794 | E49: 11778.1 | G49: ZU7-2 | H49: 145.8 | I49: 983.1 | J49: 17146.1 | L49: ZU7-2 | M49: 145.8 | N49: 983.1 | O49: 17146.1
C50: 158.2 | D50: 1039.8 | E50: 17863.9 | G50: ZU8-2 | H50: 190.3 | I50: 1272.8 | J50: 21341 | L50: ZU8-2 | M50: 190.3 | N50: 1272.8 | O50: 21341
C51: 163.7 | D51: 1081.2 | E51: 21286.5 | G51: ZU9-2 | H51: 200.3 | I51: 1339.4 | J51: 25848.1 | L51: ZU9-2 | M51: 200.3 | N51: 1339.4 | O51: 25848.1
C52: 165.4 | D52: 970.5 | E52: 18810.9 | G52: ZU10-2 | H52: 206.3 | I52: 1339.4 | J52: 26407.1 | L52: ZU10-2 | M52: 206.3 | N52: 1339.4 | O52: 26407.1
C53: 166.7 | D53: 1081.2 | E53: 21565.7 | G53: ZU11-2 | H53: 204 | I53: 1322.6 | J53: 22971.1 | L53: ZU11-2 | M53: 204 | N53: 1322.6 | O53: 22971.1
C54: 163.8 | D54: 1081.2 | E54: 18761.8 | G54: ZU12-2 | H54: 199 | I54: 1322.6 | J54: 22583.3 | L54: ZU12-2 | M54: 199 | N54: 1322.6 | O54: 22583.3
... C61: 87.4 | D61: 590 | E61: 8963.3 | G61: ZU19-2 | H61: 63.6 | I61: 421.6 | J61: 6513.9 | L61: ZU19-2 | M61: 63.6 | N61: 421.6 | O61: 6513.9
C62: C35 | D62: HPB300 | E62: HRB400 | H62: C35 | I62: HPB300 | J62: HRB400 | M62: C35 | N62: HPB300 | O62: HRB400
A63: U型槽 | C63: =SUM(C5:C61) -> 14571.6 | D63: =SUM(D5:D61) -> 97030.6 | E63: =SUM(E5:E61) -> 1698285.1 | H63: =SUM(H5:H61) -> 15711.8 | I63: =SUM(I5:I61) -> 103887.5 | J63: =SUM(J5:J61) -> 1891168.3 | M63: =SUM(M5:M61) -> 15711.8 | N63: =SUM(N5:N61) -> 103887.5 | O63: =SUM(O5:O61) -> 1882901.3
A64: 机非分隔带 | C64: 1277.0076 | D64: 9085.4147 | E64: 162000.52 | H64: 1307.0075 | I64: 9290.1827 | J64: 164685.88 | M64: 1307.0075 | N64: 9290.1827 | O64: 164685.88

Sheet Sheet2
C3: 施工图设计修改前 | D3: 施工图设计修改后 | E3: 变更设计修改后
A4: U型槽主体 | B4: C35 | C4: 15711.8 | D4: 15711.8 | E4: 14571.6
B5: HPB300 | C5: 103887.5 | D5: 103887.5 | E5: 97030.6
B6: HRB400 | C6: 1882901.3 | D6: 1891168.3 | E6: 1698285.1
A7: 机非分隔带 | B7: C35 | C7: 1701.5 | D7: 1307.0075 | E7: 1277.0076
B8: HPB300 | C8: 10635.81 | D8: 9290.1827 | E8: 9085.4147
B9: HRB400 | C9: 114246.18 | D9: 164685.88 | E9: 162000.52
A10: 排水沟 | B10: C40防水混凝土 | C10: 411.88992 | D10: =K21 -> 281.72637 | E10: =D10 -> 281.72637
B11: HPB300钢筋 | C11: 1504.9824 | D11: =K22 -> 375.75054 | E11: =D11 -> 375.75054
B12: HRB400钢筋 | C12: 161052.92 | D12: =K23 -> 118807.36 | E12: =D12 -> 118807.36
B13: 聚氨酯防水涂料 | C13: 2673.324 | D13: =K24 -> 2763.1408 | E13: =D13 -> 2763.1408
A14: 防撞墩 | B14: C35防水混凝土 | C14: 0 | D14: 492.4894 | E14: 492.4894
B15: HPB300钢筋 | C15: 0 | D15: 2598.804 | E15: 2598.804
B16: HRB400钢筋 | C16: 0 | D16: 83274.022 | E16: 83274.022
B17: 钢管 | C17: 0 | D17: 16025.958 | E17: 16025.958
A19: 计算过程
C20: 非机水沟 | D20: 机动车道水沟 | E20: 盖板一 | F20: 盖板二 | G20: 泵站排水沟 | I20: 非机动车长度 | J20: 机动车长度 | K20: 合计
A21: 排水沟 | B21: C35防水混凝土 | C21: 0.09 | D21: 0.13 | E21: =0.049*2 -> 0.098 | F21: 0.029 | G21: =6.1*2 -> 12.2 | H21: =7.7*2 -> 15.4 | I21: =495.06*2-40 -> 950.12 | J21: =495.06*2-40 -> 950.12 | K21: =C21*I21+D21*J21+E21*495.06/10*9+F21*495.06/10+G21+H21 -> 281.72637
B22: HPB300钢筋 | C22: 0 | D22: 0 | E22: =0.38*2 -> 0.76 | F22: 0.75 | G22: 0 | H22: 0 | I22: =495.06*2-40 -> 950.12 | J22: =495.06*2 -> 990.12 | K22: =C22*I22+D22*J22+E22*495.06/10*9+F22*495.06/10+G22+H22 -> 375.75054
B23: HRB400钢筋 | C23: 40.49 | D23: 53.77 | E23: =(10.16+6.94)*2 -> 34.2 | F23: =2.85+9.89 -> 12.74 | G23: =2621.3*2 -> 5242.6 | H23: =2993.5*2 -> 5987 | I23: =495.06*2-40 -> 950.12 | J23: =495.06*2 -> 990.12 | K23: =C23*I23+D23*J23+E23*495.06/10*9+F23*495.06/10+G23+H23 -> 118807.36
B24: 聚氨酯防水涂料 | C24: =(35*2+12+40)/100 -> 1.22 | D24: =(55*2+12+40)/100 -> 1.62 | E24: 0 | F24: 0 | G24: 0 | H24: 0 | I24: =495.06*2-40 -> 950.12 | J24: =495.06*2 -> 990.12 | K24: =C24*I24+D24*J24+E24*495.06/10*9+F24*495.06/10+G24+H24 -> 2763.1408
A26: 防撞墩 | B26: =495.06*3+119.02 -> 1604.2 | C26: 0.307 | D26: =C26*1604.2 -> 492.4894
C27: 1.62 | D27: =C27*1604.2 -> 2598.804
C28: 51.91 | D28: =C28*1604.2 -> 83274.022
C29: 9.99 | D29: =C29*1604.2 -> 16025.958
